subject,condition,stress,window_start_s,sdnn,median_rr,cv_rr,rmssd,pnn50,pnn20,mean_hr,std_hr,min_hr,max_hr,hr_range,sd1,sd2,sd_ratio,lf_power,hf_power,lf_hf_ratio,total_power,lf_norm
S10,baseline,0,92.9,41.803995003484005,667.1428571428635,0.06220862645765465,18.035074124130595,2.2988505747126435,18.39080459770115,89.62980768916424,5.609225480720648,78.50467289719572,107.69230769230361,29.187634795107897,12.794267154319149,57.71875539620151,4.51129827914501,204.5311355790069,71.83147034222947,2.8473750377731553,276.36260592123637,74.00825263505385
S10,baseline,0,122.9,32.26006780159266,630.7142857143049,0.051123827974875274,10.66681753239882,0.0,7.526881720430108,95.33242806607842,4.913639405123097,85.53971486761618,107.69230769230361,22.15259282468743,7.572687966492272,44.98975823550127,5.941055333927997,398.1561737672889,34.928395840320526,11.399211563780629,433.08456960760947,91.93497106766769
S10,baseline,0,152.9,23.166617919239822,606.4285714285802,0.037987140005255084,8.069496164992788,0.0,3.0927835051546393,98.52050752251063,3.6312020216883805,88.42105263157683,105.52763819095429,17.106585559377464,5.73348746687908,32.256960382206316,5.626062770442369,107.34011457746766,14.534973725822509,7.384954152807969,121.87508830329017,88.07387635309706
S10,baseline,0,182.9,17.94133687183571,591.4285714285796,0.03037080627366268,6.3919914849145005,0.0,0.0,101.6602331844939,3.102563513318956,94.38202247190794,109.37499999999585,14.992977528087906,4.536149652183837,24.964103906016245,5.5033686761189164,22.773193067109766,12.309355672971039,1.8500719023917138,35.0825487400808,64.91316590431198
S10,baseline,0,212.9,17.650138334599976,579.9999999999841,0.03036820755435052,7.010081358634525,0.0,0.9900990099009901,103.32661456840202,3.0859628358869466,94.80812641083446,109.37499999999585,14.56687358916139,4.980584652376625,24.459119832519356,4.910893306641823,246.63542272649542,25.719946021304597,9.589266731827507,272.3553687478,90.55647548291176
S10,baseline,0,242.9,59.079589878842576,587.142857142851,0.09814732299182045,35.83449158523484,8.16326530612245,18.367346938775512,100.49716985427597,8.534697542957119,70.23411371237503,121.73913043478501,51.50501672240998,25.46679454085118,79.57536211867684,3.1246713044718026,1946.1979540575296,415.60305113526204,4.682828840503677,2361.8010051927918,82.40313005958193
S10,baseline,0,272.9,55.950191529349496,621.4285714285666,0.0894761738379083,36.00549965228746,7.446808510638298,19.148936170212767,96.66052211757363,8.104993083619899,70.23411371237503,121.73913043478501,51.50501672240998,25.585701830246336,74.87469349650463,2.926427189423076,1656.6496273786634,256.89008313791606,6.448865628219916,1913.5397105165794,86.57513707575131
S10,baseline,0,302.9,25.83715468194149,620.0000000000045,0.04141467896808901,12.606472295036593,0.0,11.702127659574469,96.33371034219587,3.8870040860572437,83.83233532934148,103.96039603960344,20.128060710261963,8.958766799375113,35.423969590540764,3.954112254937994,672.5719643887583,52.59896645962153,12.78679049530506,725.1709308483798,92.74668023467434
S10,baseline,0,332.9,26.57177696257489,604.2857142857088,0.04353296310191422,10.869901651106897,0.0,8.333333333333332,98.4726861886682,4.040116391853518,83.83233532934148,103.96039603960344,20.128060710261963,7.72302368765269,36.775991720382024,4.761864420949302,132.5206289938697,27.629015815000628,4.796429589863286,160.14964480887033,82.74800056661111
S10,baseline,0,362.9,23.821030694199465,588.571428571413,0.04055058437060346,9.283516223362437,0.0,5.0,102.30963449786725,4.278340558516563,95.45454545454471,116.34349030470688,20.88894485016216,6.596187438513067,33.03593979205054,5.008338544045014,143.04705120147852,24.901255111901303,5.744571932565385,167.94830631337982,85.17326214327086
S10,baseline,0,392.9,20.24148914166393,572.8571428571456,0.035179058668667273,9.058076055479765,0.0,4.854368932038835,104.405882471782,3.67405296548812,96.55172413793179,116.34349030470688,19.79176616677509,6.435434589407338,27.893026852417023,4.33428799017376,264.7297252233779,38.09484360185968,6.9492272494972145,302.8245688252376,87.4201608708161
S10,baseline,0,422.9,17.411792213767654,563.5714285714357,0.030954668094533847,6.965136002519161,0.0,1.9047619047619049,106.77061609121111,3.3538624988030503,98.36065573770271,118.30985915492731,19.949203417224595,4.9211089501225915,24.127239852330046,4.902805464554692,40.69427704024552,11.463840427673995,3.5497944425332824,52.15811746791951,78.02098506579543
S10,baseline,0,452.9,55.6143737676369,556.4285714285688,0.09579201232743773,21.391764712021843,4.9504950495049505,24.752475247524753,104.21749879898177,9.223755542029814,81.55339805824829,123.52941176471084,41.97601370646255,15.183001683104164,77.17119669296113,5.0827364906926285,291.2480885409245,61.4520249723098,4.739438426515001,352.7001135132343,82.5766926014885
S10,baseline,0,482.9,52.25268525758382,612.8571428571377,0.08524440376228215,26.654839001137244,6.25,41.66666666666667,98.60287222170889,8.571971186713293,81.55339805824829,123.52941176471084,41.97601370646255,18.923354248611798,71.43243589041172,3.774829501786236,120.77576860598421,385.1684568998793,0.3135660941139286,505.9442255058635,23.87136022458359
S10,baseline,0,512.9,35.31957876269125,597.1428571428987,0.05910905378672525,23.940697941136772,1.0204081632653061,46.93877551020408,100.76185101459843,5.984999655185204,86.7768595041337,118.30985915492731,31.532999650793613,16.975342596723934,46.976409310118115,2.7673320312948544,84.00107901552069,222.56003888994803,0.37743109425433613,306.56111790546873,27.401087127240736
S10,baseline,0,542.9,42.121474313353296,580.7142857142935,0.07247971431950223,33.28938977224681,7.920792079207921,42.57425742574257,103.74446874348855,7.038501013457425,76.22504537205252,118.30985915492731,42.08481378287479,23.655864371772484,54.67025953372884,2.3110658175299856,1782.236398023824,855.3785766030405,2.0835644552866968,2637.6149746268648,67.56999847090842
S10,baseline,0,572.9,54.83901967346491,587.1428571427941,0.09176981537515044,35.84190761922935,11.11111111111111,43.43434343434344,101.17166178308644,8.497343491108051,76.22504537205252,116.99164345404537,40.76659808199285,25.470920072148797,73.25208794410949,2.875910557475584,812.706308725253,342.0029174995837,2.376313964415939,1154.7092262248368,70.38190137116031
S10,baseline,0,602.9,48.13229586608209,595.7142857142799,0.07913422400031707,28.159400204955826,5.154639175257731,39.175257731958766,99.2014809614119,7.137423153348765,76.50273224043703,113.82113821138394,37.31840597094691,20.015072516703494,65.06022350738756,3.2505614682680677,1220.8889751206789,403.989600829569,3.0220802035835943,1624.878575950248,75.13724368029709
S10,baseline,0,632.9,40.94694436683081,584.2857142856701,0.0699127938257085,28.031323587022797,9.0,34.0,102.91061419226327,6.7809644396042925,82.51473477407549,117.64705882350529,35.1323240494298,19.919959400532118,54.37370433805138,2.7296091947154726,180.34300336932557,114.88338596008875,1.5697918533840736,295.2263893294143,61.08634251123751
S10,baseline,0,662.9,39.32780057519306,576.4285714286075,0.06774929334014002,28.385177944399576,12.871287128712872,38.613861386138616,103.83535502410416,7.09486006045893,89.74358974358634,122.44897959183446,32.70538984824812,20.16764953321861,51.832593109640754,2.570085969823408,1604.6712139817027,223.2034039300832,7.189277518744087,1827.874617911786,87.78891058813012
S10,baseline,0,692.9,43.591620739428855,582.857142857165,0.0746496311410567,24.569027217298352,8.91089108910891,33.663366336633665,103.31389853423838,7.675853820416672,86.95652173912356,122.44897959183446,35.4924578527109,17.423243324981847,59.134502529562916,3.3940008428152124,239.11023960157758,180.1101075107669,1.3275781293244948,419.2203471123445,57.03688793938711
S10,baseline,0,722.9,41.15607000840039,602.1428571428373,0.06886069509257421,22.29143005845161,5.05050505050505,31.313131313131315,100.86735200381922,7.026362175311411,86.95652173912356,113.82113821138394,26.86461647226038,15.842607885176287,56.00585659080002,3.5351412467390513,981.3239408998703,115.73975244287756,8.478711248187567,1097.063693342748,89.45004258684205
S10,baseline,0,752.9,30.66816202241676,616.4285714285143,0.04967701123044892,19.055011096970567,3.1578947368421053,21.052631578947366,97.42157058661479,4.735524965701636,84.3373493975939,107.9691516709673,23.63180227337341,13.534858828271982,41.205338491088256,3.044386277972654,443.9456811835388,70.53813085954705,6.293697830858422,514.4838120430859,86.2895334686177
S10,baseline,0,782.9,55.32384550639774,621.4285714286234,0.08720960682034234,28.84342580326055,8.695652173913043,28.26086956521739,95.23560431053178,7.6292649288594,75.26881720429286,107.14285714286758,31.874039938574725,20.499101193979357,75.50657331299391,3.6834089747881436,1825.4380481965165,226.34184739303294,8.064960453498117,2051.7798955895496,88.9685122717319
S10,baseline,0,812.9,56.999695352858886,608.5714285713948,0.09181158983010823,29.257183975537437,9.473684210526317,33.68421052631579,97.36731573513724,8.002505418279274,75.26881720429286,110.52631578946178,35.25749858516892,20.79660549686032,77.88088173900836,3.744884315412248,1776.2181465995104,580.6707525895318,3.058907545589944,2356.888899189042,75.36282882110697
S10,baseline,0,842.9,27.073788837689694,600.0000000000227,0.04489945596601563,17.214984319792432,3.061224489795918,18.367346938775512,99.69991542438466,4.399515864495696,89.36170212765872,110.52631578946178,21.16461366180306,12.227304318305883,36.28323460171599,2.967394419667401,229.51161880861832,131.76261984804069,1.741856826111303,361.274238656659,63.52836550483668
S10,baseline,0,872.9,22.261219549048487,616.4285714285711,0.035923299322720696,14.178545387365805,1.0526315789473684,13.684210526315791,96.94608306477942,3.466104296854119,89.17197452230091,104.4776119402842,15.305637417983291,10.078842244813481,29.825169414875756,2.959186054352982,239.58934917009483,82.79108910915001,2.893902613773148,322.38043827924486,74.3188235765606
S10,baseline,0,902.9,40.58644521571619,625.0,0.0642678946718517,21.160120821675424,2.1505376344086025,31.182795698924732,95.38474829883039,5.944730475539476,79.2452830188669,111.70212765957811,32.45684464071121,15.012835082028436,55.3997640184187,3.6901600341121874,471.71488619813346,66.93367282458969,7.047497414856303,538.6485590227231,87.57377668548334
S10,baseline,0,932.9,50.93381349136523,656.4285714285916,0.0776110835640588,29.762878528730393,8.98876404494382,53.93258426966292,91.98442263712246,7.312187356235703,79.2452830188669,111.70212765957811,32.45684464071121,21.163144054631093,68.85221889866216,3.2534021750702657,599.7428026998798,239.30410425639846,2.506195222031358,839.0469069562782,71.4790553099711
S10,baseline,0,962.9,40.89124058430686,655.0000000000296,0.06209082084384987,29.369277484916694,10.112359550561797,48.31460674157304,91.45942197984091,5.770528250258281,79.54545454545153,109.37499999999585,29.829545454544316,20.882768819336185,53.9267751630439,2.5823575230651863,312.0840595084187,204.98628449419067,1.522463126147658,517.0703440026093,60.35620938779731
S10,baseline,0,992.9,36.32649801868247,640.7142857142958,0.05651607654257019,25.2944090985372,5.4945054945054945,31.868131868131865,93.643319489599,5.322447834001249,79.54545454545153,109.37499999999585,29.829545454544316,17.984852934837622,48.12248935284776,2.675723261524809,436.0498296240028,99.00134918295983,4.404483708784203,535.0511788069626,81.49684495533505
S10,baseline,0,1022.9,33.82733213793571,607.1428571428896,0.054725714277752385,21.998437597091282,5.263157894736842,21.052631578947366,97.34121860360364,5.064344134584559,79.54545454545153,107.41687979539417,27.871425249942632,15.628991480030392,45.21406224237736,2.8929609629737567,387.5803700890288,110.47622054076979,3.5082696365956636,498.0565906297986,77.81854057968167
S10,baseline,0,1052.9,17.156347827024735,591.4285714284233,0.028988212876004244,12.112567263561086,2.0,5.0,101.46104816499576,2.8646677123880413,89.93576017130918,107.69230769229263,17.756547520983446,8.6015044730656,22.686883045573826,2.6375482471252103,37.3182820749195,18.356351092436018,2.032990210690457,55.67463316735552,67.0292374675238
S10,baseline,0,1082.9,21.110122330461227,580.7142857141798,0.03638621896472897,11.488527314265534,0.0,8.91089108910891,103.55533487410263,3.8081681750795124,95.45454545455334,114.75409836068881,19.299552906135474,8.163241563922428,28.716476399153237,3.517778590072129,110.63655540214842,40.106370555981215,2.758578097903919,150.74292595812963,73.39419392249215
S10,baseline,0,1112.9,31.65132916334552,592.8571428572695,0.05339550396284239,21.521204301573807,1.0101010101010102,33.33333333333333,101.5058509561879,5.429765988135484,88.98305084747426,114.75409836068881,25.771047513214555,15.29253846472798,42.06841502740159,2.750911179620819,425.7672021273322,135.43152214371545,3.1437821519536797,561.1987242710477,75.86745723279572
S10,baseline,0,1142.9,39.711819269728785,615.714285714148,0.06423672451258698,30.924245749935384,8.60215053763441,53.76344086021505,97.43239548016501,5.988090043827133,75.94936708858923,111.4058355437604,35.456468455171176,21.97158660129874,51.68468401417227,2.3523419110351,1286.797425108292,386.8398297602666,3.3264346794531203,1673.6372548685586,76.88627994895778
S10,baseline,0,1172.9,39.766946829059215,611.4285714286325,0.06463088604082488,30.066855503510148,7.526881720430108,55.91397849462365,97.89639590291361,6.012144672744006,75.94936708858923,111.4058355437604,35.456468455171176,21.314518715086262,52.043360884503635,2.4416859503221024,378.5208058446998,359.6006893955044,1.052614238534972,738.1214952402042,51.28163971454579
S10,baseline,0,1202.9,29.582160645513806,602.8571428571468,0.049311902742984706,27.459030099911065,2.0408163265306123,59.183673469387756,100.25956859629208,4.979910703558125,89.55223880596043,110.52631578946178,20.974076983501348,19.51508180463335,37.00500019014241,1.8962257273939038,324.59033271569797,267.66086746913095,1.2126925231352044,592.2512001848289,54.80619247616556
S10,amusement,0,1595.9,63.04129851526204,877.857142857124,0.07173134968857238,46.50131663704104,26.5625,78.125,68.6197463589565,4.960033945399186,59.154929577463655,82.19178082191576,23.0368512444521,33.00897520553883,82.81798230372968,2.5089534524486847,612.8917134387953,968.3392638809751,0.6329307674485972,1581.2309773197703,38.76041655075993
S10,amusement,0,1625.9,60.76836730737153,835.0000000000364,0.07307689418748123,38.52109391790765,18.30985915492958,63.38028169014085,72.5453720762925,5.467980871188952,62.31454005933869,86.06557377049789,23.751033711159202,27.38199672245251,81.46051304711284,2.974966138255264,1154.0441574419879,582.0516069135315,1.9827179303938087,1736.0957643555193,66.47353107680652
S10,amusement,0,1655.9,49.74235512850448,781.4285714287053,0.0631461854204103,36.60020887339624,18.91891891891892,56.75675675675676,76.46302364591915,4.748748383181326,65.93406593407647,86.06557377049789,20.13150783642142,26.029465523322646,65.35342922931183,2.510748027874585,712.782626941483,434.4241145822744,1.6407529025566814,1147.2067415237575,62.13201170651611
S10,amusement,0,1685.9,38.16242466577461,771.428571428487,0.0488367408885598,31.93476182290933,14.864864864864865,47.2972972972973,76.95927616105806,3.6744430506231462,68.40390879478716,83.49900596420385,15.09509716941669,22.724619291345558,48.952354292773805,2.1541550890323085,506.81650177493987,379.4254119811459,1.3357473847854033,886.2419137560858,57.18715103723107
S10,amusement,0,1715.9,52.18808744872547,761.4285714286098,0.06861066612170194,30.334734717804157,10.38961038961039,46.75324675324675,79.25072014800074,5.477344819064306,68.40390879478716,90.90909090907964,22.50518211429248,21.58615526500794,70.5778353591735,3.26958805274523,858.3321629404813,253.9110639204889,3.3804441196357797,1112.2432268609703,77.17126454102223
S10,amusement,0,1745.9,79.22449334162063,742.8571428572468,0.10490923305935265,52.56005013030801,20.51282051282051,56.41025641025641,80.23483203400116,7.642303650097342,55.40897097625217,95.45454545455334,40.04557447830117,37.401107254227064,105.61343601375151,2.823805062664692,2447.238539191457,440.6490731776263,5.553713120383602,2887.8876123690834,84.7414743118712
S10,amusement,0,1775.9,77.41236455156397,775.000000000091,0.09894380016200634,53.91881021720054,26.666666666666668,53.333333333333336,77.3985952932786,7.3575320614736714,55.40897097625217,95.45454545455334,40.04557447830117,38.381356363103855,102.52911710659028,2.671326050507999,3580.6708910060897,779.4736737039394,4.593703433229875,4360.144564710029,82.12275620370907
S10,amusement,0,1805.9,53.27446177895925,777.857142857215,0.06819213143353606,34.63316015489359,13.333333333333334,52.0,77.14576674057399,5.139855652684341,64.51612903225364,86.41975308643771,21.903624054184064,24.645663205482794,71.1964032858226,2.8888004632792312,1705.522054470813,538.5167271633184,3.1670734973355277,2244.0387816341313,76.0023431158723
S10,amusement,0,1835.9,68.73960189933153,755.714285714248,0.08962420276666616,35.41642709635718,11.842105263157894,52.63157894736842,78.83338361381334,6.868220455116549,64.51612903225364,93.95973154363314,29.443602511379495,25.20771922419714,93.8873613968952,3.724548046646433,1728.335754194493,369.35466225360295,4.679339211935543,2097.6904164480957,82.39231779115381
S10,amusement,0,1865.9,70.54254226016937,774.9999999999773,0.09072557109249389,37.04492584161341,17.333333333333336,54.666666666666664,77.79721504058787,7.078124050144253,65.01547987614919,93.95973154363314,28.944251667483954,26.357276265459717,96.21743358103976,3.650507458053597,3437.7012066522893,320.25937940918095,10.734115619015466,3757.96058606147,91.4778409173038
S10,amusement,0,1895.9,68.10158676168341,771.4285714286007,0.08908780097723713,35.109159221244816,16.883116883116884,50.649350649350644,79.11750689601512,7.1708215653849114,65.83072100313368,92.30769230771168,26.476971304578,24.984685699594497,93.01299758319082,3.7228003866664783,1162.1760032277737,458.1310488100196,2.5367763356063464,1620.3070520377933,71.72566469831462
S10,meditation,0,2244.9,64.75470429846585,821.4285714284415,0.07886991533694225,47.471871824715784,32.3943661971831,61.97183098591549,73.5296942426591,5.828865651451558,60.431654676280345,88.79492600419384,28.363271327913495,33.803090908275195,85.1098966196669,2.517814032172765,1536.8019296899984,870.2468436628844,1.7659379529853527,2407.0487733528826,63.84589904048019
S10,meditation,0,2274.9,69.86957906712114,807.1428571429351,0.08679242675484064,48.36522362218962,35.61643835616438,60.273972602739725,75.0975745630784,6.626435658655795,63.6363636363689,88.98305084744425,25.34668721107535,34.434292474869665,92.61638980109578,2.6896556642970877,1934.2674017129073,914.5248262344738,2.1150518238823435,2848.792227947381,67.89780534842973
S10,meditation,0,2304.9,75.18472929411887,795.714285714439,0.09509488021444662,52.47592887091831,36.486486486486484,68.91891891891892,76.56197122087326,7.205149451514139,63.25301204818532,90.12875536480088,26.875743316615562,37.348358037920065,99.55193212555547,2.66549688809558,2170.3016507454186,2108.266577591831,1.0294246817802555,4278.56822833725,50.724951313651204
S10,meditation,0,2334.9,78.29716481282122,787.1428571429533,0.09860432600661588,53.65896305805241,32.87671232876712,69.86301369863014,76.27156659572063,7.334069779099107,62.314540059353405,90.12875536480088,27.814215305447476,38.20373493071108,103.92962365368281,2.7204047939861566,1959.272291089601,2158.6544432558326,0.9076359105140007,4117.926734345434,47.579095440148414
S10,meditation,0,2364.9,66.82293477012416,770.0000000002092,0.08535355380708289,44.769468209429476,24.65753424657534,57.534246575342465,77.16261543268072,6.24983183737509,62.314540059353405,86.77685950416223,24.462319444808827,31.872756824421774,88.96480537266304,2.7912491493203935,2326.462073065184,1041.9584315845555,2.232778201647856,3368.4205046497395,69.06685403006409
S10,meditation,0,2394.9,85.14198906038033,765.7142857142389,0.10786048997804054,51.984341483893495,31.08108108108108,64.86486486486487,76.82885581459271,7.739026871948361,58.98876404493719,89.36170212768897,30.37293808275178,37.00445345619256,114.58179186382243,3.096432487496923,7523.771626468533,649.420655893702,11.58535928629291,8173.192282362235,92.05425941960091
S10,meditation,0,2424.9,98.52019507982436,797.1428571427168,0.12105662751771076,58.39209867961498,36.11111111111111,69.44444444444444,74.79072026121311,8.986948172196074,58.98876404493719,93.33333333330503,34.34456928836784,41.55975552958314,132.9858804439576,3.19987157646525,8573.059677276126,350.13929382031836,24.48471173782506,8923.198971096444,96.07607882605251
S10,meditation,0,2454.9,105.13491443425359,780.714285714339,0.13074033291788129,49.27571582412755,23.28767123287671,50.68493150684932,75.86133801695783,9.746132081366545,59.574468085085634,93.33333333330503,33.7588652482194,35.08259576283582,144.48498863458826,4.118423551419364,3035.0810651075,258.5152133150745,11.740435025804025,3293.5962784225744,92.15097445279822
S10,meditation,0,2484.9,112.41345365227346,759.285714285852,0.14176892679524197,54.62966534293509,26.027397260273972,64.38356164383562,77.1304211387754,10.512828777787883,59.574468085085634,92.92035398235735,33.34588589727172,38.88959001105923,154.14658255321586,3.9636978047179316,12224.311146772474,472.3312357563232,25.880801906310985,12696.642382528797,96.2798728866596
S10,meditation,0,2514.9,97.04458208986355,752.8571428572377,0.12520363204027507,53.25487426192156,25.333333333333336,64.0,78.55293245457992,9.310912661810354,60.60606060607397,92.92035398229191,32.31429337621795,37.8899374722018,131.90774982670717,3.4813398655904924,4470.93291291873,829.7594806466802,5.388227573409911,5300.69239356541,84.34620575881864
S10,meditation,0,2544.9,74.92367123622483,750.7142857143663,0.09867413887543723,47.211958127056995,20.77922077922078,57.14285714285714,79.75339308110048,7.571801931777332,64.51612903226942,92.92035398229191,28.404224950022495,33.59250948769667,100.4920709774996,2.991502347102262,6978.749420379458,883.9639842467293,7.894834568770814,7862.713404626187,88.75751997107473
S10,meditation,0,2574.9,78.80048634852734,744.285714285752,0.1030578168479686,45.64965669598711,18.666666666666668,64.0,79.26702167094486,7.877103074409139,62.686567164197825,92.7152317881126,30.02866462391478,32.468814857080595,106.60585987320542,3.283330800414401,3340.8164819624376,1189.5951666642188,2.8083642028661955,4530.411648626657,73.74200715237805
S10,stress,1,3192.9,34.048018088492675,455.7142857142935,0.07309172506418467,10.923896380537403,0.0,8.661417322834646,129.43246524046856,8.703726930699657,104.73815461346064,141.41414141410763,36.675986800646996,7.753620646523606,47.52279914292141,6.129110683823384,589.9109505825593,133.05295077205238,4.43365552706306,722.9639013546116,81.59618336091856
S10,stress,1,3222.9,59.52651511825071,481.42857142875073,0.11853926441735652,28.36432878445981,2.564102564102564,16.23931623931624,120.83861833777432,11.764713237591195,75.9493670886111,135.04823151136696,59.09886442275587,20.140963441903484,81.73832391160568,4.05831251058965,844.7366234297651,294.81241479039045,2.8653359935007043,1139.5490382201556,74.12902780815352
S10,stress,1,3252.9,56.90853172053003,532.1428571428442,0.10675541087956274,29.303993416474892,3.6036036036036037,12.612612612612612,113.66949337204467,10.725478485118737,75.9493670886111,133.33333333338723,57.38396624477613,20.807797785417662,77.744437206107,3.736312607795101,1560.6358936147,642.3938988268427,2.4294064692469464,2203.0297924415427,70.84043524827236
S10,stress,1,3282.9,38.711973841879164,554.28571428547,0.07107643968850924,15.658269568985078,0.9259259259259258,12.962962962962962,110.72429757188367,8.005613761840666,94.17040358744318,126.88821752262584,32.71781393518266,11.118823747820873,53.60602201183714,4.821195409482333,845.0818689059233,163.1156345472053,5.180875954973884,1008.1975034531287,83.82106343365007
S10,stress,1,3312.9,34.258587704027505,534.2857142854882,0.06376078635816755,13.95689729892396,0.0,11.926605504587156,112.10982795077872,6.985654078611237,94.17040358744318,126.88821752262584,32.71781393518266,9.902774077719297,47.4261186321919,4.789175059430881,585.9585156252427,151.75500434696738,3.8612137909174153,737.7135199722102,79.42900594356952
S10,stress,1,3342.9,53.44963436571292,540.7142857143299,0.0962425468340108,17.334098119427786,0.9615384615384616,15.384615384615385,108.93604253865264,9.51444500589238,75.67567567569179,123.89380530972255,48.21812963403076,12.312454307308228,74.57969091238743,6.0572562586583265,214.29492801955234,147.88594699587532,1.449055386077551,362.18087501542766,59.16793039125109
S10,stress,1,3372.9,46.693949088369386,579.2857142857883,0.07940761955652918,18.63132301845868,1.0204081632653061,19.387755102040817,102.64135791213727,7.774129564365501,75.67567567569179,122.09302325582816,46.417347580136365,13.222758644651146,64.6978238950876,4.892914227188067,581.0311732526754,374.236161334568,1.552578914823873,955.2673345872435,60.82393401463164
S10,stress,1,3402.9,38.51574487622985,558.5714285714403,0.06858006022788106,15.4189942560764,0.9523809523809524,14.285714285714285,107.31796207586787,7.148645688170348,88.60759493671294,120.68965517249202,32.08206023577908,10.954894713028093,53.35649434293937,4.870562040134009,600.122846861987,274.2702126145484,2.188071541350291,874.3930594765354,68.63307529239275
S10,stress,1,3432.9,56.0233186921097,557.1428571429351,0.09860732576063436,24.656547082845957,5.825242718446602,20.388349514563107,106.54025262744118,9.628415513292863,77.06422018348238,120.68965517249202,43.62543498900965,17.509062999182717,77.27002774327201,4.413144652393951,852.8602094086131,268.1334014828469,3.180730952175581,1120.9936108914599,76.08073775999345
S10,stress,1,3462.9,58.45192091555324,619.285714285752,0.09497253525291183,33.527647023455934,9.473684210526317,30.526315789473685,98.3454214373574,9.208866997874111,73.81370826012244,120.0,46.18629173987756,23.833107287834675,79.15325081411845,3.321146917948097,464.5038810403006,364.0487166329991,1.275938795599632,828.5525976732997,56.062087349034606
S10,stress,1,3492.9,58.33675262366883,601.4285714286416,0.09664221067174018,30.18097571804092,7.142857142857142,32.6530612244898,100.30488429792767,9.568885411344787,73.81370826012244,122.09302325582816,48.27931499570572,21.450894066635463,79.6631191775231,3.713743535819816,1554.929348330138,637.0933119122415,2.440661861074955,2192.0226602423795,70.93582454837416
S10,stress,1,3522.9,58.22676722398951,592.8571428571558,0.09764676710378903,24.70898440920513,6.0606060606060606,32.323232323232325,101.55603106161186,9.747987433963681,79.09604519773416,122.09302325582816,42.996978058094,17.56056391522929,80.45085106878898,4.5813364227454265,2804.5905266251693,483.3863498912505,5.801964675370188,3287.97687651642,85.29836528523906
S10,stress,1,3552.9,61.400639741031306,551.4285714286871,0.10800151186689555,18.72337287716388,2.912621359223301,19.41747572815534,106.68830620060899,10.852003133961489,79.09604519773416,127.2727272727378,48.17668207500364,13.289669157555272,85.81061598018366,6.45694147558216,678.9231832241283,54.8790788337436,12.371256909776655,733.8022620578719,92.52127150986958
S10,stress,1,3582.9,34.06505531467191,516.4285714286052,0.06574517100758905,10.471509425703207,0.0,5.405405405405405,116.28943484396544,7.539154572385209,100.23866348445293,129.62962962965656,29.390966145203635,7.43365019752722,47.598286018764554,6.40308391624319,600.3933664722902,36.56847280175583,16.41833307415185,636.961839274046,94.25892250571346
S10,stress,1,3612.9,56.87611398696836,512.8571428572286,0.1079535786086704,24.963448389266446,4.672897196261682,20.5607476635514,115.00918067143441,10.668859678998631,76.2250453720415,129.62962962965656,53.404584257615056,17.539192742998278,78.49943568231043,4.475658420120148,1978.3647555419634,1485.1499714769275,1.3320976288842747,3463.514727018891,57.120148504313626
S10,stress,1,3642.9,48.48571526692724,541.4285714282414,0.08898532438540659,24.075924608884794,3.8095238095238098,28.57142857142857,110.9040522557375,9.041156877389566,76.2250453720415,129.62962962965656,53.404584257615056,17.031378109918265,66.42033822232524,3.899880432085833,1216.5398302489593,888.1573178693842,1.3697346244552007,2104.6971481183436,57.80118205303689
S10,stress,1,3672.9,49.365582593921616,545.0000000000728,0.08951448824955574,26.342279649243665,5.607476635514018,30.8411214953271,109.54606191855144,8.562330608666068,73.04347826088112,123.89380530972255,50.850327048841436,18.714450992245965,67.25838842652578,3.5939279466115908,2525.228863735068,654.4387944322947,3.8586173148943983,3179.667658167363,79.4180126733909
S10,stress,1,3702.9,83.50289354691637,532.857142856983,0.14967034297359363,30.640096706936657,8.823529411764707,34.31372549019608,109.48086205692813,13.288385904726047,69.53642384106003,133.33333333338723,63.7969094923272,21.733143487993832,116.07384259834585,5.34086763207859,959.9008680366284,350.3789744737748,2.7396075049259987,1310.2798425104031,73.2592257694758
S10,stress,1,3732.9,81.89024756493379,577.1428571429169,0.14079076501562682,29.557752185949223,6.25,35.41666666666667,104.9734151296647,13.299387897481383,69.53642384106003,133.33333333338723,63.7969094923272,20.898002922215156,113.9091689301409,5.450720308257412,4649.908336347176,812.8109297777271,5.720774864111079,5462.719266124904,85.12076330156515
S10,stress,1,3762.9,44.7966723612124,600.0000000001364,0.0744322120134867,29.406386579235726,8.60215053763441,33.33333333333333,100.20874842499853,7.062437035246762,77.63401109054247,116.02209944748816,38.38808835694569,20.794034644737028,59.84222449465844,2.8778553809808387,734.9310364487064,1724.2593787877313,0.42622997762982257,2459.1904152364377,29.88508054908171
S10,stress,1,3792.9,37.9962436264614,587.1428571426804,0.06459790204881427,21.533860135558886,5.154639175257731,21.649484536082475,102.40231169788082,6.231037009139875,77.63401109054247,116.02209944748816,38.38808835694569,15.27142108596573,51.51905237344665,3.3735598071349164,387.89026440159427,197.2653509155956,1.9663375377440806,585.1556153171898,66.28839478731385
S10,stress,1,3822.9,58.07958863349017,564.2857142856883,0.10053630895214279,34.56990065384418,5.88235294117647,20.588235294117645,104.71181939718315,8.716950315323677,66.45569620250123,120.0,53.54430379749877,24.55854313467463,78.37955850075456,3.1915394195386577,424.9825211576007,155.43693604528,2.7341154037789317,580.4194572028807,73.21989569502864
S10,stress,1,3852.9,96.9047374696963,598.5714285716313,0.15576527136725715,48.67323498331274,12.76595744680851,38.297872340425535,98.4759507981433,13.416168131859122,63.25301204818532,120.0,56.74698795181468,34.590375164808485,132.60679558038993,3.8336327648536543,2921.71893025912,1235.993910747833,2.3638619129533947,4157.712841006953,70.27226366964562
S10,meditation,0,4919.9,58.36947951622662,797.1428571427168,0.07472864814792451,31.81447828881821,13.698630136986301,57.534246575342465,77.27748970390263,6.307018541324827,66.56101426308945,101.44927536242226,34.88826109933281,22.619459604110833,79.38735620492973,3.509692874824559,334.67431017589604,465.3563080430441,0.7191786259077413,800.0306182189402,41.832687718997704
S10,meditation,0,4949.9,45.67920071033276,806.4285714285688,0.056168432609562426,39.75709517614554,22.535211267605636,67.6056338028169,74.00185686343099,4.055899910376014,65.31881804044174,82.19178082196696,16.872962781525217,28.312371120730806,58.06538036206891,2.050883697252486,460.01776093357034,1317.5926258326765,0.3491350451683454,1777.6103867662468,25.878435699873194
S10,meditation,0,4979.9,61.549478450139894,775.7142857144572,0.07863690301354002,41.054092362743454,24.324324324324326,62.16216216216216,77.1212616299539,6.010330811837857,65.31881804044174,90.71274298055941,25.39392494011767,29.21283794748396,81.9956504579512,2.8068361795370627,671.2686653329157,1410.5361170534686,0.4758961200760733,2081.8047823863844,32.244553908817366
S10,meditation,0,5009.9,52.35914081336768,774.2857142857247,0.06757069601686765,36.582308649477056,19.736842105263158,61.8421052631579,77.7848228974991,5.318567848711843,68.07131280393915,90.71274298055941,22.64143017662026,26.03870470090056,69.31771137975798,2.6621029031970473,442.4816247702183,885.4890450711239,0.49970310444063987,1327.9706698413422,33.320135362860334
S10,meditation,0,5039.9,41.96479096376416,777.8571428571013,0.05354680352270804,31.335793795434554,9.333333333333334,50.66666666666667,76.77350059480963,4.055668561901448,68.07131280393915,85.53971486761964,17.468402063680486,22.302199954649037,54.99726573610452,2.466001822597774,509.45137540813573,754.7957133400012,0.6749526612357045,1264.2470887481368,40.296820134472036
S10,meditation,0,5069.9,47.959842264915416,761.4285714289508,0.06284730861808158,34.22849234935587,10.526315789473683,46.05263157894737,78.93185736155922,4.967923663589063,67.96116504851048,91.7030567685422,23.741891720031717,24.354083330464697,63.30222401530546,2.5992447819261693,493.7996807197369,274.12839599850395,1.8013445083683772,767.9280767182408,64.30285539630243
S10,meditation,0,5099.9,62.92450518717593,752.8571428565556,0.08223132087740985,42.43463413310009,21.052631578947366,63.1578947368421,78.9197809613519,6.312624864706462,64.71494607088044,91.7030567685422,26.988110697661753,30.202870569222938,83.7064711684863,2.7714740218694356,1107.4606449755465,1910.662837361968,0.5796211782213788,3018.1234823375144,36.69368239757462
S10,meditation,0,5129.9,64.83438272313171,745.7142857142571,0.08493179694536886,37.928399351147526,14.285714285714285,67.53246753246754,79.13977267451429,6.47149808015758,64.71494607088044,90.12875536473932,25.413809293858876,26.99529213963954,87.6256159377756,3.245959165194855,1627.1415181858451,724.8756984909826,2.2447179862329,2352.017216676828,69.18068059403231
S10,meditation,0,5159.9,54.44088951471964,742.8571428572468,0.07250394215649204,26.59756877187163,5.128205128205128,50.0,80.31271222376394,5.67803839408412,67.6328502415455,91.90371991247851,24.27086967093301,18.912889907062073,74.63192009905127,3.946087587131976,2207.951785281877,142.2184469861793,15.525073097559874,2350.1702322680567,93.94858955179046
S10,meditation,0,5189.9,72.84349963170465,757.1428571427532,0.09390051321557176,42.881580334397015,18.666666666666668,57.333333333333336,77.98846750192399,6.994483410061914,62.314540059382836,91.90371991247851,29.589179853095672,30.506281396370035,98.39571978777226,3.2254249054255575,2214.7162868746,539.3947752255601,4.105928326703696,2754.11106210016,80.41492288933904
S10,meditation,0,5219.9,75.29772764194749,792.8571428574287,0.09361387955965199,47.91924294063915,27.397260273972602,75.34246575342466,75.23827116323386,6.99668576071176,62.314540059382836,89.74358974347952,27.429049684096682,34.112230511854634,100.8754246860349,2.9571629639105192,5258.459315805929,352.3256078830246,14.924998916206473,5610.784923688953,93.72056472178265
S10,meditation,0,5249.9,74.43034413573815,769.9999999995271,0.0963077479574679,34.62279474879863,13.157894736842104,72.36842105263158,78.36083156228747,7.673307903425565,64.02439024388966,96.77419354826218,32.74980330437252,24.622008179422487,102.34016303261039,4.15645069593226,2927.741785447736,164.54079604704296,17.79340963326008,3092.282581494779,94.67898577472485
S11,baseline,0,85.6,66.52669634621753,839.2857142857154,0.07924850782721493,58.98731309010522,44.927536231884055,82.6086956521739,71.92506672353117,5.80436481297386,61.046511627907016,87.31808731808702,26.271575690180008,41.99104038842361,84.19237008530787,2.0050079566144454,1644.5158308008927,1648.9565129020473,0.9973069744008353,3293.4723437029397,49.932583582952425
S11,baseline,0,115.6,66.85867477901135,842.8571428571345,0.07872152691684822,56.979061311852384,36.231884057971016,88.40579710144928,71.07390852619027,5.533680277296247,60.693641618497715,83.00395256916899,22.310310950671273,40.585440759407916,85.3989858533215,2.1041778592370117,761.2955588648274,2186.09752444724,0.34824409723318395,2947.3930833120676,25.82945461788688
S11,baseline,0,145.6,75.42883643136726,804.2857142857258,0.09297825453245367,51.43270486034896,29.166666666666668,80.55555555555556,74.58902614605218,6.905183564908672,60.693641618497715,90.12875536480473,29.435113746307017,36.610657680799314,100.19320573252082,2.736722366642099,1892.5393305559026,1113.7743217582881,1.6992125725866953,3006.3136523141907,62.95215833847109
S11,baseline,0,175.6,60.48520964062855,789.999999999992,0.07616525329114544,46.576086593079765,27.397260273972602,73.97260273972603,75.99118939154656,5.842123738984852,64.61538461538349,90.12875536480473,25.51337074942124,33.15056828590461,78.85404867768771,2.378663557065352,487.88461226401427,1454.6598202680052,0.33539430007362603,1942.5444325320195,25.11575046075412
S11,baseline,0,205.6,57.348178366487396,810.0000000000023,0.07032280462966756,52.74629088205167,29.166666666666668,73.61111111111111,73.9403218597323,5.304117218164286,63.06306306306256,90.51724137931339,27.454178316250832,37.55899567665507,71.88149252533583,1.9138289304688205,600.0060319076059,1176.6898627660084,0.5099100883704312,1776.6958946736145,33.770890882698254
S11,baseline,0,235.6,67.98041740004027,812.8571428571263,0.08309798542266818,56.84782994010883,30.985915492957744,73.23943661971832,73.84870829864235,6.207591457062557,62.03840472673629,90.51724137931339,28.4788366525771,40.48322760913551,87.19967076838263,2.153970321000419,1218.8837032762453,1938.8263807269036,0.6286708884264625,3157.710084003149,38.600241024376125
S11,baseline,0,265.6,76.5132456724784,770.0000000000102,0.0985570487343128,45.119644423748916,24.0,65.33333333333333,78.02839676391164,7.685609465719053,62.03840472673629,93.750000000002,31.711595273265715,32.11799123979942,103.32951255761462,3.217184779276374,1735.3041584029363,928.3052948660297,1.8693248525027213,2663.609453268966,65.14859587516672
S11,baseline,0,295.6,53.45882820282359,760.0000000000477,0.07086834950536122,30.01525863482739,10.256410256410255,52.56410256410257,79.94917980320007,5.874390955943906,69.19275123558751,93.750000000002,24.557248764414496,21.36133068545358,72.52162558150992,3.3949956886765933,439.67043792465614,520.603090554116,0.8445405836079127,960.273528478772,45.78595836346389
S11,baseline,0,325.6,35.34351037518119,759.9999999999909,0.046194505425016755,29.625300535079333,6.578947368421052,55.26315789473685,78.58272111805722,3.555690079725323,69.19275123558751,85.7142857142871,16.521534478699593,21.070050080222924,45.32527375425303,2.1511706702964557,456.2827093456369,339.58475177989834,1.343648991758547,795.8674611255352,57.331494455163515
S11,baseline,0,355.6,50.15543407815102,780.0000000000296,0.06366749574696376,42.0214532974693,20.27027027027027,64.86486486486487,76.45860293258328,4.698932662591913,65.11627906976699,85.7142857142871,20.59800664452011,29.914005302586283,64.31397532334901,2.1499620218957642,841.0743864283238,1220.9716262499796,0.6888566190612883,2062.0460126783037,40.78834231908764
S11,baseline,0,385.6,47.24298091976315,788.5714285714585,0.05948570567903985,44.08035584758052,22.972972972972975,71.62162162162163,75.80342402455899,4.350882701283164,65.11627906976699,83.16831683168766,18.052037761920673,31.381511765524547,58.98304172964001,1.8795474918591482,278.8833842619426,1105.380889459155,0.25229618760497635,1384.2642737210977,20.14668655084659
S11,baseline,0,415.6,41.69406766185231,763.5714285714243,0.054619738821400116,34.54908123304048,11.688311688311687,70.12987012987013,78.83873474543748,4.428129291170946,69.42148760330696,91.90371991247049,22.482232309163535,24.57645459232632,53.598399566158314,2.180884120807796,497.8588273742381,509.5656983607848,0.977025786813739,1007.4245257350228,49.41897032048107
S11,baseline,0,445.6,44.940804424586624,762.8571428571433,0.05925401274015185,35.47414628054716,16.883116883116884,61.038961038961034,79.39042130321131,4.816601748615955,70.70707070706803,91.90371991247049,21.196649205402466,25.24181045282686,58.32840482750621,2.3107853113988477,998.5899035239215,585.7179185112806,1.704899017025188,1584.3078220352022,63.030043128937706
S11,baseline,0,475.6,49.81501356411162,778.5714285714107,0.06312089909289359,42.218210232484225,27.027027027027028,67.56756756756756,76.31561709074076,4.665312519786119,62.68656716418293,85.88957055214748,23.203003387964543,30.04961618998237,63.718849013616044,2.120454671060257,504.4086547940769,882.4460445234605,0.571602828211971,1386.8546993175373,36.370692260861446
S11,baseline,0,505.6,42.85979733752258,801.4285714285734,0.05317928428388217,40.96968073135358,23.61111111111111,72.22222222222221,74.64621109819116,3.821273703665173,62.68656716418293,81.39534883721878,18.708781673035844,29.146734179232183,53.145012393565146,1.823360794618025,179.30560676809003,667.6277861739616,0.2685712165990781,846.9333929420516,21.17115799924049
S11,baseline,0,535.6,38.510003597771366,802.8571428571922,0.047687228804490715,41.31141068834393,26.38888888888889,70.83333333333334,74.46340792900634,3.513899346124225,65.31881804043365,81.71206225680413,16.393244216370476,29.412652324534953,45.83597536255507,1.5583761320403051,378.42185070223564,701.5610504919837,0.5393997435246153,1079.9829011942193,35.039615005365896
S11,baseline,0,565.6,49.787642684923206,819.2857142857406,0.060406769169959774,49.008273436144776,35.2112676056338,77.46478873239437,73.05962616943066,4.415801245289539,62.968515742127174,83.83233532934148,20.8638195872143,34.89670686884209,61.15421962508625,1.7524352614397685,603.9859371269375,1172.185878095926,0.5152646422494354,1776.1718152228636,34.00492744848296
S11,baseline,0,595.6,52.8862516276089,838.571428571413,0.06290106267241395,54.76746496469681,44.285714285714285,80.0,71.64135516349694,4.519557893170023,62.968515742127174,83.83233532934148,20.8638195872143,38.98872713193655,63.826251488466134,1.637043735038598,853.4620133232712,1362.7025876281193,0.6263010146687858,2216.1646009513906,38.51076824153239
S11,baseline,0,625.6,60.64544903152273,828.5714285714221,0.07289186981539736,53.92441530138908,38.57142857142858,84.28571428571429,72.4955910245234,5.302774632881507,62.13017751479298,86.2422997946591,24.11212227986612,38.40560772017257,76.68605004897738,1.9967409605316044,497.35439937362855,959.2509435632182,0.5184820538473112,1456.6053429368467,34.144760060460115
S11,baseline,0,655.6,50.5299910691128,822.1428571428646,0.06169060486127811,49.3868702098334,38.028169014084504,88.73239436619718,73.52673394804921,4.53172357555464,62.13017751479298,86.2422997946591,24.11212227986612,35.16677186941046,62.208183956567005,1.7689478064001178,200.4558371213573,1328.0684139976936,0.1509378846816738,1528.5242511190509,13.114338027322836
S11,baseline,0,685.6,41.80475823387103,822.857142857174,0.0507737864179845,47.629945097802555,39.436619718309856,84.50704225352112,73.05429589456793,3.6341284433620182,63.6363636363689,80.15267175571809,16.51630811934919,33.901222695626686,48.43534578927192,1.4287197315606013,175.3783627474462,1059.882062898069,0.16546969600363232,1235.2604256455152,14.19768326632807
S11,baseline,0,715.6,67.05961559510109,801.4285714285734,0.08388119597764508,46.8140702226704,30.136986301369863,78.08219178082192,75.57745333712538,6.3962246426401395,63.6363636363689,90.9090909090953,27.2727272727264,33.32995509858893,88.78681310111033,2.663874368821734,1357.5350412631822,1234.3379889324196,1.0998081995655953,2591.873030195602,52.37660276748712
S11,baseline,0,745.6,65.4811463150678,778.5714285714675,0.08385520987799658,41.489610206675806,22.666666666666664,70.66666666666667,77.36545829594758,6.421939499421099,65.31881804043365,90.9090909090953,25.590272868661643,29.5332010636679,87.76873634958862,2.9718666852393043,472.48578393172704,1018.5210028810069,0.46389400178812734,1491.006786812734,31.689043142569535
S11,baseline,0,775.6,62.7212512866815,805.7142857143162,0.07715775393604629,51.571670403512556,34.72222222222222,66.66666666666666,74.23948752924869,5.683439921837382,57.9310344827559,87.86610878660511,29.935074303849213,36.72127206461302,80.74316629839805,2.198811799229781,1799.038829814353,1526.0772607925192,1.1788648425834483,3325.116090606872,54.10454194054943
S11,baseline,0,805.6,52.68031296296131,821.4285714285552,0.06343335079973772,55.20885339065768,42.857142857142854,71.42857142857143,72.5191970972655,4.369957792022184,57.9310344827559,81.08108108108009,23.150046598324188,39.315908914750075,63.28262047322451,1.6095932211675994,180.0286141749732,1466.5028515626911,0.1227604937713803,1646.5314657376643,10.933809521479043
S11,baseline,0,835.6,46.6502686460977,815.0000000000546,0.056834188396222424,47.185822747436575,33.80281690140845,73.23943661971832,73.32971013618467,4.139772554882208,64.12213740457837,82.03125000000539,17.90911259542702,33.59585505110047,56.77863729336606,1.6900488827268652,561.4311934456842,916.0733685689213,0.6128670614262537,1477.5045620146057,37.99860981005447
S11,baseline,0,865.6,47.39149807083622,811.4285714285643,0.05846846981867568,44.94926593323054,25.0,77.77777777777779,74.27503898465557,4.364240884163533,65.93406593406824,86.41975308642355,20.48568715235531,32.00690065941019,58.88519753702788,1.8397656856448963,452.27516352697216,828.35905684332,0.5459892781887188,1280.634220370292,35.3164983672073
S11,baseline,0,895.6,54.41457739386573,822.8571428571172,0.06603170251729544,48.44551082816156,30.985915492957744,77.46478873239437,73.12105033015501,4.80207584724202,61.674008810572154,86.41975308642355,24.7457442758514,34.49839420265826,68.78774064718219,1.993940362646844,946.6268139484993,859.9060239791924,1.1008491481057532,1806.5328379276916,52.40019965728345
S11,baseline,0,925.6,59.998482396547075,839.2857142856656,0.07103156967867806,53.88541525245898,43.47826086956522,75.36231884057972,71.38828361750859,5.094573112948232,59.91440798858489,85.19269776875372,25.278289780168826,38.37028116404744,75.6793056467188,1.972341701723821,1545.3763007780003,1394.4236457437205,1.1082545146842864,2939.799946521721,52.567396723931544
S11,baseline,0,955.6,65.56979408084803,842.857142857099,0.07780409032477428,54.386416349580045,44.927536231884055,72.46376811594203,71.62261657744206,5.598734095046491,59.91440798858489,85.19269776875372,25.278289780168826,38.72252731260659,84.25770985573998,2.175935190787737,326.7564790508277,1802.9357287096498,0.18123578885681374,2129.6922077604777,15.342896868389976
S11,baseline,0,985.6,63.53398268288925,799.9999999999545,0.07836128780612674,46.91745054384835,30.555555555555557,66.66666666666666,74.44430029928,5.741869803748289,63.06306306305691,88.42105263159165,25.35798956853474,33.39028142941957,83.4159638028807,2.498210863517443,497.33221928307523,646.6540061059615,0.7690854994897871,1143.9862253890367,43.47361954589505
S11,baseline,0,1015.6,54.61920700061304,764.2857142856201,0.07142277244312191,40.779857499253296,15.789473684210526,60.526315789473685,78.85651486328997,5.666654254617501,67.09265175717884,93.1263858093269,26.033734052148063,29.025822793328498,71.58224052041068,2.466157153583383,867.0992619614849,649.8889630456293,1.3342267852925593,1516.9882250071141,57.159261203719524
S11,baseline,0,1045.6,84.54376090361023,793.5714285714539,0.10533907766409312,55.227944047822284,23.28767123287671,63.013698630136986,75.56007059186874,7.784078367179135,58.74125874125052,93.1263858093269,34.385127068076386,39.32201469833134,112.91179821222335,2.8714652359105814,1228.8909713444705,2009.268479743696,0.6116111329737423,3238.1594510881664,37.95029213065799
S11,baseline,0,1075.6,65.25059196324366,845.7142857143936,0.07643141628894004,65.51346576838974,40.57971014492754,75.36231884057972,70.669975210656,5.18068286884575,58.659217877090576,80.0,21.340782122909424,46.66428366508494,79.60982435059083,1.706011923850796,278.8665731854182,1518.4328302701624,0.18365420427310025,1797.2994034555807,15.515866340869803
S11,baseline,0,1105.6,59.77216216819193,832.857142857165,0.0709711143317195,58.43821643828388,44.927536231884055,78.26086956521739,71.58086559814188,4.864241063445133,58.659217877090576,80.0,21.340782122909424,41.614087255627574,73.57778525072825,1.7680980192777904,1410.6824912491581,1378.3230329936284,1.0234774123923962,2789.0055242427866,50.580125388319466
S11,baseline,0,1135.6,80.39405590807604,812.8571428570694,0.09867904867799221,53.666649110839664,36.61971830985916,73.23943661971832,74.36931979563377,7.468705273261526,61.76470588235542,89.7435897436016,27.97888386124618,38.21769386255441,107.07855213127316,2.8018056902221518,661.1372229496826,1856.2144572783977,0.3561750208103914,2517.35168022808,26.26320462660908
S11,baseline,0,1165.6,84.32323809390536,820.7142857141889,0.10245639344100381,60.14856570926705,39.436619718309856,77.46478873239437,73.68096899720561,7.752512404594869,58.57740585773999,89.7435897436016,31.166183885861614,42.83417512376997,111.29263410823337,2.5982205513857033,1296.0173171372537,1153.799650956697,1.1232602783877028,2449.816968093951,52.90261819623217
S11,baseline,0,1195.6,71.68213115375333,839.9999999999181,0.08576316606503466,58.103657246510785,37.142857142857146,74.28571428571429,72.32611577167087,6.438130480428877,58.57740585773999,89.93576017130918,31.358354313569194,41.33490006937961,92.56393406582387,2.2393651348003165,880.8539813429229,1405.0627007509263,0.6269143582504585,2285.916682093849,38.53394956355453
S11,stress,1,1907.6,22.428026072299755,437.14285714281687,0.04989126510874286,4.682233951926638,0.0,0.0,133.78672417584596,6.39473660154541,118.64406779656566,141.41414141410763,22.770073617541968,3.304613157074537,31.545399646883617,9.545867594018084,49.52985464523836,6.37341069304299,7.771326379344039,55.90326533828135,88.59921570864195
S11,stress,1,1937.6,16.312404614419815,464.28571428577925,0.03489767224694798,5.658743675113324,0.0,0.0,128.51339785372264,4.432585385333116,118.64406779656566,135.922330097091,17.278262300525327,4.017107891847412,22.71677646133683,5.655007799875074,145.81998185379646,27.42651560156053,5.316752006423284,173.246497455357,84.16907931507941
S11,stress,1,1967.6,13.246351266455779,467.14285714301695,0.028251340536619762,5.654448612873703,0.0,0.0,128.06618966253936,3.5819308697965657,120.34383954153128,134.61538461537953,14.271545073848245,4.011644857241552,18.29858872394362,4.561368061011741,108.37989351452109,28.49237401145535,3.8038211021288357,136.87226752597644,79.18323811940363
S11,stress,1,1997.6,17.523372899123284,472.8571428570376,0.036828840791518595,6.16724341791736,0.0,0.0,126.26629509812834,4.504453405681217,113.51351351355397,134.18530351439182,20.671790000837845,4.378522232257198,24.39191953465504,5.570810935926348,154.34185651377908,32.10198611457779,4.807860048375359,186.44384262835686,82.78195425387823
S11,stress,1,2027.6,21.336959314409317,468.5714285710674,0.04500491611249668,6.759286397272501,0.0,1.6129032258064515,126.79707747707762,5.432653952976702,112.00000000001359,135.04823151122875,23.048231511215164,4.796667909716217,29.79133502435592,6.210839604720196,105.21529810830023,23.663982075717293,4.446221171552802,128.87928018401752,81.63864506231788
S11,stress,1,2057.6,25.818614258738037,466.4285714286507,0.05436146520937442,9.637511745928014,0.8,4.8,126.66520118009183,6.21969604434597,100.96153846158614,135.04823151122875,34.086693049642605,6.841591428301455,35.86633952902379,5.242397168099855,535.5327749711737,90.92916731658896,5.889559871439316,626.4619422877627,85.48528471106692
S11,stress,1,2087.6,23.283240721154783,475.7142857142753,0.04850325904423728,9.27789360644144,0.8130081300813009,4.0650406504065035,125.25642920715826,5.536793261007568,100.96153846158614,132.91139240506942,31.949853943483276,6.5790302420082885,32.26352364564697,4.903993819581278,129.80909743591914,53.927150663962685,2.407119527690256,183.73624809988183,70.64969421023169
S11,stress,1,2117.6,19.957627045388442,484.2857142853063,0.0408616755694221,7.468379398596117,0.0,3.3057851239669422,123.04193389530317,4.857744410842324,109.37499999999585,130.43478260868534,21.05978260868949,5.302575296308598,27.721768518487746,5.227982059544978,273.1598086737601,41.05176355603465,6.654033469254095,314.21157222979474,86.93499311158025
S11,stress,1,2147.6,26.461900360244226,502.85714285701033,0.05212443213968912,7.985957062479814,0.0,2.586206896551724,118.49735390110452,6.006324860905466,102.689486552575,129.23076923075115,26.541282678176145,5.653855612299578,36.993219082235264,6.543007395123256,140.24804842231106,130.3581657651432,1.075866997660781,270.60621418745427,51.827356900665436
S11,stress,1,2177.6,30.53166232536661,504.28571428574287,0.06011932643587887,8.685610577549244,0.0,1.7241379310344827,118.56660209862999,7.090955361730769,102.689486552575,133.75796178340616,31.068475230831154,6.1667116660647645,42.735658131448524,6.93005615401505,226.03895011382912,59.24667812915551,3.8152172788670575,285.2856282429846,79.23250515841139
S11,stress,1,2207.6,29.428740250824163,511.42857142849607,0.05768407789154673,8.567322497646114,0.0,2.586206896551724,117.9988052459378,6.85246409087159,103.70370370366412,133.75796178340616,30.05425807974204,6.081779064889106,41.171755718050605,6.769689473881163,193.0329498796666,55.63013150123923,3.4699351712905186,248.66308138090582,77.6283108886501
S11,stress,1,2237.6,29.55543431139292,505.71428571424804,0.0576497457562059,9.107462544624598,0.8695652173913043,3.4782608695652173,117.41410214433508,6.668677405636175,102.689486552575,131.66144200626735,28.971955453692345,6.46341338406739,41.29493530805905,6.389028962599384,81.6500664811404,20.04952087809314,4.072419833750458,101.69958735923353,80.28554353197896
S11,stress,1,2267.6,32.03853691529475,484.99999999989996,0.06561369430614283,8.640024612181236,0.8264462809917356,2.479338842975207,123.3758757094819,7.678222202238468,102.689486552575,135.4838709677658,32.79438441519079,6.120487260902838,44.8940456077923,7.3350443672306485,713.8923971278323,78.76375339807238,9.063717336067223,792.6561505259046,90.0633139166567
S11,stress,1,2297.6,21.93789167430925,460.0000000000364,0.04713301107850822,5.458269367080751,0.0,0.0,129.17113152249607,5.627202976465738,110.23622047244253,136.36363636376038,26.127415891317852,3.866429787205992,30.782996977683318,7.961607651468078,70.71694821200094,12.706143137525338,5.565571507151607,83.42309134952629,84.76903345107519
S11,stress,1,2327.6,13.794590537524,457.14285714302605,0.0300226666725983,4.454058051685364,0.0,0.0,130.6986107694837,3.83163148801841,121.3872832370408,136.36363636361946,14.976353126578658,3.160365851629649,19.250806317651907,6.09132208782891,78.37853604849337,27.949582856623536,2.804282856404746,106.32811890511691,73.71383680589265
S11,stress,1,2357.6,17.908481304226374,466.4285714286507,0.03807009040811671,5.001224339893818,0.0,0.0,127.73131751186804,4.835161652131939,117.64705882358396,136.36363636361946,18.7165775400355,3.5398976787515104,25.077809507044684,7.084331747094283,102.32669011794495,22.355097716699404,4.577331372678646,124.68178783464435,82.07027818180855
S11,stress,1,2387.6,16.758025537056515,477.1428571427805,0.03511652302198115,6.341846295440095,0.0,0.0,125.88321734744311,4.392769403818431,116.66666666671382,133.33333333338723,16.666666666673407,4.502431703365951,23.267809277149446,5.167831698536322,251.56920680497666,22.419089682543174,11.221205248171307,273.98829648751985,91.81750097724908
S11,stress,1,2417.6,17.912797763777906,484.28571428576106,0.037172898986203025,6.84028124320896,0.0,0.0,124.68322893850646,4.623850838915038,114.4414168937307,133.33333333338723,18.891916439656526,4.855891655781817,24.862762591460385,5.120123008069336,100.3992265567834,53.22371016467478,1.8863627929384672,153.6229367214582,65.35432058483723
S11,stress,1,2447.6,20.51667880483832,491.42857142851426,0.04150475757170694,7.014319658539469,0.0,1.6666666666666667,121.57678829040306,4.8245988026646005,107.14285714286758,131.25000000008208,24.107142857214498,4.9746326715336675,28.585332745048007,5.746219798020829,205.65726988097057,47.477229423932684,4.331703268626313,253.13449930490327,81.24426755171532
S11,stress,1,2477.6,21.84878371161535,495.71428571425713,0.04373642090638888,8.180132177112451,0.0,4.23728813559322,120.32635340131746,5.0714835072864375,107.14285714286758,127.65957446813945,20.51671732527187,5.80425362489329,30.348794691252724,5.228716154148188,267.28145768766456,87.41506540252969,3.0576131981013166,354.69652309019426,75.35496975246603
S11,stress,1,2507.6,20.940573486017392,487.1428571427714,0.04254927610089196,8.018897747710446,0.0,2.5,122.1282812376315,5.074769537661967,108.52713178302531,129.2307692308777,20.7036374478524,5.685394902754483,29.063577216962173,5.111971589322904,227.7580550475661,25.28316138137381,9.008290205961199,253.04121642893992,90.00828333890264
S11,meditation,0,3572.6,66.12016139805579,744.285714285752,0.08786839342680818,43.05797101904249,23.376623376623375,62.33766233766234,80.33451685975157,6.934823204288192,67.30769230768976,94.38202247193325,27.07433016424349,30.616039051417502,88.35388864906837,2.885869347784806,2337.553498469326,694.0823010861968,3.3678333171890364,3031.6357995555227,77.10535344687649
S11,meditation,0,3602.6,60.79967620486259,734.2857142857611,0.08070430604471578,40.53023756387955,19.230769230769234,62.82051282051282,80.13784466639444,6.2280264827271,67.30769230768976,90.32258064517718,23.01488833748742,28.844409732487346,81.00124246217868,2.808212863893252,1286.6939368066783,1445.500846474025,0.8901371036518446,2732.194783280703,47.093784992213145
S11,meditation,0,3632.6,51.96421466709706,715.7142857145118,0.0718491574382462,29.3157028030631,9.876543209876543,53.086419753086425,83.3788482249085,5.922415524377374,71.79487179486175,95.02262443441691,23.227752639555163,20.84489475117261,70.47020345329527,3.380693656384666,690.7755718056756,565.5406196076199,1.2214428952688587,1256.3161914132954,54.98421309277135
S11,meditation,0,3662.6,59.34661562364359,704.285714285561,0.08339876082947231,34.89335241571483,13.414634146341465,48.78048780487805,84.88723394364807,6.948842243300483,69.76744186045478,99.52606635067272,29.75862449021794,24.82379880356259,80.17369010418093,3.2297107601707924,2271.231332840547,469.63732263124837,4.836138916974197,2740.8686554717956,82.86538387406208
S11,meditation,0,3692.6,69.5435884768857,717.1428571427896,0.09642696030039259,41.47570309513107,14.634146341463413,52.4390243902439,83.93256247670301,7.796450422407014,67.52411575561437,99.52606635067272,32.00195059505835,29.474972512836622,93.82881962303685,3.1833386640877626,1379.2697954184428,1058.06136991904,1.3035820365731532,2437.331165337483,56.58934719391993
S11,meditation,0,3722.6,84.09391773792976,685.7142857143117,0.12027566898408198,41.01156536492744,13.095238095238097,51.19047619047619,87.00760590346425,10.106177654449565,67.52411575561437,103.96039603959319,36.43628028397882,29.165578160788204,115.2950261354511,3.9531198558737994,4265.745513928839,538.5650742082557,7.920575837933622,4804.310588137094,88.78996134142344
S11,meditation,0,3752.6,94.2419714236237,653.5714285716949,0.13781345931698089,38.400180071611544,15.294117647058824,54.11764705882353,89.26811896196146,11.314877046253452,64.41717791411061,105.79345088164166,41.37627296753105,27.22738045395606,130.4674982868827,4.791775635835219,6286.339420780355,133.59931255506973,47.05368089517019,6419.938733335424,97.91899396389319
S11,meditation,0,3782.6,110.36855046259359,695.7142857143026,0.15313773106801837,54.97863713929953,33.33333333333333,70.37037037037037,85.09033993900829,12.310836844215988,58.659217877103615,105.79345088164166,47.134233004538046,39.116051790573636,151.1038330246632,3.8629622906133103,9030.541234224549,247.47190007741386,36.491178317213496,9278.013134301962,97.33270586606007
S11,meditation,0,3812.6,106.29303769693657,694.2857142857974,0.1483384293378167,54.54390279401247,35.36585365853659,68.29268292682927,85.49062752437496,12.16144593495049,58.659217877103615,110.23622047244253,51.57700259533891,38.80299956163249,145.22653666153684,3.7426626369661764,7573.019465959419,745.2194459148842,10.16213345944327,8318.238911874303,91.04113919051926
S11,meditation,0,3842.6,103.74502238516448,699.2857142856792,0.14570442869677017,45.20640856627691,27.710843373493976,59.036144578313255,86.05093980749886,12.52120218932818,64.91499227201761,110.23622047244253,45.32122820042491,32.07582251877503,143.1684355894853,4.463437703138685,8940.873347432722,405.2724892136657,22.06138730210962,9346.145836646388,95.66374742811537
S11,meditation,0,3872.6,110.95439559250167,717.142857143017,0.15421153797935938,44.682187260734466,25.925925925925924,55.55555555555556,85.41340790321627,13.400484130928845,66.14173228346552,110.81794195248106,44.67620966901555,31.79103952380124,153.65899130409133,4.8334056893311175,9538.662443100204,516.3368739712412,18.473719240186373,10054.999317071444,94.864874102034
S11,meditation,0,3902.6,110.28931130543575,667.857142856974,0.15787451626846224,47.23924845445564,28.915662650602407,55.42168674698795,87.93990326428845,13.27756791093157,64.318529862195,110.81794195248106,46.49941209028606,33.60619794781399,152.30918500191305,4.532175440923999,11277.866202357582,286.72104202000634,39.33393281114908,11564.587244377588,97.52069800710437
S11,amusement,0,4109.6,77.09626199710466,827.1428571433717,0.09226526574817903,53.627317785117164,28.57142857142857,74.28571428571429,72.39524382009876,6.536492824666898,57.14285714289674,87.68267223383778,30.53981509094104,38.14798459431931,102.13911346415723,2.6774445504879165,5298.044624176392,2269.544135783601,2.3344091620175282,7567.588759959994,70.00967933416615
S11,amusement,0,4139.6,90.67135322906287,822.857142857174,0.1107242501163286,57.14699777957331,31.88405797101449,75.36231884057972,74.12578272269778,7.944876444847726,52.10918114144838,88.7949260042536,36.685744862805215,40.26232120431257,121.74372297584686,3.0237631446546276,6354.292161365806,1506.119970926058,4.218981411858436,7860.4121322918645,80.8391729901964
S11,amusement,0,4169.6,97.6408001965237,817.8571428570649,0.11848731295053362,58.799514905979585,30.88235294117647,69.11764705882352,73.78767374283566,8.465368367535568,52.10918114144838,88.7949260042536,36.685744862805215,41.86868598830135,131.58444003622898,3.142788863089598,7781.680613114959,611.2135510132568,12.731525013171998,8392.894164128216,92.71748768588523
S11,amusement,0,4199.6,69.31065039273616,815.7142857139661,0.08430690912981555,39.35013923602438,16.901408450704224,59.154929577464785,73.48199094816384,6.053847714944141,58.57740585773999,87.13692946065194,28.559523602911952,27.950900219188682,93.95041081690465,3.3612660086134323,1765.781079881729,759.4279003885971,2.325146441127833,2525.2089802703263,69.92613655653562
S11,amusement,0,4229.6,76.73221306555025,760.0000000002183,0.09977723780447215,41.31726036778799,17.105263157894736,57.89473684210527,78.77520030048277,7.734345321351931,60.25824964129415,95.02262443434847,34.76437479305432,29.40253307030498,104.45647942049179,3.552635385894264,1940.566558817368,586.592315575763,3.308203171588818,2527.158874393131,76.78846702043509
S11,amusement,0,4259.6,100.53827916885226,762.1428571433171,0.12877730177163055,56.80543233589441,30.666666666666664,70.66666666666667,78.07566593275087,9.705181198152795,59.74395448076783,95.23809523807874,35.49414075731091,40.38474642827459,136.32667901915644,3.3756972886106817,5334.343884686672,565.4047917217872,9.434557263730241,5899.748676408459,90.41645970475503
S11,amusement,0,4289.6,90.53998265156663,797.1428571431716,0.11265844586478786,57.69595337688897,39.726027397260275,80.82191780821918,75.5891200841554,8.44447782715028,59.74395448076783,95.23809523807874,35.49414075731091,41.055900049051424,121.28227400677426,2.9540766092540314,6910.943205078376,1312.0508805849508,5.267282928842877,8222.994085663327,84.04412228785992
S11,amusement,0,4319.6,96.54477226926937,764.2857142859611,0.12684612859210592,42.69046127296446,25.97402597402597,66.23376623376623,80.14524166626191,10.602914965530495,60.957910014510894,104.47761194026353,43.519701925752635,30.384616539140506,133.11108587499226,4.380871014235863,2827.9429821254926,915.3565314655676,3.089444260148232,3743.29951359106,75.54679960441001
S11,amusement,0,4349.6,136.41333104742162,755.7142857149302,0.1742371708014897,69.40785588426881,26.08695652173913,62.31884057971014,78.85647953761611,13.180014021281616,51.47058823531225,104.47761194026353,53.00702370495128,49.43818099866084,186.4753603950145,3.771889592783878,6042.196900547411,2100.5240000680164,2.8765188592711914,8142.720900615428,74.20365961567884
S11,amusement,0,4379.6,137.9505782831622,860.0000000005821,0.15920738901417358,91.88466308399188,48.38709677419355,80.64516129032258,70.95162317641135,11.012704670415001,51.47058823531225,93.95973154359969,42.48914330828744,65.23817427619879,183.86055779972506,2.8182971065578077,19805.310264919168,2137.1111641874363,9.267328062669806,21942.421429106606,90.26036770329931
S11,amusement,0,4409.6,123.877750563976,801.4285714284597,0.14892612332285893,78.87544489275932,42.42424242424242,80.3030303030303,73.63749042454778,10.364358184754277,52.6315789473953,91.50326797381705,38.87168902642175,56.1366454532305,165.9520147718599,2.956215381806535,9636.449376389002,1717.419635370339,5.611004543051605,11353.869011759341,84.87370575095075
S11,meditation,0,4691.6,98.85270970980345,782.8571428567557,0.12791798395995055,56.09467216135876,26.666666666666668,65.33333333333333,78.95419166180062,10.471958118497763,63.6363636363689,100.71942446045186,37.08306082408296,39.923179588151854,133.9770732831312,3.355871818458369,5617.770836006171,582.5586068678623,9.643271543459335,6200.329442874033,90.6043926821116
S11,meditation,0,4721.6,108.6367226850319,708.5714285713038,0.14795595158150765,65.56368612863744,31.25,71.25,83.38698749266594,11.560187997852266,55.85106382977724,102.43902439030299,46.58796056052575,46.614592914009926,146.39315133895502,3.140500478230216,7695.183720146966,552.1259916222378,13.937369073202365,8247.309711769203,93.3053806523801
S11,meditation,0,4751.6,112.3955758212406,665.7142857138751,0.15944942719284225,64.93873718300023,30.120481927710845,74.69879518072288,87.02331606858245,12.226872551458584,55.85106382977724,102.9411764707048,47.090112640927565,46.183117604513825,152.09421611851033,3.2932860319426553,7348.011909198847,919.176426975549,7.994125712488829,8267.188336174397,88.88163194548808
S11,meditation,0,4781.6,97.2366513133656,627.1428571435536,0.1461365690299741,45.42952274252545,23.52941176470588,62.35294117647059,91.8619321289187,11.796630574450894,62.13017751480761,107.96915167079061,45.838974155982996,32.31008032799559,133.66372517056584,4.136904762033375,11042.220627935687,503.05037906735214,21.950526403355063,11545.271007003039,95.64280146596631
S11,meditation,0,4811.6,119.62291209387837,641.4285714281505,0.17416231194905984,49.28920494170883,25.581395348837212,63.95348837209303,89.68711251901074,13.712645866079951,57.692307692259256,107.96915167079061,50.27684397853135,35.030347824652516,165.5057610082603,4.724639385161516,11296.971387055062,274.7143487313079,41.12261132054803,11571.68573578637,97.62597814178679
S11,meditation,0,4841.6,114.19499673941291,677.142857142826,0.1601160631937607,50.424282472112026,25.609756097560975,69.51219512195121,86.10064357535647,12.631191872131,57.692307692259256,106.59898477160904,48.906677079349784,35.83034439741619,157.47120683157158,4.394911896044381,7809.927509276005,424.8776834986836,18.381590308449802,8234.80519277469,94.84046466731871
S11,meditation,0,4871.6,86.33986526598197,672.8571428575378,0.12649084160548318,38.783103195887776,16.27906976744186,54.65116279069767,89.25847873666994,10.953361530559508,68.40390879473397,111.40583554380743,43.00192674907346,27.580176339509226,118.94737719419211,4.312785231318384,4834.511420094308,355.2962395181252,13.606987303471525,5189.807659612433,93.15396132532861
S11,meditation,0,4901.6,91.8545363173259,651.4285714283687,0.13675558878168104,35.75614430117692,14.772727272727273,51.13636363636363,90.91946356810644,11.863432640873738,68.18181818188019,111.40583554380743,43.22401736192724,25.41276076246405,127.39192782343648,5.012911781375634,5165.863727786133,144.219412596324,35.81947558090252,5310.083140382457,97.28404605382626
S11,meditation,0,4931.6,115.27259871008839,637.1428571428623,0.1696578196491953,46.18219834264213,20.930232558139537,56.97674418604651,90.65543829189207,14.105341786490555,63.6363636363689,109.66057441256076,46.024210776191865,32.83500116388499,159.67907416227655,4.863075026715898,6266.664953046594,232.55764376290608,26.94671674363667,6499.2225968095,96.4217621369505
S11,meditation,0,4961.6,119.99806336369993,609.9999999996726,0.18057529179266935,42.37119454601819,18.823529411764707,48.23529411764706,92.79873141104606,14.18322130142216,61.49341142020563,109.66057441256076,48.16716299235513,30.1364918396594,167.0055756005626,5.5416395673760706,15375.534664463285,612.2421565199447,25.11348573554556,15987.776820983228,96.17056102686895
S11,meditation,0,4991.6,120.43849664833526,628.5714285718313,0.17724099782995212,44.2665088923977,23.809523809523807,52.38095238095239,90.67786087483559,13.70488813631228,61.49341142020563,108.52713178284678,47.03372036264115,31.46302252277885,167.39456730597095,5.320358753987456,5169.839453578994,342.269031015234,15.104607735746008,5512.108484594228,93.79059697442747
S11,meditation,0,5021.6,115.23659545486107,655.7142857145664,0.16346980329878472,51.974614420997696,28.57142857142857,55.952380952380956,87.13874529444175,12.61828389158523,61.40350877192035,102.94117647054418,41.53766769862383,36.95836611862868,158.72310807785996,4.294646239728015,11081.222407877824,422.24362703432337,26.243670000914076,11503.466034912148,96.3294225779183
S13,baseline,0,87.9,66.38527333748213,684.2857142857213,0.09536962511964135,39.069286339562204,13.095238095238097,52.38095238095239,86.94181008938483,7.9904014178333655,66.24605678233465,109.37499999999869,43.128943217664045,27.775643698197715,89.68011289764974,3.2287321176815365,2206.752933678774,1477.8425080698842,1.4932260519159604,3684.5954417486582,59.8913223599788
S13,baseline,0,117.9,69.49315248665107,697.8571428571314,0.09861228771906952,37.39093639394739,10.843373493975903,49.39759036144578,85.90808428667174,7.9370144616795875,66.24605678233465,100.23866348448625,33.992606702151605,26.594655348697653,94.6114199869649,3.557535104195214,529.2166654366526,290.78899767684396,1.819933593308696,820.0056631134967,64.53817202033201
S13,baseline,0,147.9,69.68193975651617,692.142857142855,0.09898289746540925,39.82349797421543,12.048192771084338,48.19277108433735,86.00027741521612,7.935195463183112,66.66666666666625,100.23866348448625,33.57199681782001,28.320801600921854,94.38791052429713,3.332812109429302,2765.910099924419,1136.9978129742149,2.4326432895145285,3902.9079128986336,70.86793133866736
S13,baseline,0,177.9,66.3974229371172,675.7142857142924,0.09591411577517049,34.46417141967248,9.411764705882353,37.64705882352941,87.39318287063703,7.641243359284827,67.52411575562734,99.52606635071025,32.00195059508292,24.508038923472014,90.64541672642041,3.698599345686808,1570.8275352302944,477.7839973238592,3.2877357635013693,2048.6115325541537,76.67766730141507
S13,baseline,0,207.9,50.33456919567163,688.5714285714357,0.07252292878589842,24.797038131540592,4.761904761904762,32.142857142857146,86.8871944110361,6.14398565841838,70.11686143572743,99.52606635071025,29.409204914982823,17.63936128094374,68.96369077875728,3.9096478427062182,200.60206375359806,372.82526070202147,0.5380592060094559,573.4273244556196,34.982997007343286
S13,baseline,0,237.9,45.286337739566434,681.4285714285688,0.06684127792199888,19.699329875198494,2.3255813953488373,23.25581395348837,88.95194609447181,5.971245776936566,77.7777777777777,99.76247030879581,21.984692531018112,13.983180182283245,62.49940354686563,4.469612973024024,69.03862610174332,313.9928321977688,0.21987325512659872,383.0314582995121,18.024270488968153
S13,baseline,0,267.9,43.29057582893706,682.8571428571593,0.06408794691330266,17.4614618722296,1.1494252873563218,22.988505747126435,89.1882509462737,5.747982498059706,77.34806629834245,99.76247030879581,22.414404010453367,12.41860833908523,59.94936261648076,4.827381698463059,497.1596096468863,225.95860565392005,2.200224276513459,723.1182153008064,68.75219004683423
S13,baseline,0,297.9,51.22807121134702,704.2857142856747,0.0720055869693786,25.448686402672365,3.6585365853658534,39.02439024390244,84.75276876323558,5.899389038745865,70.11686143572278,98.13084112149465,28.013979685771872,18.092368227433315,70.15195486935944,3.877433511605661,966.043583349835,302.78417218128664,3.190535279272899,1268.8277555311215,76.13670012644519
S13,baseline,0,327.9,55.959960492300354,689.9999999999977,0.08018924062645996,24.53899536429342,4.761904761904762,30.952380952380953,86.49501304053264,6.547293065046546,70.11686143572278,98.13084112149465,28.013979685771872,17.431031917212238,77.19581259952356,4.428642719843609,544.1930808762862,359.8479372939322,1.5122862311470653,904.0410181702184,60.19561833352811
S13,baseline,0,357.9,46.08716784836225,664.285714285711,0.06814617233459226,29.180695999244467,5.747126436781609,21.839080459770116,89.08737203883788,5.509453182143796,69.07894736842447,96.10983981692854,27.030892448504076,20.75012076320814,61.785812035438276,2.9776121662380954,1074.553789163847,1043.7316915582662,1.0295306713927255,2118.285480722113,50.72752463929162
S13,baseline,0,387.9,43.41732249653764,658.5714285714062,0.06508263014687551,29.318954844468827,6.8181818181818175,23.863636363636363,90.27407931905964,5.227554217376968,69.07894736842447,99.52606635071025,30.447118982285787,20.847932743096074,57.75371404399937,2.7702369705276837,121.03808997121334,192.58282587332408,0.6284988779364418,313.6209158445374,38.593755663672695
S13,baseline,0,417.9,28.198435388403016,660.000000000025,0.042338768580182394,16.211153081443157,2.272727272727273,15.909090909090908,90.24521042246403,3.773880173506645,81.08108108108631,99.52606635071025,18.444985269623942,11.526395039709552,38.176507620478304,3.3120943268868124,340.1817877441409,122.67725222188369,2.7729818004796964,462.85903996602457,73.49576401686167
S13,baseline,0,447.9,26.038133712807987,658.5714285714062,0.03930708130033557,14.125911991431028,0.0,13.48314606741573,90.71084790845944,3.480294900197057,81.71206225681046,99.29078014183554,17.578717885025085,10.044472309951416,35.427071435651506,3.527021663502685,172.00910190901067,73.84269695983663,2.3293989655140463,245.8517988688473,69.96454884626289
S13,baseline,0,477.9,38.07577084191106,654.9999999999727,0.05799742657254349,21.901155866665796,4.49438202247191,17.97752808988764,91.68689558441781,5.157301928063393,73.81370826010695,103.96039603961367,30.14668777950672,15.571789020117652,51.546561836114655,3.310253033194846,965.7744893070433,294.02829747620325,3.2846310970637336,1259.8027867832466,76.6607678153365
S13,baseline,0,507.9,43.69362073715776,672.1428571428305,0.0649656538114631,23.126491811430565,4.597701149425287,24.137931034482758,89.58296824984713,5.821397178653301,73.81370826010695,103.96039603961367,30.14668777950672,16.42737181843773,59.56850209115521,3.6261736052200875,513.351473956938,384.1463380977403,1.3363435312152407,897.4978120546782,57.19807525566013
S13,baseline,0,537.9,54.97994555374626,707.1428571427987,0.07672603071295987,32.32603630504935,10.975609756097562,41.46341463414634,84.18693844600648,6.031724465345902,66.87898089172003,92.71523178808003,25.83625089636,22.98178219377553,74.27938148223683,3.2320984010698233,554.4875894293001,774.2437109450015,0.7161667335373271,1328.7313003743016,41.73060341643956
S13,baseline,0,567.9,56.41112647229613,712.1428571429078,0.07778162905521688,31.75323483605233,10.256410256410255,38.46153846153847,83.20134019616111,6.161781853222926,66.87898089172003,94.38202247191639,27.503041580196353,22.578760011964228,76.5155538179585,3.3888288717987076,2471.1077265594668,697.2848856336501,3.5438997423755634,3168.3926121931167,77.992472178156
S13,baseline,0,597.9,55.27767533543575,687.1428571428169,0.07918617626581227,28.006316100057038,4.938271604938271,33.33333333333333,86.46163371187032,6.559228557443292,69.88352745424568,99.9999999999962,30.116472545750526,19.866975411923914,75.60784396451002,3.805704813986488,683.6750546891208,221.6769991631338,3.0841046083721078,905.3520538522546,75.5148289309222
S13,baseline,0,627.9,55.78447534095261,696.4285714285552,0.07947199568852092,32.98635075482022,8.433734939759036,34.93975903614458,85.99388710207171,6.606753737788368,69.88352745424568,99.9999999999962,30.116472545750526,23.466637397801872,75.32019853512593,3.209671554484461,2014.5597742046348,368.55593760542774,5.46608959088702,2383.1157118100627,84.53470237391467
S13,baseline,0,657.9,41.87115171561926,724.2857142857133,0.05782695992677313,27.733297720779635,4.938271604938271,34.5679012345679,83.1353613397806,4.760075570732358,71.55025553662824,92.30769230767939,20.757436771051147,19.728752392130538,55.83155936416979,2.8299589479586174,657.0855441364658,402.53834633619425,1.63235515353282,1059.6238904726602,62.011205111972664
S13,baseline,0,687.9,45.94879557168152,703.5714285714221,0.06488135006999844,23.375680190993553,2.4096385542168677,33.734939759036145,85.0727807957187,5.485565007846207,73.2984293193715,96.33027522936001,23.03184590998852,16.617854681296098,62.82062189096575,3.7803087760583365,740.8799539635597,343.2125144979167,2.1586624108022057,1084.0924684614765,68.34102952629148
S13,baseline,0,717.9,47.0660276525598,679.2857142856974,0.06964202885824705,25.4566550332077,5.747126436781609,28.735632183908045,89.21789667098942,6.392224656066548,74.33628318583352,105.52763819095429,31.19135500512077,18.09550690882533,64.05446547818272,3.539799454136475,825.2758131791599,126.44454662922378,6.526780594177263,951.7203598083836,86.71410721373223
S13,baseline,0,747.9,53.64370474550984,695.00000000005,0.07758387049970428,28.031452065876852,8.235294117647058,29.411764705882355,87.31694529442757,7.085355157786,72.79029462738612,105.52763819095429,32.737343563568174,19.93825861301682,73.19672097250894,3.6711692025462037,1282.7819142816834,594.2322479175283,2.1587214742672747,1877.0141621992116,68.34162150266924
S13,baseline,0,777.9,46.425640825508964,692.8571428571786,0.06715455190863096,25.90569488309849,7.317073170731707,30.48780487804878,87.17497314167606,5.825660708576127,72.79029462738612,98.82352941177793,26.03323478439181,18.419976834493408,63.018923392383144,3.4212270709468733,317.71980754124905,290.759145077423,1.0927250713185548,608.4789526186721,52.21541454702723
S13,baseline,0,807.9,63.17205081467573,679.99999999995,0.09155149279095504,26.34930196961551,4.705882352941177,29.411764705882355,87.62860646442091,7.494632658736563,69.53642384106003,99.29078014183554,29.754356300775513,18.742036552766166,87.35074169186385,4.6606856968791694,2953.860445753738,445.4493495182546,6.631192634916371,3399.3097952719927,86.8958883907016
S13,baseline,0,837.9,53.47151146319157,692.8571428571786,0.07628347596470361,18.02910399506377,0.0,22.61904761904762,86.0595305673572,6.174893166611359,69.53642384106003,99.29078014183554,29.754356300775513,12.779793329432648,74.5324221984865,5.832052230988255,511.45496984460203,308.2653539429831,1.6591386716108258,819.7203237875851,62.39383787404249
S13,baseline,0,867.9,33.893453672262204,700.0000000000455,0.048107154173100096,24.076245579009605,2.4096385542168677,21.686746987951807,85.34045668310586,3.771108483549212,70.35175879396952,90.32258064516174,19.970821851192213,17.127230049014543,44.768185070602335,2.6138602063780993,107.01557480056735,147.99436100705395,0.7231057593840795,255.0099358076213,41.96525694641936
S13,baseline,0,897.9,38.149905753236986,695.7142857143026,0.054839567846869046,22.15547150018911,2.380952380952381,17.857142857142858,86.49527981716156,4.581488092405503,70.35175879396952,97.67441860466252,27.322659810692997,15.75673606999435,51.599960139347665,3.2747873614263163,801.7546846035282,410.93066979062877,1.951070444588685,1212.685354394157,66.1139908796932
S13,baseline,0,927.9,56.35564430539156,684.2857142856928,0.08155022604609496,29.275301964744603,8.536585365853659,30.48780487804878,87.33862202667414,6.436094584166513,66.3507109004735,97.67441860466252,31.32370770418902,20.792705070212538,76.93881144139661,3.7002790729532604,662.185374894803,176.13700952200622,3.759490278004696,838.3223844168092,78.98934672434658
S13,baseline,0,957.9,59.15024796511287,667.142857142835,0.08780407792803042,29.032415546438248,9.411764705882353,25.882352941176475,89.66049641795703,6.910734539840494,66.3507109004735,98.82352941175942,32.47281851128592,20.630856814519458,81.06707972887314,3.929409256130373,2321.0186564028654,556.0221432437011,4.174327739651868,2877.0407996465665,80.67381792736458
S13,baseline,0,987.9,55.49657697083545,672.8571428571968,0.08135917617591973,24.65278580860627,10.465116279069768,20.930232558139537,88.49774180355571,6.711517522128046,68.51549755301164,98.82352941175942,30.308031858747782,17.520532717252273,76.50340544226394,4.366499961895102,927.8656273310123,416.019933432725,2.230339348585705,1343.8855607637374,69.04350001377358
S13,baseline,0,1017.9,53.36009184482886,690.7142857143072,0.07548413127257703,30.856154762037477,13.253012048192772,27.710843373493976,85.323985161661,6.013167933103648,68.51549755301164,94.80812641083872,26.292628857827083,21.919737933957087,72.20889067340521,3.294240601368796,1282.9802729912808,256.86465469544413,4.994771563695549,1539.844927686725,83.31879723230792
S13,baseline,0,1047.9,50.04135685120475,658.5714285713493,0.07512232606819422,19.706214233236484,1.1363636363636365,17.045454545454543,90.56629430647453,6.690103834014282,75.00000000000426,105.2631578947486,30.26315789474434,13.998793363708671,69.3708049209422,4.955484599178621,1335.0263049779826,387.4370640993872,3.4457888227119007,1722.4633690773699,77.50680385691359
S13,baseline,0,1077.9,66.50638412915303,659.2857142857156,0.0993282400862123,27.826495709609567,4.597701149425287,26.436781609195403,90.37637073303289,7.911179842170961,61.85567010309104,105.2631578947486,43.40748779165756,19.785652628277763,91.94958515372456,4.64728593396559,592.6612660906285,126.05675419676,4.701543125293809,718.7180202873885,82.46088860463598
S13,baseline,0,1107.9,58.680666937232594,668.5714285713402,0.08572582859110665,29.162490943434758,5.813953488372093,26.744186046511626,88.19261410993528,6.424559164476323,61.85567010309104,95.89041095892661,34.034740855835565,20.740594373079936,80.35340123136176,3.8742091854250673,3102.9970766748356,347.09890266886913,8.939806645355723,3450.0959793437046,89.93944212720436
S13,baseline,0,1137.9,28.322169929832665,666.4285714285825,0.04211271767108463,14.84377951494178,1.1494252873563218,9.195402298850574,89.36742914136171,3.66541006211488,80.15267175574245,95.89041095889176,15.737739203149317,10.549948298259663,38.63921854764512,3.662503118998139,173.5045402440234,149.31170806388138,1.1620290363954002,322.81624830790474,53.74715218130327
S13,baseline,0,1167.9,26.301765200759075,679.99999999995,0.038469502783976664,14.65980777452037,1.1764705882352942,12.941176470588237,87.88341479749286,3.3214647222890847,80.30592734226641,94.17040358744318,13.86447624517676,10.427233821485446,35.70488062133512,3.4241948758993748,435.63881737872373,115.75933426843378,3.7633148128558074,551.3981516471575,79.0062164839267
S13,baseline,0,1197.9,39.01523901695792,691.4285714285597,0.05582317473870378,26.45292130705127,4.761904761904762,28.57142857142857,86.0999001554865,4.573480229263223,71.42857142855905,93.33333333333805,21.904761904778994,18.81713473976379,51.8680363160809,2.7564258338691148,1028.957569606736,153.9139436271676,6.685278444292378,1182.8715132339034,86.98810970547632
S13,amusement,0,1663.9,52.35152329474183,708.5714285713038,0.0745532502432594,27.501116585590005,6.172839506172839,39.50617283950617,85.91784748667092,6.448929264343244,71.06598984772022,101.94174757281823,30.875757725098012,19.44798315709862,71.43626483573313,3.673196560212903,874.057366627999,149.49780624817149,5.84662336233238,1023.5551728761706,85.39426010343092
S13,amusement,0,1693.9,66.81036077485226,671.4285714285779,0.09956211250791963,32.42366691487546,7.317073170731707,32.926829268292686,90.25623559323236,8.620204269832053,71.18644067796501,104.21836228289676,33.03192160493175,22.951345994272447,91.65415610207225,3.9934109365500707,2742.8838848344585,575.8966844563824,4.762805480332993,3318.780569290841,82.64734071950286
S13,amusement,0,1723.9,63.31751825511366,672.8571428570831,0.0945616965455986,33.325489273133684,8.235294117647058,29.411764705882355,90.36281807824807,8.141761952483588,71.18644067796501,104.21836228289676,33.03192160493175,23.702166928081635,86.35058493656344,3.64315149743789,2274.0805928552563,817.3978098910989,2.7820977317742384,3091.478402746355,73.55964676431338
S13,amusement,0,1753.9,42.5311682442144,684.2857142858065,0.06200086523536611,27.894386892764956,5.813953488372093,26.744186046511626,87.79194814584427,5.345305822914774,71.18644067796501,101.20481927710621,30.0183785991412,19.836615222816423,56.78300133787638,2.862534797396462,1264.9274817675305,445.6102920114611,2.838640633854562,1710.5377737789915,73.94911127703423
S13,amusement,0,1783.9,43.3288189341846,675.7142857143208,0.06372037258208448,23.908006504955548,3.4482758620689653,21.839080459770116,88.57582114800601,5.397603016026751,71.18644067796501,98.59154929578013,27.405108617815117,17.003192476946893,58.8698950742619,3.462284812342054,604.4252837953728,96.17609729571134,6.2845686276596835,700.6013810910841,86.27235116980057
S13,amusement,0,1813.9,59.53144568866286,670.0000000000728,0.08653249177884999,33.935025203761484,9.63855421686747,39.75903614457831,87.83111669468204,7.250406954526222,71.4285714285784,99.29078014185421,27.86220871327582,24.137306854366155,80.65591403847954,3.3415457045444916,2363.070595237801,348.08772445370164,6.788721432065634,2711.1583196915026,87.16092225505629
S13,amusement,0,1843.9,74.5419666168049,694.2857142855701,0.10436133008649179,42.79833216211235,18.9873417721519,55.69620253164557,84.86089525259234,8.385269165486203,66.03773584906236,99.29078014185421,33.253044292791856,30.408239395352005,100.93734963370434,3.319407885519769,4091.631336908527,678.4790107403715,6.0305938314048175,4770.110347648899,85.77645041115701
S13,amusement,0,1873.9,74.78689681669537,690.0000000000546,0.1044876447048215,42.02472665673351,15.853658536585366,42.68292682926829,84.66129391104461,8.115479106817437,64.41717791411061,97.67441860466252,33.25724069055191,29.89696545071243,101.45112777973928,3.3933586987946884,3310.6994609409776,341.82405733223203,9.685390451389969,3652.5235182732094,90.64142761512362
S13,amusement,0,1903.9,64.90345500634872,674.9999999998408,0.09405618524788033,35.17679580043279,9.411764705882353,35.294117647058826,87.64845293130857,7.563108496152756,64.41717791411061,100.23866348445293,35.82148557034232,25.01766939753542,88.31213484815032,3.5299904817213013,3201.1732202435683,435.2876832558741,7.354155294033052,3636.4609034994423,88.02990889199475
S13,amusement,0,1933.9,72.86959167511326,687.1428571428169,0.10410709608095192,37.018015874079005,10.975609756097562,46.34146341463415,86.56604864744261,8.284117342240677,64.12213740457837,100.23866348445293,36.11652607987456,26.31417660397917,99.63693537765032,3.7864356113876445,3437.705034508782,357.2782853309598,9.62192547281263,3794.983319839742,90.58551104920146
S13,amusement,0,1963.9,81.91550660209836,677.142857142826,0.11639999488166723,40.94560912135371,12.048192771084338,40.963855421686745,86.25531889165916,8.745297178205615,60.431654676266504,98.36065573772105,37.92900106145454,29.08738715188671,112.13484896513258,3.855102157495061,7275.377149388353,974.1284672013151,7.468601313223722,8249.505616589668,88.19167459874986
S13,meditation,0,2346.9,91.84241972660405,755.7142857144754,0.12070973965530235,60.05748231091292,15.789473684210526,56.57894736842105,79.91312370657427,8.976168548352351,53.70843989769708,95.67198177672852,41.96354187903143,42.748624096637066,122.64833981884891,2.8690593536201643,4151.021460715496,1164.2546343681229,3.5653896821019604,5315.276095083618,78.09606474732323
S13,meditation,0,2376.9,69.47436229935263,773.5714285715858,0.08789927133765965,53.030603409330105,32.87671232876712,68.4931506849315,76.45122496243725,6.248778465411277,58.333333333331126,85.71428571430799,27.380952380976865,37.75447417120989,90.7081788697076,2.4025809089106094,2463.1264893798234,1745.463789135531,1.4111587445762632,4208.590278515354,58.526164971533646
S13,meditation,0,2406.9,73.85714770483277,749.2857142858611,0.09506666322849927,50.848046270440314,32.0,64.0,77.87440506320479,6.905036698128698,58.333333333331126,90.12875536480088,31.795422031469755,36.08707880734027,98.017749807572,2.7161453087090766,1661.305143032408,1270.607691345292,1.3074886562928436,2931.9128343777,56.66284220843901
S13,meditation,0,2436.9,58.64407813606205,740.0000000002365,0.07732885499843176,43.46666682716941,20.51282051282051,55.12820512820513,79.55668011228492,5.783322856212205,64.91499227201761,90.12875536480088,25.213763092783267,30.93279634951412,76.95074990444594,2.487675185746815,543.8500622732695,1468.953462295067,0.3702296064734193,2012.8035245683366,27.019530502357547
S13,meditation,0,2466.9,61.18771392829073,745.7142857142571,0.08054120492971746,42.28342018545324,23.376623376623375,58.44155844155844,79.46226855461938,6.113687975944847,64.71494607088044,88.60759493671294,23.8926488658325,30.081946194082995,81.13537566756551,2.6971451628859215,755.4036530134322,849.0984214572887,0.8896538185961407,1604.5020744707208,47.080254057173356
S13,meditation,0,2496.9,83.50085442092617,770.7142857141207,0.10676171839374024,53.722227418038415,34.24657534246575,64.38356164383562,77.55227750444502,7.991481079292747,61.94690265489036,89.36170212768897,27.414799472798613,38.23951905512626,111.72521899948126,2.921721343786194,6641.633867308314,821.6123206527985,8.08365904497551,7463.246187961112,88.99122044267904
S13,meditation,0,2526.9,92.4705057159284,797.1428571427168,0.11555421212178327,63.456512864665456,34.72222222222222,66.66666666666666,75.93993247443548,8.493373126101236,56.375838926175874,89.36170212768897,32.9858632015131,45.182055639023574,122.71988715343275,2.716120048496422,4915.754997162696,942.6434007947827,5.214861731401307,5858.398397957479,83.90953744075456
S13,meditation,0,2556.9,94.57630826995126,805.0000000000637,0.11819756727425922,64.1838723639597,20.54794520547945,60.273972602739725,76.02237334113032,8.953499889748477,56.375838926175874,91.90371991247851,35.527880986302634,45.69715072163177,125.70253214581705,2.750773957692573,5826.250465524585,1170.210712413822,4.978804589394534,6996.461177938407,83.27424847144455
S13,meditation,0,2586.9,107.61613177822618,785.7142857144481,0.13698281425512054,72.56613997731728,29.166666666666668,66.66666666666666,77.78933366126354,10.572162394481415,54.33376455369,97.44779582368768,43.11403126999768,51.54035400934426,143.19935595668213,2.778392944889748,6427.202024290278,936.6919721372738,6.861596144168043,7363.893996427552,87.27993677541133
S13,meditation,0,2616.9,113.74459087976314,745.7142857142571,0.14734118831423354,84.28554844258184,34.24657534246575,65.75342465753424,79.29679955091706,10.940331289321808,54.33376455369,97.44779582368768,43.11403126999768,59.962344130581734,149.2654722136874,2.4893201621442227,8029.956835146007,2368.0701323453827,3.3909286407801535,10398.026967491389,77.22577427670684
S13,meditation,0,2646.9,100.76997915098421,738.5714285715039,0.1308795632828447,73.32647739978418,23.684210526315788,57.89473684210527,79.16561117427771,9.651103143763379,55.925432756323275,93.33333333330503,37.40790057698176,52.18935167457683,132.61013900892695,2.5409424481033698,5215.943331594967,1282.8713314924719,4.065835133697175,6498.814663087439,80.25991818509549
S13,meditation,0,2676.9,95.94484152156299,735.0000000001273,0.12663077055469946,69.15778216382387,27.27272727272727,53.246753246753244,80.30727154909114,9.038148662726181,53.29949238578299,92.71523178804745,39.41573940226446,49.21040509645553,126.44825526450896,2.569543067500914,7830.993123742076,2497.8347042116293,3.1351126279645904,10328.827827953704,75.8168618373951
S13,stress,1,3260.9,30.792794380938222,519.9999999999818,0.05898804502481843,12.245605301349459,0.0,9.734513274336283,115.3218780180537,6.571489911064023,96.55172413792296,126.12612612612888,29.57440198820592,8.693065275556998,42.67110248972232,4.908637073013146,271.7036021358093,87.1261795319833,3.1185070158627717,358.82978166779264,75.71935664675532
S13,stress,1,3290.9,35.090633194867465,509.99999999976353,0.06837095177980183,21.06145147523757,6.086956521739131,18.26086956521739,117.41153375726098,7.536885716280099,88.60759493671294,131.66144200626735,43.05384706955441,14.957777715399692,47.317755249484954,3.1634214754220635,567.0943200694871,382.6910314029441,1.481859446746168,949.7853514724312,59.70762964393306
S13,stress,1,3320.9,35.392014657333895,495.7142857144845,0.07001437971681236,20.5972230088036,5.982905982905983,15.384615384615385,119.21883886375547,7.598770190990533,88.60759493671294,131.66144200626735,43.05384706955441,14.626708995338753,47.866990577803726,3.272574206067681,350.78006895960266,184.84977943239252,1.8976493779799068,535.6298483919952,65.48926838425328
S13,stress,1,3350.9,26.72046608142938,490.00000000023647,0.05404052465064934,9.915610305531887,0.0,5.042016806722689,121.68828843891833,6.393700420381245,104.21836228289676,132.07547169815777,27.857109415261007,7.034717658027936,37.127878510486774,5.277806489947309,333.5361028752306,88.27660838650992,3.7783067221486077,421.8127112617405,79.07208435647804
S13,stress,1,3380.9,35.93639828873961,501.42857142873254,0.07082639922627279,12.349017802057586,0.0,11.206896551724139,118.83085030328743,8.250693329207285,101.94174757281823,132.07547169815777,30.13372412533954,8.76784659204402,50.0597074509254,5.709464339436526,188.9628929193592,268.516265062447,0.7037297829068693,457.4791579818062,41.30524628771705
S13,stress,1,3410.9,37.09728914521105,522.1428571428532,0.07018406054499354,15.777921928171468,2.7027027027027026,18.91891891891892,114.05491906027306,7.801529802749207,95.02262443434847,125.37313432839565,30.35050989404718,11.205468301158852,51.25285556921206,4.573914645219385,846.370786013641,162.0365526975042,5.223332463716858,1008.4073387111453,83.93143856880249
S13,stress,1,3440.9,47.39953043415252,534.2857142854882,0.0871508065961211,19.608314986986247,6.481481481481481,22.22222222222222,111.08607102720049,8.940073536321291,87.13692946053685,123.89380530972255,36.756875849185704,13.881778119120433,65.57992991005564,4.724173614310072,1567.079443066328,311.8420125326571,5.025235151412506,1878.9214555989852,83.40313739015532
S13,stress,1,3470.9,49.01618852371582,542.857142856974,0.08785146016813417,19.545273411862706,3.7735849056603774,22.641509433962266,108.30417655068342,8.842372872475744,87.13692946053685,121.3872832370408,34.25035377650396,13.884350188338502,67.91463976664004,4.891452523552863,1663.184085407839,427.912606768253,3.8867377569658252,2091.096692176092,79.5364504965599
S13,stress,1,3500.9,40.81013165966549,557.1428571429351,0.07223467012607819,15.826274280873207,0.0,18.269230769230766,106.7364998448898,7.50244449172378,91.1062906724307,121.3872832370408,30.280992564610102,11.243686829266135,56.60841985644759,5.034684860583436,562.9390506787986,162.4012521036597,3.4663467392448317,725.3403027824583,77.61033662672864
S13,stress,1,3530.9,38.80813220807275,594.2857142858884,0.06582541497794629,14.87773298507558,1.0,13.0,102.2138834368025,6.821473622396153,88.05031446540914,116.3434903047197,28.29317583931055,10.550581996149951,53.85933039410185,5.104868187722331,1618.0156780173284,118.69266686615705,13.631976774452902,1736.7083448834853,93.16565344919098
S13,stress,1,3560.9,38.628450699910594,592.8571428571558,0.06521554706601883,13.837246393551515,0.0,11.0,101.72423683575066,6.647204721144957,87.49999999999669,116.3434903047197,28.843490304723005,9.772383774838511,53.7476969023615,5.499957650123056,290.7788615014573,205.69025335192282,1.4136735054915477,496.4691148533801,58.56937577825594
S13,stress,1,3590.9,55.65458810206896,517.1428571429715,0.1059105499416265,11.78416811133169,0.0,10.714285714285714,115.41361521880798,11.830287616846876,87.68267223383778,135.92233009702096,48.23965786318318,8.3003922381653,78.26857506250205,9.429503186924377,110.1097048016047,52.460082473249585,2.0989235931482146,162.5697872748543,67.73073068948776
S13,stress,1,3620.9,27.72194287442123,494.28571428597934,0.05619719577796109,9.023683087128264,0.0,6.722689075630252,122.00940595391832,6.814506302201781,106.8702290076133,135.92233009702096,29.052101089407657,6.407664676625631,38.67756542050278,6.0361406803314415,452.7482378495754,45.25665579141561,10.004014435716519,498.004893640991,90.91240741420488
S13,stress,1,3650.9,42.11172232871115,504.28571428574287,0.08175160121207811,12.030662579650095,0.0,7.894736842105263,117.18416329153494,8.749867304235426,92.30769230767939,128.83435582815832,36.526663520478934,8.534276207759234,58.940312559322365,6.906304779043211,278.41315324545684,110.13863118281759,2.5278428672617395,388.55178442827446,71.65406630550454
S13,stress,1,3680.9,72.13038496895555,531.4285714287053,0.12993988237270745,23.876629953665162,4.672897196261682,19.626168224299064,109.70791969260917,12.719199995785608,74.73309608540465,128.4403669723706,53.70727088696596,16.929480213519312,100.59312884705156,5.941891161355402,1661.683979546345,189.10393818361987,8.787146346644828,1850.7879177299649,89.78251714461372
S13,stress,1,3710.9,60.52067114059052,576.4285714285506,0.10340462608433212,26.070919953991744,5.9405940594059405,25.742574257425744,103.52603127819897,9.990773468835643,74.73309608540465,121.73913043475693,47.00603434935228,18.52205928449042,83.56097528438042,4.511430073779691,1769.9772151308248,667.2092636560205,2.6528067152906556,2437.1864787868453,72.62379102036803
S13,stress,1,3740.9,44.3116568268159,595.0000000000273,0.07358103355730938,22.915518240418283,6.185567010309279,27.835051546391753,100.1240541218443,6.793085982786411,77.20588235295331,111.1111111111186,33.90522875816529,16.28732556905663,60.51255148547741,3.7153153984004463,516.1513644320033,410.821144101728,1.2563894819985053,926.9725085337313,55.68141014758273
S13,stress,1,3770.9,54.91390257920581,600.7142857145027,0.09076240734691003,23.81021108482861,7.216494845360824,30.927835051546392,99.95199686743034,8.770704192963743,77.20588235295331,116.3434903047197,39.137607951766384,16.913668251294894,75.79578628949074,4.481333390448159,1131.0877654667836,351.09257475125384,3.221622577088535,1482.1803402180374,76.31242533552928
S13,stress,1,3800.9,68.37762561254112,594.285714285661,0.11279258222570354,31.712136216600108,8.24742268041237,39.175257731958766,100.12538971339656,10.41495672923345,72.41379310346872,116.3434903047197,43.929697201250974,22.535432161679744,94.03804371691284,4.172897286470474,2617.6758625232856,428.18050539431556,6.113486787803762,3045.8563679176013,85.94219642448027
S13,stress,1,3830.9,60.960290732642406,614.2857142858702,0.09791025020034805,33.520180257124494,8.695652173913043,45.65217391304348,97.21889665556178,8.866803449097667,72.41379310346872,114.13043478257146,41.716641679102736,23.832223611312905,82.85130783612867,3.4764405196668275,1593.2276984795524,385.5947162785351,4.131871188112135,1978.8224147580875,80.51393023432705
S13,stress,1,3860.9,50.508439498952555,621.4285714286234,0.08037594200253734,28.273565092978437,9.89010989010989,34.065934065934066,96.06292029187624,7.362540198072576,76.9230769230572,107.14285714286758,30.21978021981039,20.051558222903356,68.55756657052683,3.4190642846010233,2125.679545968399,873.0611704922732,2.4347429685480577,2998.740716460672,70.88573994744293
S13,meditation,0,4947.9,89.87869487840905,776.4285714288235,0.11345420947909514,41.4852899385485,20.28985507246377,50.72463768115942,76.65163118365547,8.273123342621899,54.19354838708406,94.17040358744318,39.97685520035912,29.360881224540048,123.67011862131757,4.212071077687994,5070.057556578073,1430.117347556162,3.545203871026372,6500.174904134235,77.99878666885441
S13,meditation,0,4977.9,75.75352373189828,783.5714285711219,0.09382545530718743,54.50047296545573,25.37313432835821,53.73134328358209,74.94185271293209,6.820848857073066,60.1719197707382,87.68267223383778,27.51075246309958,38.59316319094842,99.93878361534814,2.589546317332901,1514.7046151638176,1896.2050076246758,0.7988084669501252,3410.9096227884934,44.40764437274986
S13,meditation,0,5007.9,99.21819734984079,809.2857142855792,0.12094512519788791,64.08711692483104,35.38461538461539,73.84615384615385,74.18016942983034,8.781251760896417,58.49582172700972,87.866108786649,29.370287059639274,45.50228788220689,132.73297694314203,2.9170616054900753,9281.05397408873,1007.9444102151335,9.20790261846663,10288.998384303864,90.20366830115574
S13,meditation,0,5037.9,103.40052373717349,799.9999999997272,0.12564111221446433,72.41473088838514,35.38461538461539,73.84615384615385,73.97561620147809,8.705628747457174,54.33376455364525,87.866108786649,33.53234423300374,51.343961803438106,136.92017457106402,2.666723987822372,8020.686845094007,2204.793405095585,3.6378405462194694,10225.480250189592,78.43824102975793
S13,meditation,0,5067.9,100.49035525124317,782.8571428572104,0.12445343996500202,66.94938506672841,28.78787878787879,62.121212121212125,75.3608513323189,8.660437154084144,54.33376455364525,91.10629067249361,36.77252611884836,47.45825583917943,133.95647408671633,2.822616881257735,3878.5846041393606,2065.7979898487497,1.877523660686366,5944.38259398811,65.24789652775702
S13,meditation,0,5097.9,114.568593248525,795.7142857139843,0.138858825472476,77.38797836901571,37.878787878787875,72.72727272727273,74.04071429901508,9.736677617353646,53.16455696202777,91.10629067249361,37.94173371046585,54.723650655882,152.50326939703598,2.7867890312366086,11733.983387045475,3112.7873444096845,3.7696064937165605,14846.770731455159,79.03390979282271
S13,meditation,0,5127.9,112.657585296862,801.4285714284597,0.13703601220232267,75.19841700980653,38.23529411764706,70.58823529411765,74.30233408892398,9.834675052723627,56.30026809650761,91.30434782615194,35.00407972964433,53.184332470560626,150.18285464559642,2.8238176107357904,7619.850612157241,1900.9206420525375,4.008505375547731,9520.771254209778,80.03396372733972
S13,meditation,0,5157.9,98.5826029184867,803.5714285720132,0.12054068830178824,66.12086499383513,23.52941176470588,51.470588235294116,74.37361119991449,8.586858540194191,52.83018867921023,91.30434782615194,38.47415914694171,47.00883426945447,131.252537868778,2.7920823800147634,7826.50161527957,1706.5474888361387,4.586161045314493,9533.049104115707,82.09861849867774
S13,meditation,0,5187.9,91.12496298932592,799.9999999992724,0.11136848130058155,72.35465905775051,21.73913043478261,47.82608695652174,74.16384519654851,7.691353028518276,52.83018867921023,91.10629067236779,38.27610199315756,51.39665564702114,118.17741555776877,2.2993211147702004,3099.5435170374085,2103.8006886930525,1.4733066367436845,5203.344205730461,59.568296743157426
S13,meditation,0,5217.9,83.91442794572481,752.8571428570103,0.10870451315648705,60.30296224022418,19.718309859154928,49.29577464788733,78.57373948128402,7.988647767108822,57.53424657537687,94.17040358744318,36.636157012066306,42.7822282869189,110.6930141324304,2.5873597183874577,2650.7203183508555,1174.3217243814222,2.2572351880376997,3825.042042732278,69.2991158982768
S13,meditation,0,5247.9,72.12010934785928,750.7142857139115,0.09573138745948803,43.515688669212786,18.571428571428573,50.0,80.32631271216225,7.294478355350746,63.253012048215645,94.17040358744318,30.91739153922753,30.466884994291622,97.33647447611285,3.194828565321008,1548.331070264952,1366.9965529015751,1.1326517736847819,2915.327623166527,53.110019538154305
S13,meditation,0,5277.9,68.40772603775733,735.7142857140389,0.0923286162471336,42.2453195597805,15.789473684210526,53.94736842105263,81.61984058206265,7.051250472391028,63.54009077155265,92.1052631577948,28.565172386242146,29.985301925191347,91.97888688046208,3.067465757387905,1918.2346924988867,697.616738031252,2.749697058462713,2615.8514305301387,73.33117890835756
S14,baseline,0,26.2,53.22004334451272,839.9999999999964,0.06348950227364399,42.427781206137695,30.0,64.28571428571429,71.872201176752,4.71981153333419,64.12213740457935,86.06557377049175,21.943436365912405,30.19946086464168,68.94010872248897,2.282825810417227,1038.4186646092132,546.7661809845144,1.8992006102854109,1585.1848455937277,65.5077335299831
S14,baseline,0,56.2,43.36593342672777,881.4285714285717,0.04974499785791984,41.16562388334135,28.35820895522388,61.19402985074627,68.99871797175085,3.534252555578062,62.13017751479298,78.06691449814215,15.93673698334917,29.32591554562916,53.86277974031229,1.8366955894865553,403.98750287648556,538.9818424690027,0.749538242375427,942.9693453454883,42.84206107765585
S14,baseline,0,86.2,50.84132200253738,871.4285714285666,0.05891782079038736,36.611421147825766,17.647058823529413,64.70588235294117,69.78510046473014,4.387140036069003,62.13017751479298,83.83233532934148,21.702157814548492,25.981270724925675,67.0421778990622,2.5804041152900146,205.25018732757232,447.42663074335616,0.4587348477370892,652.6768180709284,31.447445603203132
S14,baseline,0,116.2,73.65177945206293,868.5714285714283,0.08618521531966852,33.38316603184624,11.76470588235294,55.88235294117647,70.76666767583072,6.588810176418646,59.574468085105806,87.86610878661243,28.291640701506623,23.777537672620458,101.40906239157205,4.264910176479011,1573.1009728640913,391.66964561949436,4.0163974677587175,1964.7706184835856,80.06537547259406
S14,baseline,0,146.2,81.94584993897405,830.7142857142935,0.0988514684148136,31.80370881997731,10.144927536231885,47.82608695652174,73.09141917863788,7.358019047834439,59.574468085105806,87.86610878661243,28.291640701506623,22.627071373933358,113.65852491335893,5.02312133263056,188.24756357793413,457.25656197416686,0.4116891461659753,645.504125552101,29.162875359925177
S14,baseline,0,176.2,60.910576159986434,824.2857142857076,0.07406791899204565,32.85408086511114,8.450704225352112,47.88732394366197,73.36600933963976,5.57142213325461,63.92694063926892,86.41975308642002,22.492812447151096,23.396061263970218,82.90247821154423,3.543437387865517,2254.870078691391,523.9142096709971,4.303891814859123,2778.784288362388,81.1459201109938
S14,baseline,0,206.2,39.56982001587274,848.5714285714039,0.04655953389282695,28.489377983089224,5.88235294117647,47.05882352941176,70.7482895603448,3.267473576654115,63.92694063926892,77.34806629834245,13.421125659073525,20.294259818941484,52.15059281138061,2.5697213535576338,817.8300282759947,287.34603102960745,2.846150424787762,1105.1760593056022,73.99997687154469
S14,baseline,0,236.2,31.674207978637124,832.8571428571081,0.038000486084542685,26.927177466234962,4.285714285714286,44.285714285714285,72.08519701058346,2.710488186412808,64.9149922720236,77.92207792207977,13.007085650056169,19.174143516963436,40.48287443523259,2.111326349436012,98.11724165635381,241.69932052504544,0.4059475278755973,339.81656218139926,28.873590217765
S14,baseline,0,266.2,30.19910930693392,831.4285714286029,0.0363531840324226,30.989246992256536,11.267605633802818,53.52112676056338,72.3203131943152,2.6067386131639605,65.11627906976699,77.92207792207977,12.805798852312776,22.068503523822212,36.56437553252253,1.6568579511090324,669.4430171450286,274.1241520592901,2.4421161437837675,943.5671692043188,70.94810406656575
S14,baseline,0,296.2,39.80323005204276,844.9999999999989,0.047073717719397924,33.71154847294413,14.492753623188406,60.86956521739131,71.11591797341507,3.3754319402579953,63.829787234042705,80.92485549132951,17.095068257286805,24.00875118099029,50.91339815687985,2.1206183434143875,261.2970445592598,325.6068880087641,0.8024923740318008,586.903932568024,44.52126320161855
S14,baseline,0,326.2,63.34984316057204,829.2857142857031,0.07764103045237045,31.72441696532962,11.267605633802818,49.29577464788733,73.9967316517914,6.050541371109082,63.829787234042705,89.74358974358634,25.913802509543636,22.57241275537782,86.70000830068594,3.84097213001875,1346.1702544259779,463.0313799206804,2.9072981072180974,1809.2016343466582,74.4068670329335
S14,baseline,0,356.2,58.68229686484625,810.0000000000023,0.07297976027145084,28.9875452182023,8.333333333333332,51.388888888888886,75.02688161815486,5.695299929806574,65.93406593406412,89.74358974358634,23.80952380952222,20.641127353358822,80.38138958894845,3.894234467569835,644.2898621192365,174.29092664347002,3.696634555378764,818.5807887627066,78.70815818840403
S14,baseline,0,386.2,37.27057000715767,830.0000000000409,0.044891242259548166,27.888261007825143,4.285714285714286,58.57142857142858,72.41496490071094,3.3247808538823542,65.93406593406412,82.84023668639064,16.906170752326517,19.85342090707945,48.82655482013064,2.45935222189944,258.14409135519577,250.4313255188142,1.0307979276170949,508.57541687401,50.75827159360047
S14,baseline,0,416.2,25.66672670524419,827.8571428571411,0.030924506369541898,27.736285321328346,4.225352112676056,63.38028169014085,72.359236521179,2.242937219289277,67.41573033707537,77.20588235293637,9.790152015860997,19.752087265416467,30.45351815772298,1.5417873437124507,259.75663514370393,279.97459848172673,0.927786436885122,539.7312336254306,48.127034153441834
S14,baseline,0,446.2,57.70026175351166,812.1428571428453,0.07226134033247679,27.052067750605413,5.47945205479452,54.794520547945204,75.54627462610478,5.696550630034014,66.03773584905824,88.23529411764618,22.19755826858794,19.231176864037195,79.30196876037594,4.123614967562006,895.0300213727832,229.9938582972367,3.891538791510141,1125.0238796700198,79.55653542530172
S14,baseline,0,476.2,66.238426319152,802.8571428571922,0.08252751706511605,28.31431935033582,6.944444444444445,44.44444444444444,75.26523156112218,6.297582814275759,63.82978723403885,88.23529411764618,24.40550688360733,20.149369560199634,91.48257292403814,4.540220112133958,1538.9398542154654,297.3395660603165,5.175698191149191,1836.2794202757818,83.8074988600776
S14,baseline,0,506.2,52.072626737052104,800.714285714264,0.06468339044577588,29.3370987324183,10.95890410958904,42.465753424657535,74.8344761007306,4.785809233777572,63.82978723403885,87.13692946058,23.30714222654116,20.88577408867802,70.61799594515135,3.3811529151525535,203.85048017559347,265.0773583854411,0.7690226031269731,468.92783856103455,43.47160978992736
S14,baseline,0,536.2,43.45716323091969,806.4285714286257,0.05405275549540505,28.416409203010463,10.95890410958904,39.726027397260275,74.85217319250118,4.197688444629922,68.18181818181853,87.13692946058,18.95511127876148,20.21849709149315,58.03673360483754,2.870477134982316,788.0354044171604,364.098171332446,2.1643487017066927,1152.1335757496063,68.39792025889405
S14,baseline,0,566.2,31.737435519738312,828.5714285714221,0.03825827804048104,29.173753130494514,14.285714285714285,37.142857142857146,72.43402445774736,2.821059524203717,67.7419354838742,80.3059273422542,12.563991858379993,20.765696179721463,39.79089706089316,1.9161841103959987,526.1368519137154,386.0344479292664,1.3629272069784824,912.1712998429819,57.67961039820951
S14,baseline,0,596.2,34.98696016276483,828.5714285714221,0.04217852617497239,31.766733612861298,15.714285714285714,48.57142857142857,72.46155968007464,3.0952107367755626,66.45569620253471,80.3059273422542,13.850231139719483,22.624430001420425,44.00352179056369,1.9449560403422772,459.42283726838775,273.4286074073641,1.680229591280193,732.8514446757518,62.68976347200327
S14,baseline,0,626.2,40.68892198122303,848.5714285715176,0.048068982257152865,34.68368067001974,14.492753623188406,57.971014492753625,71.04603953085001,3.4527946406141066,64.51612903226153,78.79924953096464,14.283120498703113,24.699650295935022,51.97214657147256,2.104165279620414,762.0403252473116,323.34280512165105,2.35675670890716,1085.3831303689626,70.2093393498999
S14,baseline,0,656.2,39.26769108610157,861.4285714286325,0.04551874335706208,36.70802353158855,17.647058823529413,60.29411764705882,69.69727079268814,3.25601419943934,63.34841628958846,78.79924953096464,15.450833241376188,26.143929387298872,48.99385760132521,1.8740051227772665,414.995199983723,404.57282124398665,1.0257614406911701,819.5680212277097,50.63584586451554
S14,baseline,0,686.2,38.846097739505026,857.1428571427759,0.04555036826925779,34.95423128222246,17.391304347826086,55.072463768115945,70.50011842851005,3.2342637329772286,63.34841628958846,78.6516853932613,15.303269103672847,24.88696019592036,48.97629866967318,1.9679502150568677,1341.8258941423671,347.7095032224542,3.8590429128533392,1689.5353973648214,79.4198154258988
S14,baseline,0,716.2,37.20005766435447,831.4285714286598,0.0446753060583418,32.62294529570487,11.428571428571429,54.285714285714285,72.19885342471866,3.229141823528941,64.91499227201761,79.69639468689698,14.781402414879366,23.227187960048717,47.20366850077611,2.032259289500196,489.8791400871063,383.13594474085585,1.2786039702394643,873.0150848279621,56.113479434738835
S14,baseline,0,746.2,49.65349915107569,810.0000000000591,0.06174215370774962,32.23091993019876,12.5,56.94444444444444,74.90592479771107,4.917503730246594,66.98564593301819,90.32258064516174,23.336934712143545,22.910526192243765,66.37806675014166,2.897273776828993,831.1856752247396,336.6100476219924,2.4692836149625204,1167.7957228467321,71.17560537030919
S14,baseline,0,776.2,70.16995101970569,814.2857142856883,0.08828206831063647,34.849372511992826,16.216216216216218,54.054054054054056,76.11459992941634,7.242006861658535,65.11627906976699,93.95973154363314,28.84345247386615,24.786666562517766,96.08988090810787,3.8766762229098752,2654.4989941693666,340.4519660670137,7.796985356950066,2994.9509602363805,88.63246942647291
S14,baseline,0,806.2,64.6700511466816,832.1428571428555,0.07875539017524653,35.483763072624654,12.676056338028168,53.52112676056338,73.57789595818319,6.607563500372342,64.31852986217933,93.95973154363314,29.641201681453808,25.170335007355106,87.9254528919035,3.493217427031087,998.2965825360446,494.6692429313031,2.018109265537422,1492.9658254673477,66.8666734031601
S14,baseline,0,836.2,39.42542176950265,818.5714285713743,0.04821862353327995,31.81082701138868,8.450704225352112,56.33802816901409,73.54925823047942,3.5241327901402695,64.31852986217933,81.71206225681678,17.393532394637447,22.629589128188147,50.95713354669526,2.251792255619056,359.89036717765504,272.0942353004704,1.3226681071733564,631.9846024781255,56.946065737434125
S14,baseline,0,866.2,59.68641766590208,768.571428571363,0.07896879912253006,25.391234885298296,5.128205128205128,39.743589743589745,79.89119506151654,6.522136434930865,71.42857142856872,92.51101321585283,21.08244178728411,18.06803775147192,82.45291334688181,4.5634680689199225,867.633950427338,101.62326293233146,8.537749383279252,969.2572133596695,89.51534623301056
S14,baseline,0,896.2,67.65491688124473,772.8571428571058,0.08877787165555423,29.670422170273675,12.987012987012985,32.467532467532465,79.35829957124164,7.1603504214778395,66.14173228346552,92.51101321585283,26.369280932387312,21.10524058120784,93.32172510420928,4.4217323533996185,1928.0675586546386,228.9400287680589,8.421714494532454,2157.0075874226973,89.3862205166553
S14,baseline,0,926.2,48.48355287927915,787.1428571429533,0.06161373272081128,31.70986786162786,17.56756756756757,37.83783783783784,76.53309076169089,4.6862999736025985,66.14173228346552,86.95652173913788,20.81478945567237,22.57489899026839,64.7432138156185,2.867929280371446,824.168328231253,439.85817057105265,1.8737138090700094,1264.0264988023057,65.20182361779374
S14,baseline,0,956.2,47.77102564855267,776.4285714285961,0.06137506193254931,31.716859612421388,13.333333333333334,46.666666666666664,77.37280310248366,4.736699509818981,67.20000000000245,86.95652173913788,19.756521739135437,22.57774051165888,63.67407177507617,2.820214526878614,1387.4664048978136,176.69131025569587,7.852488064579774,1564.1577151535096,88.70374077090078
S14,baseline,0,986.2,44.5110666137966,814.2857142856883,0.05489755512562779,35.37377354587029,16.666666666666664,58.333333333333336,74.23268024064008,4.291725364888521,67.20000000000245,85.36585365854715,18.165853658544705,25.186284975112063,57.68987043968916,2.2905271855970684,610.8006231254366,282.046889637835,2.1655995707300333,892.8475127632717,68.41040764453396
S14,baseline,0,1016.2,29.667543234760814,827.8571428571695,0.03601522699212235,33.699720620138415,15.492957746478872,54.929577464788736,72.93296504058266,2.6861397985357565,69.07894736840638,80.30592734226641,11.22697997386004,23.996014876018215,34.416820208187694,1.4342723317188848,47.673324786846905,354.29512040809817,0.1345582313748322,401.96844519494505,11.859966959278728
S14,baseline,0,1046.2,36.67927664156726,804.2857142856974,0.04559369083130433,33.27844119735048,12.5,58.333333333333336,74.73439337869969,3.3891431791053197,66.87898089172003,83.00395256918205,16.124971677462014,23.687240476136306,46.14816690317107,1.9482289188418973,333.44235449980755,204.8643070306211,1.627625423544219,538.3066615304286,61.942825220073786
S14,baseline,0,1076.2,43.8800607026683,795.7142857142117,0.0546082925867939,34.20418547276478,12.5,61.111111111111114,74.8872234716446,4.051082162726922,66.87898089172003,83.00395256918205,16.124971677462014,24.33389294685339,57.085734720600634,2.3459351467222747,309.5591296895477,240.6742101776178,1.2862164561009375,550.2333398671656,56.25960974380067
S14,baseline,0,1106.2,50.964862133379185,801.4285714286871,0.06377136740001459,33.29819806662353,12.162162162162163,47.2972972972973,75.38836465172723,4.963733039546247,66.98564593300969,89.17197452230091,22.18632858929122,23.68874179374823,68.07112351634738,2.87356433317671,139.1571794019778,401.5569296341272,0.34654408661000785,540.714109036105,25.735814375186923
S14,baseline,0,1136.2,64.88205801675547,830.0000000001546,0.07971420380496744,40.03647713191057,18.055555555555554,51.388888888888886,74.20365565169148,6.232085613235607,63.15789473683908,91.7030567685422,28.545162031703114,28.508142379274837,87.21610357647398,3.0593401146992765,3113.0154446750503,585.8527857503017,5.313647934076496,3698.868230425352,84.16129612481676
S14,stress,1,1904.2,23.598985951266844,426.4285714285734,0.0554471499214614,5.2927788128166195,0.0,0.0,141.39929173789386,7.749898559970668,123.52941176471084,154.41176470590662,30.882352941195776,3.7469066991565882,33.163005986249125,8.850769087395202,59.44272863815976,26.66105322822883,2.2295716575525817,86.10378186638859,69.03614144428629
S14,stress,1,1934.2,24.448552854963207,454.28571428567466,0.05327247347656182,7.631150409574222,0.0,0.7751937984496124,131.09213522567597,6.715752461887216,113.20754716976859,141.89189189183566,28.684344722067067,5.415015933844167,34.14880782457966,6.306317145097878,306.6722381283636,40.07804086402687,7.651876975943342,346.75027899239046,88.44181438570482
S14,stress,1,1964.2,27.960563066978512,474.28571428565647,0.05840115682589537,11.341128893534668,0.8130081300813009,6.504065040650407,125.72415826212281,6.969332008379849,103.44827586204138,138.61386138608785,35.16558552404646,8.051360777663259,38.713844599482385,4.808360433541307,707.5927417493061,173.45689989573503,4.079357708886993,881.0496416450412,80.31247143215823
S14,stress,1,1994.2,33.00184620103476,455.7142857142935,0.07183409487153253,9.138668752716596,0.7751937984496124,3.875968992248062,131.22232225487468,8.771364558237977,103.44827586204138,145.32871972320123,41.88044386115985,6.473814508016127,46.22048713578541,7.139606344691128,150.35191506500936,17.062603883558154,8.811780200200937,167.41451894856752,89.80816957172031
S14,stress,1,2024.2,18.412553406445966,440.00000000005457,0.041548934927865225,5.367970578610933,0.0,0.0,135.61489689339666,5.383703913438151,118.30985915495383,145.32871972320123,27.018860568247405,3.8075360467005055,25.759404401956314,6.76537374459754,59.09358172340039,19.081575247359552,3.096892209230869,78.17515697075994,75.59125432329265
S14,stress,1,2054.2,19.735319736357276,443.57142857165854,0.04433734889994037,5.417932930393701,0.0,0.0,135.05085266145272,5.804813023143455,118.30985915495383,146.34146341468607,28.031604259732248,3.8455337574329302,27.6437616889046,7.188536997100261,167.48234066583186,17.418899920220937,9.614978065945943,184.90124058605278,90.57934935157226
S14,stress,1,2084.2,15.081537019864808,438.57142857132203,0.03435388440382841,4.617570965453846,0.0,0.0,136.82974949952165,4.613924856932601,123.89380530972255,146.34146341468607,22.447658104963523,3.277332686623674,21.075213124053892,6.430599252273559,49.98783741275843,6.658714007620689,7.507130859734916,56.64655142037912,88.24515554670614
S14,stress,1,2114.2,21.168955523107645,451.42857142855064,0.04664872086773298,6.06868069687682,0.0,0.7692307692307693,132.49816257582603,6.053992921584105,115.70247933888298,144.32989690720115,28.627417568318165,4.283981817554004,29.62932425259621,6.916304857127863,44.4710050611811,25.086974315751686,1.7726731211766145,69.55797937693279,63.93372185266328
S14,stress,1,2144.2,31.19081835156783,474.2857142855428,0.06514684089853158,26.394921908730556,4.838709677419355,8.870967741935484,125.80784370597982,7.637983792817556,96.77419354840413,154.41176470581627,57.63757115741214,18.737029443484513,39.93316950249499,2.1312433554605468,223.10215412934724,57.52636627869342,3.8782591107615234,280.6285204080407,79.50088387486464
S14,stress,1,2174.2,31.482035993458215,492.14285714288053,0.06376108555637107,26.836266822060704,5.042016806722689,8.403361344537815,122.00292263285219,7.735002825200405,96.77419354840413,154.41176470581627,57.63757115741214,19.056153177342956,40.238044269924934,2.1115512609211415,505.1115492871263,270.4272881783286,1.867827587554845,775.5388374654549,65.13040029534636
S14,stress,1,2204.2,35.0772382022163,484.28571428576106,0.07395090455604086,6.2388808267430855,0.0,0.0,127.21777209179753,9.889463678654943,112.29946524068923,148.4098939930559,36.11042875236667,4.386765600545126,49.41236249518859,11.263962334583892,91.4244349272626,22.691725552091853,4.028976761480115,114.11616047935445,80.11523919419182
S14,stress,1,2234.2,25.704652928682066,427.14285714282596,0.05880009102069501,4.630721048731621,0.0,0.0,137.69830532118127,7.660565779466083,121.03746397695222,148.4098939930559,27.372430016103678,3.274923416323476,36.204050063290204,11.054930287174141,29.762684603495813,22.96315290079714,1.2961061894276127,52.725837504292954,56.44800730016385
S14,stress,1,2264.2,52.41282846347908,431.42857142856883,0.1182149492611892,19.784398743321507,1.5037593984962405,4.511278195488721,136.64313902071402,11.330414827493778,83.99999999999235,147.88732394372545,63.887323943733094,14.021446586474761,72.78467016279458,5.190952995748916,73.08698597327019,16.245588570077324,4.498881998519203,89.3325745433475,81.81448519409417
S14,stress,1,2294.2,51.69575970139188,465.7142857145118,0.10929231299079037,21.431999725731362,1.6,5.6000000000000005,128.04490580992663,11.220661354399112,83.99999999999235,143.83561643844217,59.83561643844982,15.215385823776296,71.50800777844208,4.699717023718203,3475.35674574568,616.1129515485367,5.640778589397817,4091.469697294217,84.94152475439361
S14,stress,1,2324.2,21.728346000706615,479.2857142858793,0.0450242410384904,9.787861019025579,0.8130081300813009,2.4390243902439024,124.57423615058768,5.508875365352101,108.24742268037127,133.75796178354176,25.510539103170487,6.948411021562112,29.932618063381636,4.3078364205133495,255.17858887453434,47.042700034515185,5.424403545870242,302.2212889090495,84.4343526545305
S14,stress,1,2354.2,20.445785742468274,474.2857142859975,0.04263017541307344,8.998276110186968,0.8130081300813009,2.4390243902439024,125.31965958772709,5.153580542232712,108.24742268037127,133.33333333338723,25.085910653015958,6.388574060796683,28.20011401969066,4.414148407974154,152.01737996957397,66.40875038273703,2.2891167066605567,218.426130352311,69.59670059821924
S14,stress,1,2384.2,28.396344048674194,475.7142857142753,0.058659630433631656,10.580231823902725,0.8264462809917356,4.958677685950414,124.32515347305363,6.571683597135167,98.13084112152202,136.36363636361946,38.23279524209744,7.512456625748269,39.4495590103058,5.251219537840123,400.86025816102307,98.7691852794877,4.058555884881572,499.6294434405108,80.23151225849486
S14,stress,1,2414.2,31.096393107926385,501.42857142873254,0.06191991877717395,12.991430040272999,0.8547008547008548,9.401709401709402,119.90805525052446,7.1164381132762395,98.13084112152202,136.36363636361946,38.23279524209744,9.22308465123747,42.99890740660152,4.66209614598217,173.83905617795892,54.20486405155145,3.2070748487189187,228.04392022951038,76.23051559673328
S14,stress,1,2444.2,28.581088814259978,515.7142857142389,0.05482226972521068,14.502153066407965,0.8849557522123894,11.504424778761061,115.40739225019462,5.896128095782509,97.22222222221853,126.12612612612888,28.903903903910347,10.290063520710735,39.08800159073078,3.798616161315102,825.2348445811667,356.46452193664805,2.3150546374088528,1181.6993665178147,69.83458466368958
S14,stress,1,2474.2,37.85894912614324,531.4285714287053,0.06956874406875442,18.188408364641926,1.834862385321101,19.26605504587156,110.74511682033776,7.138945512844079,89.7435897436016,121.73913043475693,31.995540691155327,12.91434830237992,51.959788931409456,4.023415484452595,361.8805037319751,215.04932906752322,1.6827790409815624,576.9298327994984,62.72521945623502
S14,stress,1,2504.2,37.7681755022792,552.8571428571922,0.06733136210732857,17.4724550679969,0.9523809523809524,19.047619047619047,107.4244440542093,6.909357636868866,89.7435897436016,119.31818181821326,29.574592074611658,12.40510816275486,51.95174157824045,4.187931366388287,1081.4287124464856,295.3746102135086,3.6612107982632143,1376.8033226599941,78.54634679099681
S14,meditation,0,3648.2,45.58210398239515,802.142857142826,0.05658302346780582,28.84022289805495,8.21917808219178,46.57534246575342,74.71962727632614,4.298594453224605,66.87898089173699,87.86610878659049,20.9871278948535,20.481063301650735,61.12268362038387,2.984351091549895,723.1414167866958,296.0603876399955,2.4425470173538506,1019.2018044266913,70.9517402388694
S14,meditation,0,3678.2,44.86486133734113,791.4285714286962,0.056212655522683015,30.060511147503757,12.32876712328767,41.0958904109589,75.4047284803321,4.1355422108783095,66.45569620250123,84.67741935485361,18.221723152352382,21.402725951668575,59.72968179620135,2.790751137545859,1366.2306780682445,531.139051511215,2.5722655379622306,1897.3697295794595,72.0065602802181
S14,meditation,0,3708.2,52.066359033670935,755.7142857144754,0.06814405827440626,28.316532159817882,9.210526315789473,43.42105263157895,78.88022478543901,5.264182580390234,66.45569620250123,90.32258064517718,23.866884442675953,20.128818940828836,70.82825801961802,3.5187488261396003,820.7277216678126,428.8963561082563,1.9135805421966685,1249.624077776069,65.67796958013528
S14,meditation,0,3738.2,51.39309531788296,752.1428571428714,0.06801752525406396,27.124297922170122,7.792207792207792,37.66233766233766,79.7670128632692,5.351879192938675,68.73977086741367,90.32258064517718,21.582809777763515,19.30543245839108,70.06997053160866,3.6295467963553874,1530.7186325465866,399.79139866431893,3.8287933098626765,1930.5100312109055,79.29089244806715
S14,meditation,0,3768.2,51.26779030688595,779.9999999999727,0.06581516962250751,29.055424400237065,10.666666666666668,34.66666666666667,77.34789186406773,4.989882796935896,63.25301204818532,87.1369294605944,23.883917412409083,20.636435610860104,69.50474927068281,3.368059803608009,148.32523533372688,328.0110787159146,0.4521958097097967,476.3363140496415,31.138762878000758
S14,meditation,0,3798.2,50.946715096560105,798.5714285714494,0.06337751781944824,32.113163061671386,16.43835616438356,46.57534246575342,74.93077546017922,4.665737619756891,63.25301204818532,83.16831683168766,19.915304783502343,22.859673837940804,68.32694102828764,2.988972699815323,1502.4033850465885,968.0297256716714,1.552021952635948,2470.4331107182597,60.815384093106495
S14,meditation,0,3828.2,57.8704493729979,792.857142856974,0.07183723947431529,32.798429252832626,15.277777777777779,47.22222222222222,74.84645763040483,5.177287278976822,62.40713224367217,83.00395256915594,20.59682032548377,23.346469700429214,78.44055184528196,3.3598463858473586,3136.779249636042,305.6842206490925,10.261502026422491,3442.4634702851345,91.12018984986432
S14,meditation,0,3858.2,64.28028005059956,782.8571428572104,0.08164303139364862,32.176087498784824,10.81081081081081,40.54054054054054,76.70051766403816,6.178860779419467,62.40713224367217,92.51101321586904,30.10388097219687,22.89034057157107,87.97693513236581,3.843408745155579,907.6763349885516,339.1577446576085,2.676265983266525,1246.83407964616,72.79848616635036
S14,meditation,0,3888.2,55.06173639854771,797.1428571431716,0.0692028430748767,30.200652747324973,10.81081081081081,43.24324324324324,75.78778440960704,5.570776759798285,67.41573033708829,92.51101321586904,25.09528287878075,21.49690274152394,74.84298766730099,3.481570743804523,1595.0201330130546,189.03434564401653,8.437726634168088,1784.0544786570713,89.4042279590974
S14,meditation,0,3918.2,44.592957249773434,788.5714285714585,0.05593556725925643,28.27141902895441,9.58904109589041,41.0958904109589,75.49553406807804,4.25081848950755,68.07131280386892,86.4197530864094,18.34844028254048,20.113030168092596,59.77064237581556,2.9717373203484767,1011.2606307750501,367.14975398440254,2.7543546463005693,1378.4103847594527,73.36426378937401
S14,meditation,0,3948.2,55.313707856048545,748.5714285712675,0.07386559234115275,28.001644565586087,10.256410256410255,37.17948717948718,80.5612541127454,6.036399154554084,68.07131280386892,97.22222222221853,29.150909418349613,19.91191773568865,75.64871502977259,3.799167716235861,459.9230919374283,551.8929507896563,0.8333556195623876,1011.8160427270846,45.45520850784559
S14,meditation,0,3978.2,64.6677017585725,737.1428571427714,0.08646240326807524,31.663596002437107,11.39240506329114,40.50632911392405,80.78701868155886,6.6761154574893755,64.91499227201761,97.22222222221853,32.30722995020092,22.491283314126978,88.64516611950725,3.941312057717419,947.9512248006984,738.2397528706266,1.284069600850691,1686.190977671325,56.21849703583661
S14,amusement,0,4310.2,39.5968214408154,711.4285714287689,0.05539817293660653,21.080801671356713,3.6585365853658534,29.268292682926827,84.19956154310695,4.689721846146686,76.08695652175818,94.80812641090684,18.721169889148655,14.9583957233696,53.96353337036701,3.6075749277082854,919.7258659798025,62.10461356454702,14.80930019834849,981.8304795443495,93.67460932834672
S14,amusement,0,4340.2,46.06974882718135,696.4285714284415,0.0653424326660933,19.504559307608424,3.614457831325301,22.89156626506024,85.45062263570186,5.446012874045846,73.04347826088112,95.45454545455334,22.411067193672224,13.870114376055396,63.65896198646578,4.589649390084563,422.82060432013816,106.86027370756759,3.956761382412546,529.6808780277057,79.82553682030823
S14,amusement,0,4370.2,60.771494483220636,714.2857142853245,0.08428249210729889,25.652483049896293,7.4074074074074066,37.03703703703704,83.7852738052452,6.906070056423344,70.70707070705382,95.89041095882207,25.183340251768257,18.241274054053992,83.98574286349518,4.604159918579259,1853.0876269587523,99.4899729530626,18.62587326094663,1952.5775999118148,94.90468532684407
S14,amusement,0,4400.2,57.18978351205671,748.5714285712675,0.07675561118454552,27.394380437800333,7.59493670886076,44.303797468354425,81.00793293167142,6.365330646831142,70.70707070705382,95.89041095882207,25.183340251768257,19.489617749213036,78.4952067090812,4.027539571023692,2236.2061545582565,213.02622643381483,10.497327920574248,2449.2323809920713,91.3023268805744
S14,amusement,0,4430.2,53.54676647518563,741.428571428969,0.07260402708434147,25.247931027776513,6.329113924050633,43.037974683544306,81.79104595992783,6.115831702951534,72.04116638076745,95.67198177665914,23.630815395891688,17.964406367529072,73.56488635047572,4.095035752667304,1982.5325806691087,214.81739920139938,9.22891994800854,2197.349979870508,90.22379679298705
S14,amusement,0,4460.2,43.28176848073806,740.0000000002365,0.05890536454471371,19.7452125265528,2.5316455696202533,30.37974683544304,81.9497378134515,5.0242827960871494,72.28915662651237,95.67198177665914,23.382825150146772,14.050976334251922,59.57510410981011,4.2399263006788,776.7882621474157,59.03080578950529,13.159031996231295,835.819067936921,92.9373702929256
S14,amusement,0,4490.2,36.861862760567526,735.7142857144936,0.050279477940873195,17.454021231280613,1.25,17.5,82.05304249692982,4.3066081293075715,74.33628318583352,95.89041095882207,21.55412777298855,12.407133721835397,50.632567436051716,4.0809238113508135,594.6144671586889,55.344376218366456,10.743900424725746,649.9588433770554,91.48494142632043
S14,amusement,0,4520.2,41.73546137343438,714.2857142853245,0.05864607787687797,17.535660389559254,1.2048192771084338,14.457831325301203,84.60639231753825,5.109431012421104,76.08695652175818,97.44779582375966,21.36083930200148,12.453310766836474,57.694129017183904,4.632834600966117,891.9875197402673,48.7456885285834,18.298798245863846,940.7332082688507,94.81833020242945
S14,amusement,0,4550.2,41.36393731140044,714.2857142853245,0.058024162388149336,19.62122660793785,2.4390243902439024,28.04878048780488,84.45003655143285,4.963346180314111,75.53956834536773,97.44779582375966,21.908227478391936,13.941794044328384,56.81176813503045,4.074925217973784,2003.2255242684298,123.34828992202475,16.240399648303022,2126.5738141904544,94.19967042296244
S14,amusement,0,4580.2,34.688114767484905,730.0000000004729,0.047580039850894054,15.917516984104108,0.0,22.5,82.48353067643387,3.9280352824162708,75.53956834536773,90.12875536473932,14.589187019371593,11.317155827184422,47.7331393921208,4.217768149614341,232.46055941536085,89.69074439889174,2.5918009820669217,322.15130381425257,72.15881378192218
S14,amusement,0,4610.2,58.21501667692696,717.1428571427896,0.08269573347364666,18.895009393457993,2.380952380952381,21.428571428571427,85.84484481137974,7.5420198285596,74.46808510639066,105.5276381908699,31.059553084479234,13.411990130811716,81.22865783774084,6.056420937197986,763.0075761297113,169.9400404281995,4.489863449526986,932.9476165579108,81.78461068851975
S14,meditation,0,4975.2,61.88159401624738,762.8571428567739,0.08070210301175217,28.578476574407176,6.578947368421052,43.42105263157895,78.75880338769107,6.4402774226674895,66.87898089170308,93.33333333337106,26.45435244166798,20.329944896845813,85.11966104534568,4.1869105635673405,851.4869323731574,171.66083998874936,4.9602864137736,1023.1477723619067,83.22228278008413
S14,meditation,0,5005.2,48.84523664449871,770.7142857143481,0.06299708088650229,26.265002191818393,4.0,49.333333333333336,77.68425664007553,4.846672511746773,66.87898089170308,87.13692946065194,20.257948568948862,18.660828283508586,66.50930591644725,3.5641132808249734,2129.5042612444445,373.7703125212599,5.697360624710715,2503.274573765704,85.06874489764849
S14,meditation,0,5035.2,46.866796086276295,772.8571428569921,0.060680286068947265,26.428571428596438,3.9473684210526314,46.05263157894737,77.963727720655,4.675796108773973,66.87898089170308,87.13692946065194,20.257948568948862,18.811952192488448,63.55394248583431,3.378381033267307,1044.914126007008,336.89532016359243,3.101598815619077,1381.8094461706005,75.61926348837545
S14,meditation,0,5065.2,35.7675513344276,771.4285714291691,0.04638542459279235,25.113597978801085,3.9473684210526314,42.10526315789473,77.97842834514331,3.6517929471264843,70.70707070705382,86.59793814433964,15.89086743728582,17.871177442297306,47.32078268316947,2.6478827618358913,303.5595231774184,143.2278604843292,2.1194167262634727,446.7873836617476,67.9427249466015
S14,meditation,0,5095.2,33.47395966067125,779.9999999997453,0.042807660394739336,28.575771870744955,10.81081081081081,45.94594594594595,76.86916272363379,3.2975558475358424,69.42148760329326,83.83233532926157,14.41084772596831,20.34270768967472,42.745598540445556,2.1012737926791227,932.0464799926442,363.974065522823,2.5607497024652712,1296.0205455154673,71.91602657980553
S14,meditation,0,5125.2,37.58554440937697,775.7142857135477,0.04873255018319066,26.21842892015215,7.894736842105263,40.78947368421053,77.97725300666359,3.802756273805062,69.42148760329326,86.59793814433964,17.17645054104638,18.662025981935017,49.77022285813154,2.666924958003461,595.9846021574101,265.02252069318615,2.2488073866272495,861.0071228505963,69.21947407174082
S14,meditation,0,5155.2,45.34586819395692,778.5714285714675,0.058099325367720625,26.12320364561503,8.0,44.0,77.12876550882537,4.436675841666009,68.40390879480489,86.59793814433964,18.194029349534745,18.585362558129543,61.376541309447404,3.3024129132525477,503.46026761051894,341.0891088213462,1.4760373597100651,844.5493764318651,59.61288725800582
S14,meditation,0,5185.2,42.85681681558515,778.5714285719223,0.0543815653023207,30.60206670289199,13.513513513513514,48.64864864864865,76.35357684344729,4.0838770949079715,68.40390879480489,84.5070422535168,16.10313345871191,21.780041912082478,56.56008547940124,2.5968767970104105,446.77500757627405,547.8360073517504,0.8155269123984619,994.6110149280244,44.919571658735876
S14,meditation,0,5215.2,48.88659199245113,765.7142857142389,0.06395916715280099,30.719786365153475,12.987012987012985,46.75324675324675,78.82562425153468,5.190565226235983,69.99999999997878,92.71523178804745,22.715231788068664,21.864356035952994,65.58770988840713,2.9997549335803426,1163.796538793478,563.3113795468005,2.0659915298174596,1727.1079183402785,67.38412385439509
S14,meditation,0,5245.2,57.286036161842034,773.5714285713584,0.07400721524550659,31.891397343043966,14.666666666666666,46.666666666666664,77.944422182306,5.925112314593005,67.85137318257684,92.71523178804745,24.86385860547061,22.67969246007985,77.7753908906149,3.429296540396786,2312.045724299835,310.9276505786394,7.435960487904809,2622.9733748784743,88.14598525640601
S14,meditation,0,5275.2,43.248849149419605,777.1428571431898,0.05510945317697503,29.970568390728168,10.81081081081081,50.0,76.67995936362578,4.154699937031949,67.85137318257684,85.0202429150336,17.16886973245677,21.33618419070586,57.32096605674733,2.686561268144498,963.5474855411674,352.6366658377826,2.7324086769366507,1316.18415137895,73.20764989698975
S14,meditation,0,5305.2,55.50867294569165,765.7142857142389,0.07234542682495367,32.88287648699122,7.894736842105263,43.42105263157895,78.58789002439403,5.479759576772979,64.12213740457837,90.71274298055941,26.590605575981044,23.402527703230433,74.93161710174853,3.2018599893123993,370.9421122006243,353.0624017461949,1.0506417856050347,724.0045139468192,51.234778935075994
S15,baseline,0,110.2,47.160590700209845,735.7142857142946,0.0642774330593471,24.936142935300936,2.5,45.0,82.12868595176782,5.561741128506255,73.2984293193715,97.67441860464896,24.37598928527747,17.74375847634713,64.29153649990408,3.623332485369788,753.905561569129,352.5535530129778,2.1384143064965144,1106.4591145821068,68.1367753795284
S15,baseline,0,140.2,62.62952313448035,727.1428571428658,0.0848549299081229,28.871195305484,10.0,46.25,81.86992088058149,6.929969431811826,68.18181818181853,97.67441860464896,29.492600422830435,20.53721395577758,86.15762983647724,4.195195610368521,1617.338100469543,409.7476993674962,3.9471560254423252,2027.085799837039,79.78636625048449
S15,baseline,0,170.2,58.258138409467286,731.4285714285802,0.07837671947557576,28.88246450054845,12.82051282051282,43.58974358974359,81.20152054983933,6.246285500085444,68.18181818181853,94.59459459459525,26.412776412776722,20.542670177505258,79.78734288000528,3.883981108131427,486.1355758156567,172.27502284102258,2.821857561233751,658.4105986566792,73.83471299026682
S15,baseline,0,200.2,70.9804135278493,732.8571428571422,0.09683047260749598,27.411037221693235,7.792207792207792,35.064935064935064,82.61352687147169,8.040381948014687,67.30769230769191,102.94117647058935,35.633484162897446,19.33895770352326,98.50097930533646,5.093396490928314,4695.494355311375,822.7904139686369,5.706792733113147,5518.284769280012,85.08974349150907
S15,baseline,0,230.2,66.6902216512684,715.7142857142844,0.0920055370599508,23.58142699885938,3.79746835443038,26.582278481012654,83.44637938565069,7.447258649783814,67.30769230769191,102.94117647058935,35.633484162897446,16.637930701632552,92.83507198121995,5.579724645211485,1534.6263725022925,219.38614819364724,6.995092375420676,1754.0125206959397,87.49232712964891
S15,baseline,0,260.2,52.55769954874107,701.4285714286075,0.07514738124549655,18.168710488540746,2.380952380952381,21.428571428571427,86.29454179628291,6.870367562032081,72.04116638078712,108.24742268041567,36.20625629962855,12.907240366859856,73.19854308538919,5.671122641624542,1039.4770426583132,104.06262265497068,9.988956804450298,1143.5396653132839,90.89995512954404
S15,baseline,0,290.2,69.44065804621448,731.4285714285802,0.09581705742572448,23.915636557653162,4.938271604938271,35.80246913580247,83.59661534906897,8.581771379582817,69.53642384106003,108.24742268041567,38.71099883935564,17.016232079842297,96.71844614957134,5.683893220059308,1419.7972042453137,136.83678291981613,10.375844666541811,1556.6339871651298,91.20944396383011
S15,baseline,0,320.2,48.63706539991479,740.7142857142901,0.06590228803975968,23.6563487562298,3.79746835443038,36.708860759493675,81.64843288137456,5.389478990073174,69.53642384106003,92.92035398230009,23.383930141240057,16.782190753540668,66.70447012714328,3.97471766986501,1484.2691192054851,130.33924166867396,11.387737876966778,1614.6083608741592,91.92750113110355
S15,baseline,0,350.2,50.38573867279341,709.285714285727,0.07006156491808002,22.7958835180059,3.7037037037037033,27.160493827160494,83.80869587931676,5.497169299484151,67.85137318255066,92.92035398230009,25.068980799749426,16.1596344899265,69.39965083743604,4.29462998564095,413.9751102399196,209.41833433716204,1.9767854211533487,623.3934445770817,66.4067153482446
S15,baseline,0,380.2,65.27890243522052,701.4285714286075,0.09076177210981635,29.466577058038542,6.172839506172839,34.5679012345679,84.02789130114577,6.791478107788978,63.82978723403885,93.95973154361641,30.129944309577567,20.958565405218685,89.90777909863667,4.28978688952869,4272.5893312037115,310.30083553002197,13.769184101311689,4582.890166733733,93.22914527207237
S15,baseline,0,410.2,69.53765880476719,713.5714285714414,0.09575524458769887,33.70054722620624,11.11111111111111,43.20987654320987,83.33128871965914,7.5562082405356445,63.82978723403885,98.13084112149465,34.30105388745581,23.948706945758268,95.38045617275387,3.9826975372316458,1971.506778240262,362.04025171258513,5.445545816837496,2333.547029952847,84.48541010463798
S15,baseline,0,440.2,71.01559184935611,744.285714285752,0.09648441420119555,30.23082964829763,11.25,43.75,82.2858225642316,8.108340385028967,66.66666666666414,98.82352941176867,32.15686274510453,21.511109125515077,98.10046256577412,4.560455808827344,1322.3369706527621,331.08509039926804,3.9939490149136767,1653.4220610520301,79.97576673262682
S15,baseline,0,470.2,60.90074548662459,732.1428571428328,0.08276565906059737,25.64084348377606,6.329113924050633,39.24050632911392,82.08717739309334,6.7267633110698455,66.66666666666414,98.82352941176867,32.15686274510453,18.230324181892232,84.17515596585709,4.617315365651389,2136.9062269545357,262.028239683607,8.155251623011322,2398.9344666381426,89.07730730757258
S15,baseline,0,500.2,44.4187630215607,697.857142857174,0.06268927503222925,21.17172518669861,2.4096385542168677,27.710843373493976,84.98725117497118,4.995247995568933,68.51549755301609,95.02262443438269,26.507126881366602,15.061359862957168,60.98531344356311,4.049123983389715,209.52601588815656,147.10540802990332,1.42432571782517,356.6314239180599,58.75141724367439
S15,baseline,0,530.2,39.14327696379475,704.2857142857315,0.05525181087142933,18.66453557213975,2.4096385542168677,20.481927710843372,84.94043620962069,4.571242706680327,72.28915662650246,95.02262443438269,22.73346780788023,13.274233275793536,53.74185513981169,4.048584503770444,133.37170641752596,176.18101426326783,0.7570152037961833,309.55272068079375,43.085296140897725
S15,baseline,0,560.2,41.32375904034405,720.0000000000273,0.05681791400134602,24.856219194661616,6.25,33.75,82.75138507040502,4.54767866415138,71.55025553662824,89.93576017130918,18.38550463468094,17.684878868226086,55.70054920613444,3.149614403421785,1866.3359671988674,292.64128242350654,6.377555318726122,2158.977249622374,86.4453744255669
S15,baseline,0,590.2,42.81928074745166,724.2857142857702,0.05879433376230231,25.14549499150637,5.0,40.0,82.65942116174149,4.738783143771067,71.55025553662824,90.71274298055941,19.16248744393117,17.890132276201662,57.852612513162924,3.2337722058165737,1070.008000389823,153.85525397856358,6.9546406295550085,1223.8632543683866,87.4287218421338
S15,baseline,0,620.2,39.29805001134031,732.8571428571422,0.05343788367611562,21.667124537293848,3.75,31.25,81.81200517695933,4.243775681209795,71.06598984772022,90.71274298055941,19.646753132839194,15.417209792593624,53.394598149988575,3.463311381780584,1217.0918018132986,136.58733983530334,8.910721910836427,1353.679141648602,89.90991767303454
S15,baseline,0,650.2,43.22400111651776,711.4285714286552,0.06023059035543059,22.592104498355432,6.097560975609756,30.48780487804878,83.90023043261203,4.943686495356652,71.06598984772022,95.0226244343998,23.956634586679584,16.05250818430295,58.98258663397481,3.6743533133128263,555.4921085964878,157.5312160156297,3.5262351338757765,713.0233246121174,77.90658305584518
S15,baseline,0,680.2,63.20051614199686,710.0000000000364,0.08676681029663977,26.99678741280704,7.5,36.25,82.95514432149767,6.819801614533616,68.29268292682447,95.0226244343998,26.729941507575333,19.190610056415817,87.2945070831619,4.548813551342915,1485.193774451106,375.27602813418713,3.9576036386743216,1860.469802585293,79.82896429639939
S15,baseline,0,710.2,66.89509412364114,767.1428571428578,0.08708237104852697,33.16098480137028,10.526315789473683,44.73684210526316,78.69185557456517,6.845950514980284,65.11627906976699,94.17040358744318,29.054124517676186,23.594296646189633,91.61449886013251,3.8829086636463823,4193.6664212312235,293.94065159610034,14.267051523699012,4487.6070728273235,93.44994677952255
S15,baseline,0,740.2,54.97424204565296,765.7142857143526,0.07209650074922902,29.815227433425957,7.792207792207792,42.857142857142854,79.08554228310847,5.629519520532613,65.11627906976699,94.17040358744318,29.054124517676186,21.220731473035347,74.79314896925655,3.524532086195725,727.8773627432688,166.75080741570218,4.365060499699433,894.628170158971,81.36088120430286
S15,baseline,0,770.2,53.07690982917162,740.7142857142617,0.07191297179990357,22.40050189496461,2.5316455696202533,36.708860759493675,81.71960387129376,6.030798081700993,69.53642384106003,97.22222222221853,27.685798381158506,15.926707849357731,73.35295966155174,4.605657387286715,848.2614179021347,158.98845742075093,5.335364791025521,1007.2498753228856,84.21558926777873
S15,baseline,0,800.2,63.26373239008039,708.5714285714175,0.08762670396927236,24.53138527874676,4.938271604938271,39.50617283950617,83.71456577581993,7.056273014972237,69.30693069306213,97.22222222221853,27.915291529156406,17.418619039463852,87.75643214377759,5.038082062932513,2680.673188509929,63.425475644062026,42.26492842645157,2744.0986641539907,97.6886590678176
S15,baseline,0,830.2,52.915756415626305,704.9999999999841,0.07442227509660418,24.104823946611837,4.819277108433735,33.734939759036145,84.82453797422006,5.9893577335851855,69.30693069306213,95.67198177676319,26.36505108370106,17.058673418552015,72.86395690102877,4.271372990925906,500.0481588404276,191.35636728197866,2.6131775281016245,691.4045261224063,72.3235298508733
S15,baseline,0,860.2,41.61066740917141,715.7142857142844,0.05848040097902409,24.178900172247797,4.878048780487805,37.80487804878049,84.60976683314371,4.938055921881798,74.07407407406866,95.67198177676319,21.597907702694528,17.196489854482223,56.27766893855901,3.272625368013134,1284.8738808319968,266.3399478364125,4.82418762663862,1551.2138286684092,82.83022347312081
S15,baseline,0,890.2,34.46612586583925,734.2857142856474,0.04747538655086088,20.17209124771978,2.5,31.25,82.83372888383222,3.9880377381922063,74.73309608540465,92.51101321586904,17.777917130464388,14.353540388144406,46.581150079465125,3.2452725125530533,914.8132505111903,108.8002515774259,8.408190580884627,1023.6135020886162,89.37096361513149
S15,baseline,0,920.2,31.979516314014564,722.8571428571513,0.04447021128848634,17.134144127219443,0.0,21.951219512195124,83.60125679988207,3.788850896613746,76.64233576642788,93.54120267260086,16.898866906172984,12.190127350145309,43.55203465446691,3.5727300793086267,632.616198419719,140.35980518277162,4.507103708187314,772.9760036024907,81.8416348594758
S15,baseline,0,950.2,37.919309154377885,698.5714285714266,0.05417434376270764,20.56301793294776,2.380952380952381,26.190476190476193,85.96766083753631,4.628021315548372,74.9999999999936,94.80812641082169,19.80812641082808,14.608335569105042,51.59791221930392,3.532087004383141,1165.064619331052,177.05806281409926,6.580127449797655,1342.1226821451512,86.80760967908667
S15,baseline,0,980.2,58.85514433988157,694.2857142857406,0.08351470841220696,27.773717704532107,6.024096385542169,30.120481927710845,85.69122702717688,6.733038253149809,65.42056074766512,98.36065573768438,32.94009499001926,19.758128329566834,80.85463743935134,4.092221494399209,1073.13052760963,283.94485618977865,3.779362450899226,1357.0753837994087,79.07670719110553
S15,baseline,0,1010.2,56.26702230171356,725.7142857142753,0.07830588281425613,28.03725389146671,4.878048780487805,32.926829268292686,83.99923672408173,6.490672376950732,65.42056074766512,98.36065573768438,32.94009499001926,19.94409669492029,77.03368486854781,3.8624805147564336,1165.437881614362,316.49477339116476,3.6823289974964757,1481.9326550055266,78.64310686979333
S15,baseline,0,1040.2,55.73553526389233,724.2857142857702,0.07808619722286322,25.66972523091367,6.097560975609756,36.58536585365854,84.59666431884963,6.9766914647550555,72.04116638078712,102.94117647058434,30.90001008979722,18.24460700224709,76.68138038428056,4.202961476497473,1081.3487993563724,316.5522846678752,3.4160195700085287,1397.9010840242477,77.35517281690694
S15,baseline,0,1070.2,58.9920503975818,712.8571428572741,0.08258290070837057,25.93018155702984,8.536585365853659,34.146341463414636,84.57536139946426,7.162557734645426,72.04116638078712,102.94117647058434,30.90001008979722,18.448224901323158,81.36207358598884,4.410292807095675,2522.9468370124623,187.649404977656,13.445003128642362,2710.5962419901184,93.07719083828272
S15,baseline,0,1100.2,38.98194544795573,701.4285714285506,0.055306881390304895,20.78257483492892,3.614457831325301,27.710843373493976,85.37414250894159,4.534738784394719,73.81370826010179,94.17040358744318,20.356695327341384,14.73605893749889,53.12280780234938,3.6049535379617423,453.3826102018583,202.16824581822263,2.2426005051728666,655.5508560200809,69.16055498034012
S15,baseline,0,1130.2,38.28743725227166,701.4285714285506,0.05451356749560677,23.395131670631432,4.819277108433735,30.120481927710845,85.67074633457693,4.519710508673531,73.55516637478941,94.17040358744318,20.615237212653767,16.63547449867905,51.52782443396071,3.097466467701436,1324.2352972506644,404.2627003206977,3.2756801362088592,1728.4979975713622,76.6119080907985
S15,baseline,0,1160.2,65.11450872988456,700.7142857142981,0.0920700520215754,33.14919222498937,9.63855421686747,32.53012048192771,85.53601581826055,7.7030823231116505,68.51549755301164,100.23866348449101,31.72316593147937,23.524507646595158,89.03030963808736,3.7845769601462096,2077.74123737943,408.6387234260979,5.0845431875845915,2486.379960805528,83.56491244830863
S15,baseline,0,1190.2,74.63213908781891,726.4285714285279,0.10305727443323728,37.39805156049433,12.345679012345679,43.20987654320987,83.71651932576745,8.544277581738568,65.31881804042557,100.23866348449101,34.919845444065444,26.584665825307606,102.14287989186431,3.8421727985246337,3226.9507442621843,509.76783352190614,6.330236103693886,3736.7185777840905,86.35787461885333
S15,baseline,0,1220.2,49.15164062458545,750.0,0.06498485551256403,28.093403711514334,6.493506493506493,44.15584415584416,79.65168934588917,5.0773169721094735,65.31881804042557,93.95973154363314,28.64091350320757,19.9896485131763,66.5746310879487,3.3304553126117065,1328.8283963641343,307.83978784734103,4.316623285301592,1636.6681842114754,81.19106909897842
S15,amusement,0,1611.2,58.94363326877639,792.857142856974,0.07455826398291188,40.12425543539079,14.864864864864865,45.94594594594595,76.31552119816017,5.747364320921443,64.71494607088044,89.17197452230091,24.45702845142047,28.534675811571066,78.32289628312111,2.744832175431987,1281.262057372902,1041.706053104494,1.2299650688929789,2322.9681104773963,55.156248232335315
S15,amusement,0,1641.2,73.31546888913655,748.5714285714948,0.098308425333345,34.296426897874866,14.666666666666666,54.666666666666664,81.21238067835675,7.871500615797129,62.87425149700111,95.45454545451882,32.58029395751771,24.27094713426359,100.80296167312586,4.153235599562619,3538.1203090326403,216.2076445976052,16.36445517741804,3754.3279536302457,94.24110926727795
S15,amusement,0,1671.2,79.55262260726845,779.2857142858338,0.10318662739745654,37.32247924847502,12.162162162162163,55.4054054054054,78.67346095803217,8.390227574355903,62.87425149700111,95.45454545451882,32.58029395751771,26.5551624764205,109.32549050079706,4.116920414170766,5011.332731326685,414.85592681508024,12.079694196005686,5426.188658141765,92.35456131454983
S15,amusement,0,1701.2,36.363704709045564,799.2857142857019,0.04522761966789656,26.04645212763076,6.8493150684931505,39.726027397260275,74.76925561322749,3.2305508243198617,64.31852986217933,79.84790874525419,15.529378883074855,18.50898772644859,47.97973961658713,2.5922400687545992,235.41836732996214,186.03372887739138,1.2654606707642706,421.4520962073535,55.85886734186198
S15,amusement,0,1731.2,67.27279859437877,788.5714285713448,0.08689001639323475,36.6891705833681,14.666666666666666,49.333333333333336,78.15377369518872,7.7136952633797575,65.42056074766512,100.00000000001516,34.57943925235004,26.045789653396852,91.50341907694327,3.5131750772244117,337.75338063328485,376.4256568623528,0.8972645048921062,714.1790374956377,47.29253631101542
S15,amusement,0,1761.2,81.46461849975498,771.4285714286007,0.10687836508475888,45.9195440187548,21.62162162162162,58.108108108108105,79.6415180547224,8.838183241240497,62.87425149700111,100.00000000001516,37.12574850301405,32.647209928781265,110.48587157862008,3.3842362584625487,3172.7845152312275,559.2982578001505,5.672795276907394,3732.082773031378,85.01377670823035
S15,amusement,0,1791.2,59.88114528712678,800.0000000001819,0.07528050100061935,34.17108604634255,12.676056338028168,46.478873239436616,75.86668504027612,5.922221603482126,62.87425149700111,91.7030567685422,28.828805271541086,24.146040021434946,81.16940232057418,3.3616030723264934,2119.1047878685613,1308.22775772582,1.6198286386709475,3427.3325455943814,61.82956452803321
S15,amusement,0,1821.2,31.556240927754146,797.1428571429442,0.039629870779878826,24.572953122467435,2.73972602739726,42.465753424657535,75.46760554543732,2.987026999961661,69.30693069306213,81.55339805822938,12.246467365167248,17.492482332515305,41.05612919927513,2.3470727835442395,583.049048775844,233.91884280617535,2.4925270738405505,816.9678915820193,71.36743742116931
S15,amusement,0,1851.2,53.230019877050914,771.428571428487,0.06846139293731517,31.380482690303364,8.0,40.0,77.52058227623034,5.257101481452347,62.96851574213469,93.12638580929405,30.157870067159358,22.337851101575676,71.88804101091019,3.2182165009524715,1125.0496160204214,350.1090101966882,3.213426627861929,1475.1586262171095,76.26634831167235
S15,amusement,0,1881.2,62.98516355742407,772.8571428572195,0.08222134390654964,33.776757315446254,9.090909090909092,33.76623376623377,78.85267629699804,6.563116233543841,62.96851574213469,94.17040358744318,31.201887845308484,24.03934262831521,85.76929323895232,3.56787182432881,1389.8847509787163,212.37101363789895,6.544606663452316,1602.2557646166151,86.74549854475234
S15,amusement,0,1911.2,55.63634542447524,781.4285714284779,0.07174503608735386,33.22934010839283,13.157894736842104,43.42105263157895,77.79482982258402,5.990060600073276,69.30693069306213,94.17040358744318,24.863472894381047,23.644808693664196,75.04484583382843,3.1738402626170226,1612.0474902798398,873.9032856027683,1.8446520534225272,2485.950775882608,64.84631578062928
S15,meditation,0,2256.2,85.06529575438874,806.4285714283415,0.106578519738713,41.34852919575245,21.91780821917808,54.794520547945204,76.04490712027446,8.349893368976174,61.76470588235542,94.80812641083872,33.0434205284833,29.412244757034472,116.64959897880298,3.9660216329086584,1834.9207305693647,363.838345302665,5.043230748652826,2198.75907587203,83.45255970537079
S15,meditation,0,2286.2,62.01181741921454,857.8571428572559,0.07134514077187092,43.378492054860686,23.88059701492537,55.223880597014926,69.37305352270192,4.883190903256616,60.258249641321676,78.65168539324958,18.393435751927903,30.902201361342136,82.07304642993986,2.6558964350226244,2269.550854722567,439.5698885655192,5.163117205614241,2709.120743288086,83.77444454424689
S15,meditation,0,2316.2,71.39023177747177,861.4285714286325,0.08236003472146534,48.84533330257609,23.88059701492537,59.70149253731343,69.69047885124796,5.8298934459074445,60.258249641321676,84.33734939762086,24.07909975629918,34.78838559766311,94.77815472982466,2.7244194607349455,3460.9887714986735,952.4981693185402,3.633590995744191,4413.4869408172135,78.41846634891883
S15,meditation,0,2346.2,65.82591139928795,847.1428571428987,0.0772484455169254,48.577298211802166,23.52941176470588,63.23529411764706,70.82755979384969,5.490434767272293,60.34482758621841,84.33734939762086,23.992521811402447,34.59757656806749,86.42400661107145,2.4979786211626793,592.2101387104643,639.7132145736044,0.9257431693125131,1231.9233532840688,48.07199548021774
S15,meditation,0,2376.2,59.85066485067545,853.5714285712857,0.07026577323916672,45.076096558165915,23.18840579710145,66.66666666666666,70.78219974407999,4.944786397695079,59.74395448079488,81.71206225680413,21.968107776009248,32.09831282000475,78.319234420702,2.43997978522693,707.3291167826966,1391.1840906328025,0.5084367493456287,2098.513207415499,33.70620276695011
S15,meditation,0,2406.2,68.31913126738213,832.857142857165,0.08079640460748007,43.862264589884646,23.18840579710145,66.66666666666666,71.4003786065533,5.577590448789099,59.74395448079488,81.71206225680413,21.968107776009248,31.239181191775387,91.42822842386813,2.9267165442844334,4320.754143036038,319.1841005311066,13.536871466487574,4639.938243567144,93.12094075877785
S15,meditation,0,2436.2,82.78528252649639,824.2857142856792,0.09736797826248968,45.436254731045054,20.8955223880597,65.67164179104478,71.18512718994077,6.4527097257909665,56.375838926175874,80.30592734229084,23.93008841611497,32.31047234697209,112.52928233441823,3.4827495285739354,2319.599286905798,395.55599046758056,5.864149052992058,2715.155277373379,85.43155178770333
S15,meditation,0,2466.2,83.08116916176012,823.5714285713129,0.09761833174894498,48.5089721452135,21.73913043478261,66.66666666666666,71.12850765531043,6.586465240653125,56.375838926175874,84.5070422535168,28.131203327340927,34.53365193839818,112.30488957461989,3.2520420885387855,6643.362260386811,204.52863013883078,32.48133161541933,6847.890890525641,97.01326096737603
S15,meditation,0,2496.2,69.61179621155198,831.4285714284324,0.083032570943672,45.465159686698854,18.84057971014493,63.76811594202898,72.04751200839873,5.89096408483701,58.659217877103615,84.5070422535168,25.847824376413186,32.33257721744171,92.98499230561593,2.8758917571054456,4738.555032936041,333.130206565022,14.224333127266702,5071.685239501063,93.43156779583991
S15,meditation,0,2526.2,66.79534317964666,830.000000000382,0.08018861702042168,43.763877432494475,18.571428571428573,55.714285714285715,72.48085686415334,5.718871912351585,58.659217877103615,82.35294117648674,23.693723299383123,31.16477985821158,89.1739437131876,2.861369280286805,1802.2672914192685,201.84415001752228,8.929004339550152,2004.1114414367908,89.92849669712899
S15,meditation,0,2556.2,49.2486806670614,805.7142857142026,0.06073480987756622,29.204300307663175,11.11111111111111,47.22222222222222,74.26216391527923,4.4929140542221315,65.52262090483303,82.84023668641015,17.317615781577118,20.78618311094497,66.47405273165343,3.1979922613426557,846.3002203041256,465.7956805324615,1.8168915163333004,1312.0959008365871,64.49987533415262
S15,meditation,0,2586.2,42.27172281057005,805.7142857142026,0.05228457751900397,29.309900968497818,11.11111111111111,52.77777777777778,74.40908492820768,3.8255289055143824,66.35071090046516,82.35294117648674,16.002230276021578,20.81481883068269,56.040524763720704,2.692337858886984,607.2131606817373,381.6578658375518,1.5909881992061197,988.8710265192892,61.404687203654554
S15,stress,1,3099.2,47.412918594172396,650.000000000091,0.07298702064883456,32.65916892992963,11.11111111111111,51.11111111111111,92.85531292000839,6.841052527909943,78.5046728971709,108.24742268046008,29.74274978328917,23.222007605709685,62.90236928761586,2.7087395007204207,1252.5584667073429,674.6610684467823,1.8565743975578834,1927.2195351541252,64.9930349843186
S15,stress,1,3129.2,45.97328316990186,663.5714285712311,0.06991881130996086,34.060590494198074,12.359550561797752,53.93258426966292,91.69944570248289,6.50523136718974,78.79924953096464,108.24742268046008,29.44817314949543,24.22090734188705,60.33600234002652,2.4910711018526914,706.1369632450799,661.212435424699,1.0679426541509698,1367.349398669779,51.642759629107424
S15,stress,1,3159.2,45.45501140655896,682.1428571429351,0.06702802467190198,35.628797520594944,18.39080459770115,52.87356321839081,88.8823407043646,6.152276377694052,78.65168539324958,106.06060606058072,27.408920667331145,25.33715072948798,59.07914113163813,2.331720001289664,763.6957090749603,776.3992329924668,0.9836378973887655,1540.094942067427,49.58757335114506
S15,stress,1,3189.2,39.56322588110214,685.7142857143117,0.05770466197631659,33.44199974495021,16.27906976744186,51.162790697674424,87.8046035358483,5.13427936867447,76.08695652175818,100.71942446045186,24.63246793869368,23.785183311088833,50.64348664039752,2.129203125240878,424.1506577471679,208.7098972154445,2.032249852096524,632.8605549626124,67.02118727753945
S15,stress,1,3219.2,56.630300524637185,692.1428571426986,0.08037902022470048,36.11309176877674,15.66265060240964,56.62650602409639,85.67946476721804,6.55372750620987,68.18181818180973,100.23866348445293,32.0568453026432,25.68432269117653,75.85708564739987,2.953439207235138,693.3234340179662,478.6333042745583,1.448548247324334,1171.9567382925245,59.15947332903257
S15,stress,1,3249.2,58.37573582366475,691.4285714283324,0.08298663668177284,37.96164901798287,18.072289156626507,59.036144578313255,85.85381269840434,6.847665164782403,68.18181818180973,102.689486552575,34.50766837076527,26.999454368591998,78.01591202893746,2.889536616698893,915.4750825703431,490.8725178102147,1.8649955932637727,1406.3476003805579,65.09593235147665
S15,stress,1,3279.2,48.947873949337996,687.1428571430442,0.07128160700912711,39.583138701749675,23.25581395348837,58.139534883720934,87.8085776857793,6.155663565785582,72.28915662651237,100.71942446037498,28.430267833862615,28.145893041833553,63.242370553278825,2.2469484432162443,1035.7016107305942,427.6859051058121,2.421640737667881,1463.3875158364062,70.77425490668027
S15,stress,1,3309.2,61.76242160414851,687.1428571425895,0.08969213539271852,41.57031677162502,24.705882352941178,55.294117647058826,87.81629967127054,7.758967152596673,71.55025553662824,106.06060606058072,34.51035052395248,29.56881098345628,82.1880700700644,2.779552756316395,4095.973301800889,494.0555019407673,8.290512474227965,4590.028803741657,89.23633111979542
S15,stress,1,3339.2,62.92240182789184,704.2857142860157,0.08915260074624495,37.949889676155614,18.29268292682927,54.87804878048781,85.6870146761775,7.714259535053648,71.55025553662824,106.06060606058072,34.51035052395248,26.971863602196166,84.79962191782401,3.1440030681053592,516.5906159397549,1052.3396239184376,0.49089723906451865,1568.9302398581926,32.92629607205779
S15,stress,1,3369.2,66.1317590043423,712.8571428570467,0.09197357638269721,34.13014736921978,12.658227848101266,54.43037974683544,84.11996879055222,7.469355469022623,66.56101426305587,99.29078014185421,32.72976587879835,24.177163516673982,90.34535883101482,3.7368055507713875,635.2170552342479,671.9902987277736,0.9452771214656736,1307.2073539620214,48.593442601815646
S15,stress,1,3399.2,70.52474019469679,751.4285714287325,0.09470200895456087,36.970844739169046,15.584415584415584,61.038961038961034,81.28858348181159,7.745570215217654,66.56101426305587,99.29078014185421,32.72976587879835,26.274367570542747,96.21400920773947,3.6618962930094985,3222.7306389907476,803.8686857598129,4.0090262204263345,4026.5993247505603,80.0360398210316
S15,stress,1,3429.2,62.82131405572239,764.2857142859611,0.08301019410172454,39.897487688030296,18.666666666666668,54.666666666666664,79.85271228149499,7.002512817569924,66.56101426305587,97.44779582361572,30.886781560559854,28.378369623328933,84.18849765197814,2.9666432134554173,583.1975458156767,348.18975109859633,1.6749417350039506,931.3872969142731,62.61600815770579
S15,stress,1,3459.2,63.03817876401805,693.5714285714312,0.08954862922401186,34.30004109838006,16.049382716049383,44.44444444444444,85.89419743968402,7.504741525668205,72.53886010366158,99.5260663507478,26.98720624708622,24.402555068636886,85.74461656506918,3.513755683529693,576.0220026825428,463.1247161666864,1.2437729677878449,1039.1467188492293,55.432211085691584
S15,stress,1,3489.2,52.04724561724928,662.1428571427259,0.07721287792362198,36.4276860061744,18.39080459770115,54.02298850574713,89.5238891902715,6.748820388811137,74.46808510639066,104.47761194026353,30.00952683387287,25.904721822538757,68.89685725765315,2.659625443177255,878.1155587838207,267.79596242895934,3.2790470432009085,1145.91152121278,76.63031067655761
S15,stress,1,3519.2,65.07420931698756,700.0000000002728,0.09272494322773986,37.48112579765803,15.476190476190476,57.14285714285714,86.23773335224357,8.13789978594568,74.07407407407906,104.47761194026353,30.403537866184465,26.654626915783183,88.08425682517068,3.3046516502923837,1053.9260432321294,690.2178865613835,1.5269468725053101,1744.1439297935128,60.42655226033453
S15,stress,1,3549.2,51.28258601239213,747.1428571425349,0.07004703878255443,34.81034622181769,13.750000000000002,58.75,82.3744622354508,6.09257454614637,73.81370826012244,98.36065573768438,24.546947477561943,24.76977107341273,68.16352174886154,2.7518833963720644,2380.11250414758,276.59474124331285,8.605053347900999,2656.7072453908927,89.58881368192992
S15,stress,1,3579.2,46.4980825467494,738.5714285715039,0.06358386263748525,33.843502375804185,12.5,51.24999999999999,82.38821970520993,5.449686533230098,73.68421052631814,98.36065573768438,24.676445211366243,24.080477181666065,61.19047294924189,2.541082242167108,721.9555559985586,414.5739417402919,1.7414397850669172,1136.5294977388505,63.52281726386375
S15,stress,1,3609.2,49.50418058292943,738.5714285715039,0.06771741951874778,40.40736445302265,18.75,53.75,82.45573924325936,5.706640168123932,73.68421052631814,94.59459459464188,20.910384068323737,28.751467115182834,63.83322746892197,2.2201728772029674,1286.6476005333097,675.2929646790609,1.905317644090666,1961.9405652123705,65.58035566148949
S15,stress,1,3639.2,55.89169849084275,738.5714285715039,0.07634447854567088,42.00674144147065,22.5,61.25000000000001,82.44652103241657,6.525240656725333,70.70707070709172,99.05660377356875,28.349533066477036,29.889227053001257,73.1737523061151,2.4481647577021413,1109.7792871543907,747.3476183233632,1.484957280848937,1857.126905477754,59.75785951304685
S15,stress,1,3669.2,60.724440699517984,745.7142857142571,0.08139031328051019,40.734663851085706,22.78481012658228,58.22784810126582,80.96741366869742,6.848121416989511,69.65174129354578,99.05660377356875,29.40486248002297,28.945263790056472,80.85225476548318,2.7932809786054964,1488.4906213354811,759.5306523671183,1.9597505600287755,2248.0212737025995,66.21336900801946
S15,stress,1,3699.2,58.303429748570416,738.5714285715039,0.07791072819988724,43.91014086696032,23.076923076923077,57.692307692307686,80.66745712367324,6.3883974052696715,69.4214876033298,94.59459459457406,25.173106991244268,31.220710277671287,76.31413427832804,2.444343309284257,1931.4023447902432,915.8553829017768,2.1088507867593997,2847.25772769202,67.83377303732293
S15,meditation,0,4683.2,99.12731454949902,885.7142857141298,0.11465485820331925,72.3126691876523,33.33333333333333,65.07936507936508,70.38645806883474,8.836657599116613,56.45161290323574,94.17040358744318,37.718790684207434,51.54306211775879,130.367794056337,2.5292985845212277,1021.6861901866031,500.79059206999153,2.0401465330319346,1522.4767822565946,67.10684866223534
S15,meditation,0,4713.2,75.24192149780768,908.5714285711219,0.08309964282627853,65.70257506901862,47.540983606557376,77.04918032786885,66.71001841410649,5.458053325409959,54.545454545436506,77.20588235290813,22.660427807471628,46.815704197175684,95.55617898329263,2.041113780556085,2093.322709434502,2327.1021850755415,0.899540519904823,4420.4248945100435,47.35568999338296
S15,meditation,0,4743.2,101.86099378988149,830.7142857142935,0.1193321184415427,57.50710136391809,37.3134328358209,70.1492537313433,71.24784626743265,8.196826109640151,54.545454545436506,85.19269776883623,30.64724322339972,40.91453539019381,138.12068963601772,3.3758342437177418,2385.005916417784,3348.258482084764,0.7123123645259254,5733.264398502548,41.5994405742166
S15,meditation,0,4773.2,99.84990998265468,841.4285714279686,0.11691800170094363,55.701086564010744,29.411764705882355,63.23529411764706,71.169009804357,7.9899673704038525,53.70843989771895,85.19269776883623,31.48425787111728,39.668254288604025,135.52283441834862,3.4164053056723973,1570.822792599709,729.877920528116,2.1521719570077043,2300.700713127825,68.27584238299991
S15,meditation,0,4803.2,68.51598116838088,868.5714285711583,0.07751162690973835,54.68383292328939,34.84848484848485,69.6969696969697,68.2502321129462,4.902685464483085,53.70843989771895,75.13416815742201,21.425728259703064,38.956871516510375,88.72001754157823,2.2773907166538683,1405.2708000421494,2814.757456170009,0.4992511155665528,4220.028256212158,33.30003295531253
S15,meditation,0,4833.2,83.21387956407334,868.5714285716131,0.09356382025194146,71.15841769018716,39.285714285714285,73.21428571428571,67.97117461544572,5.570664186480845,50.54151624551812,75.13416815742201,24.592651911903893,50.66258241373942,106.21865301056715,2.0965897897411803,1172.220147168824,2299.516249672398,0.5097681511647614,3471.736396841222,33.76466451299053
S15,meditation,0,4863.2,94.04897272243947,895.7142857143481,0.10176113632268051,80.28173951436705,50.90909090909091,85.45454545454545,65.53766501246008,6.209452641336124,50.54151624551812,74.20494699652795,23.663430751009834,57.25663876454124,120.05038882768835,2.096706887062937,5082.746098300009,1839.1490413988386,2.763640131326237,6921.895139698848,73.4299782894594
S15,meditation,0,4893.2,76.38431973849865,905.7142857145664,0.08278540556136957,64.03174828023668,42.857142857142854,74.60317460317461,65.44592772124179,5.152850542416869,51.85185185187281,74.20494699652795,22.353095144655143,45.630998804255064,97.91292331430239,2.1457545501978377,1224.9888727941748,1924.5498978173334,0.6365066835541425,3149.538770611508,38.89423061638747
S15,meditation,0,4923.2,64.18218862405148,912.1428571429533,0.06961798582048169,57.80904190140228,39.682539682539684,68.25396825396825,65.3769269181299,4.3307262579834465,51.85185185187281,73.42657342662854,21.574721574755728,41.20488014315015,80.87561143840136,1.9627677876365826,3934.8960961173325,1330.4071206899885,2.9576631355344665,5265.3032168073205,74.73256399663349
S15,meditation,0,4953.2,63.02701593861929,890.0000000003274,0.07028356592720758,48.100170203768606,36.92307692307693,69.23076923076923,67.22983839078165,4.668293196852726,56.603773584884294,77.77777777771752,21.174004192833223,34.276555553310146,82.27956742505872,2.4004619512333942,382.20620950334717,1106.6136258472063,0.3453836104816945,1488.8198353505536,25.67175694655854
S15,meditation,0,4983.2,53.0563400234744,881.4285714288417,0.06023437697225802,45.74200999141428,31.818181818181817,62.121212121212125,68.35747464946802,4.061485877512617,56.75675675675257,77.77777777771752,21.021021020964945,32.59023765945154,67.58569998656172,2.0738019984018465,1169.1047584339835,1002.0411986597402,1.1667232445109998,2171.1459570937236,53.84735902320158
S15,meditation,0,5013.2,80.7994487807389,894.2857142856155,0.08849036229645903,70.71312396629958,42.3728813559322,67.79661016949152,66.19352700706831,5.573558784045464,53.09734513273823,78.06691449811329,24.969569365375058,50.41882577078122,102.54288787838045,2.0338214210812944,1148.1956137430686,4630.239003523329,0.24797761257450465,5778.434617266398,19.870357454805728
S16,baseline,0,98.4,95.63158389495078,905.0000000000011,0.10653659607790324,68.4692462103165,41.53846153846154,76.92307692307693,67.62163290290559,7.487622038758478,55.40897097625362,86.95652173913072,31.5475507628771,48.63949154095417,126.19429281529125,2.5944821546713004,2348.4117949579836,1480.5120172666884,1.586215962835348,3828.923812224672,61.333468883871966
S16,baseline,0,128.4,77.4532297273356,947.1428571428504,0.08173191427169726,75.76773333365615,50.81967213114754,85.24590163934425,63.74613255302707,5.39449580581595,55.19053876478205,78.50467289719425,23.314134132412207,54.01269217118702,95.29236419992652,1.7642587393701525,1001.5999137990939,2360.898961377776,0.4242451414416224,3362.4988751768697,29.787367995666887
S16,baseline,0,158.4,68.5430059469645,985.7142857142804,0.0701121833846203,70.90705498194639,54.23728813559322,86.4406779661017,61.68413429429789,4.521828817694243,55.04587155963286,75.53956834532448,20.493696785691625,50.565422589128076,82.70081841719656,1.635521156209576,3393.5386065344583,1410.2831613823803,2.406281730832028,4803.821767916838,70.64247531410923
S16,baseline,0,188.4,112.79987880624843,965.7142857142844,0.11977450292197715,64.36375191748773,48.38709677419355,75.80645161290323,64.70921163463267,8.530250778130066,55.04587155963286,85.19269776876403,30.146826209131177,45.88143511175346,152.78258810968816,3.3299435324452134,1440.3402014817343,1862.832230194869,0.7731990987352961,3303.172431676603,43.60475365043706
S16,baseline,0,218.4,111.28616656241314,930.7142857142878,0.12044306570991228,64.81965212485946,44.44444444444444,77.77777777777779,65.92500994942753,8.392290980126907,55.26315789473668,85.19269776876403,29.929539874027355,46.16516548614311,150.45929426908575,3.259152061617703,3956.941526590237,720.8225504143917,5.489480766542948,4677.764077004629,84.59044666322792
S16,baseline,0,248.4,96.02092814627665,898.5714285714721,0.10604767781580629,62.76525345138475,45.3125,84.375,67.01413065788265,7.221980960282526,55.40897097625217,83.33333333333675,27.924362357084583,44.72759531471577,128.21653365111638,2.866609142498032,3397.198610450954,1180.3943464745423,2.878020062191328,4577.592956925497,74.21364552108747
S16,baseline,0,278.4,107.07917299272742,898.5714285714153,0.11850375586317266,67.4365798932047,41.53846153846154,84.61538461538461,67.33054193598329,8.032356867833325,50.602409638555535,83.33333333333675,32.73092369478122,48.03794573844067,143.6114701089141,2.989542285818315,8188.940319730712,1497.3645794000734,5.468902118021018,9686.304899130786,84.54142632311272
S16,baseline,0,308.4,83.26316366085122,954.2857142857315,0.0881991140815608,65.24173916516305,38.70967741935484,82.25806451612904,64.06315078722261,5.902286891886133,50.602409638555535,83.16831683168766,32.56590719313213,46.46043211528503,108.19860023719522,2.3288332740581406,1275.3067955005154,1840.0004189405195,0.6931013614849298,3115.307214441035,40.936790746954884
S16,baseline,0,338.4,63.75127244233911,950.7142857142696,0.06749293125817231,58.75649064036308,40.98360655737705,78.68852459016394,63.81076941251174,4.371174612201749,54.05405405405339,74.33628318583877,20.28222913178538,41.85727340767107,79.85247734986162,1.907732416589449,2573.521404794412,967.7172670840544,2.6593732408526716,3541.2386718784664,72.67291598364014
S16,baseline,0,368.4,75.21025328534931,963.5714285713846,0.0794596994226773,58.061411172829374,45.90163934426229,80.32786885245902,63.79445243997834,5.189839696670347,54.05405405405339,76.6423357664223,22.588281712368918,41.3917236331606,97.97902639426894,2.3671163651608347,398.7371251273231,1059.1329138786048,0.37647505794822783,1457.870039005928,27.35066325934021
S16,baseline,0,398.4,80.38568767792036,959.9999999999795,0.08445121915802199,57.30506930230857,38.70967741935484,79.03225806451613,63.482811489871146,5.418507162074662,53.030303030303685,76.6423357664223,23.61203273611862,40.84935825476516,106.08980863908731,2.597098538915522,818.838028601925,1736.7349700063935,0.4714812811069904,2555.5729986083184,32.041269376685285
S16,baseline,0,428.4,72.2836536930768,930.0000000000068,0.07682892983694509,59.08313064260644,41.935483870967744,72.58064516129032,64.13164296493409,4.768299814544068,53.030303030303685,74.33628318583877,21.30598015553508,42.110802000803154,93.14791214670603,2.2119719340640787,1836.395118813291,1343.4916188833804,1.3668824524112615,3179.8867376966714,57.75033107447943
S16,baseline,0,458.4,71.88635583625273,912.857142857149,0.07960933628363678,53.88538952333908,40.625,75.0,66.87958790422564,5.562891213193754,55.48216644649772,82.67716535432541,27.19499890782769,38.34991402089395,94.15190070000041,2.455074622819342,865.2037427145813,1100.527922377641,0.7861715501459949,1965.7316650922223,44.01433614155014
S16,baseline,0,488.4,77.10331863753959,900.0000000000057,0.0866245153702235,51.72472725625794,36.92307692307693,80.0,67.92742531274828,6.099052358815196,58.25242718446113,82.67716535432541,24.424738169864277,36.852188418184525,102.62436211073151,2.784756252361177,1854.43638680695,820.1726165927313,2.2610318234116287,2674.609003399681,69.33485920558054
S16,baseline,0,518.4,80.88913095291191,844.2857142857179,0.09530097178871565,43.66424286191384,27.536231884057973,69.56521739130434,71.3101737740916,6.630682649464641,58.25242718446113,82.84023668638415,24.58780950192301,31.100215611861994,110.08578292191213,3.539711244957546,639.9311008910943,891.1585970465612,0.7180889047268645,1531.0896979376555,41.795794312577996
S16,baseline,0,548.4,64.46942547064421,845.7142857142799,0.07682476432951348,38.64430002210681,17.142857142857142,60.0,71.91886781742646,5.561754637570171,62.499999999997634,82.84023668638415,20.34023668638651,27.522758188066746,86.92014394115499,3.1581189409585275,1565.4560459819377,277.47839657906155,5.641722257595266,1842.9344425609993,84.94366429044166
S16,baseline,0,578.4,72.95342155448955,867.8571428571331,0.08410634726781879,49.988728549833034,20.8955223880597,58.2089552238806,69.64988716055238,5.791293996968327,56.68016194331921,82.51473477406259,25.834572830743376,35.51365108149999,96.86683653281754,2.727594420255992,788.2059350696429,797.0712953037612,0.9888775818595503,1585.277230373404,49.72038454649253
S16,baseline,0,608.4,108.37626933783679,940.7142857142503,0.1179863640333185,68.9269412235359,42.857142857142854,71.42857142857143,66.24380784662972,7.994401176297934,53.29949238578837,82.51473477406259,29.21524238827422,49.043011601532584,145.2088651709207,2.9608472324400026,3597.0466432502863,1267.822287945225,2.837185209198415,4864.868931195511,73.93923030864336
S16,baseline,0,638.4,66.3989134421087,1012.8571428571149,0.06616820589612704,83.07089804943955,65.51724137931035,81.03448275862068,60.05531397267284,4.069825869773354,52.36907730673551,70.58823529411576,18.21915798738025,59.24885072373567,72.8505669195633,1.2295692832802687,1378.0788261285927,2763.487960199346,0.4986737217516895,4141.566786327939,33.27433546835174
S16,baseline,0,668.4,63.41283022431659,1007.1428571428669,0.0632123262355308,75.07186329569352,60.3448275862069,79.3103448275862,60.0512013697492,3.8897612945348445,52.36907730673551,70.70707070707276,18.337993400337247,53.541610115189734,71.94212994059193,1.3436676593366395,422.664853939133,1765.114361650058,0.23945465694586437,2187.779215589191,19.319355944484787
S16,baseline,0,698.4,97.6946618095908,952.8571428571695,0.10470846706369873,63.76543172503298,50.0,79.03225806451613,65.04087849348998,7.158974364392933,53.70843989769708,82.03125000000539,28.322810102308303,45.45704850311275,130.46896425420988,2.8701591623414746,4161.1534620516695,1188.0316733343282,3.502561047360784,5349.1851353859975,77.79041773156726
S16,baseline,0,728.4,83.21232426987197,868.5714285714425,0.09586858929339499,55.612777245836824,37.3134328358209,73.13432835820896,69.73387672941574,6.4805850976939485,53.70843989769708,83.33333333334333,29.62489343564625,39.57322238862373,110.82662988004813,2.800546005369224,1244.7251737003683,1512.517805133789,0.822949104781128,2757.242978834157,45.14383328765151
S16,baseline,0,758.4,74.22625450756294,864.2857142856428,0.08627013722634667,44.87711646522052,29.411764705882355,67.64705882352942,70.2493152801224,6.071823480696764,59.23836389280176,83.83233532934148,24.593971436539718,31.954045696200613,99.99006290671159,3.129183198188909,1329.9025253505758,634.1984507112901,2.0969816685282243,1964.1009760618658,67.71049663735242
S16,baseline,0,788.4,93.705748321253,915.7142857143299,0.10265846933971429,52.08778892507011,37.5,67.1875,66.43796463431347,7.0272089500913655,53.91527599486546,83.83233532934148,29.917059334476015,37.1193017929753,127.21514049551664,3.4271964813624716,1871.705638208058,736.4948440408303,2.5413696420993452,2608.2004822488884,71.76233770933908
S16,baseline,0,818.4,67.29956632161576,965.7142857142844,0.06969904152153758,54.52828012448963,35.0,71.66666666666667,62.44343317289213,4.458207793004413,53.91527599486546,75.67567567568095,21.76039968081549,38.87107474688797,86.87636503777632,2.2349874708502027,2142.787283672038,691.7333844794758,3.0977069081095014,2834.5206681515137,75.59610722716732
S16,baseline,0,848.4,70.97148756059788,948.5714285714266,0.07583820211830312,52.99179510938462,37.096774193548384,77.41935483870968,64.49456839847296,5.1192616437473095,54.61638491547022,78.35820895521704,23.741824039746817,37.763457023513716,92.99368476816817,2.4625310312629725,1562.5300505032517,1003.7708327713017,1.5566601454131486,2566.3008832745536,60.88647128973792
S16,baseline,0,878.4,84.1737708842056,911.428571428587,0.0942862278491224,58.21861550610875,41.269841269841265,77.77777777777779,67.82905751938519,6.714902511975294,58.823529411765755,83.00395256916899,24.180423157403233,41.46403280794818,111.58486184530082,2.6911241933975916,2845.0323166337107,1280.7449622764782,2.2213886452278273,4125.777278910189,68.95748665776784
S16,baseline,0,908.4,105.2330251141531,947.1428571428646,0.11217549958132925,72.33519857150651,45.0,75.0,64.80141553360048,7.7119135083225006,52.238805970147276,83.00395256916899,30.765146599021712,51.57783692484848,139.59837351310972,2.7065573478102936,1754.6860901805615,1268.9975075962777,1.382734071325538,3023.683597776839,58.031405517121335
S16,baseline,0,938.4,100.69186459508157,969.2857142857179,0.10548231730011666,76.1153269122841,55.73770491803278,72.1311475409836,63.58430799652184,7.0911566411352105,52.238805970147276,82.84023668638415,30.60143071623687,54.23434234704703,131.66753320941265,2.4277520019855414,2034.552806545489,2865.5204607978494,0.7100116137293281,4900.073267343339,41.52086500634219
S16,baseline,0,968.4,82.8736304745814,887.1428571428623,0.09284997885162641,54.426941800153784,36.92307692307693,67.6923076923077,67.79565984271164,6.296480153332296,55.70291777188608,82.84023668638415,27.137318914498067,38.76122159893014,110.60580887201887,2.853517105742398,616.2410346795638,553.9448512979703,1.112459179349036,1170.185885977534,52.66180715936226
S16,baseline,0,998.4,84.17813167130596,898.5714285714721,0.09388802286742139,59.19130573858683,35.38461538461539,73.84615384615385,67.49796955928767,6.279042469911656,53.29949238578299,81.55339805825459,28.253905672471596,42.155677645728815,111.33200144420672,2.640972881039354,5515.063597450623,1255.5567585967533,4.392524320138596,6770.620356047377,81.45580917891347
S16,baseline,0,1028.4,92.13043114655487,934.2857142855792,0.09937512568333302,69.8748057547349,46.774193548387096,77.41935483870968,65.35333646280897,6.548452526365132,52.83018867924196,81.55339805825459,28.72320937901263,49.810734068682116,120.39486474945352,2.417046586453547,4979.377991679056,814.8470437478273,6.110813102759487,5794.225035426884,85.93691065214566
S16,baseline,0,1058.4,70.36948843420157,952.1428571429169,0.07356817859572541,66.47885332274295,37.704918032786885,70.49180327868852,63.059233168177286,4.609903645949226,52.83018867924196,74.33628318583352,21.506094506591566,47.383755149139134,87.51291077863247,1.8468969059794411,930.8875685277035,2196.9403597320634,0.4237199996823007,3127.827928259767,29.76146993628331
S16,baseline,0,1088.4,63.779589072969955,935.7142857143117,0.06726646286215078,59.48871469253126,33.87096774193548,74.19354838709677,63.56746684686642,4.359901600232362,53.70843989769708,76.78244972576381,23.07400982806673,42.397563546779516,79.61230162437593,1.8777565257148654,1787.4109621944267,1348.0002995659931,1.3259722292123435,3135.4112617604196,57.007225303862064
S16,baseline,0,1118.4,91.62829916118311,902.1428571428487,0.10297818967711055,50.96648327654236,24.615384615384617,70.76923076923077,68.16764939418094,7.290303774960639,57.06521739131041,84.3373493975939,27.272132006283485,36.306639830190484,124.39179361430304,3.426144479249387,548.8606238349759,1056.161744310967,0.5196747816245219,1605.022368145943,34.19644702328962
S16,baseline,0,1148.4,100.10900652194685,928.5714285713311,0.11066202951212534,60.198438856952215,29.6875,70.3125,67.16650928201678,7.772815940197615,54.758800521507,84.3373493975939,29.5785488760869,42.895249498542064,134.9208061941531,3.145355436124432,1644.6964848965374,860.9602917656208,1.9103046918966073,2505.6567766621583,65.63933656897233
S16,baseline,0,1178.4,80.25884355715232,937.1428571428169,0.08591855809856591,68.02320209825639,48.38709677419355,79.03225806451613,64.71362102097181,5.735237430681442,54.758800521507,79.245283018855,24.486482497348007,48.490585593307316,102.62371581209207,2.1163637138310043,1891.4035805228052,1734.375174386961,1.0905388917316279,3625.778754909766,52.165443850141266
S16,baseline,0,1208.4,99.62583537355638,895.7142857142344,0.11084999745335768,57.381643939744734,40.0,73.84615384615385,67.59243761310609,7.681585271992666,53.03030303031168,85.02024291500621,31.98993988469453,40.86363464719352,134.83611352741744,3.2996603139089062,1668.132498924786,1315.263353143424,1.2682878261133177,2983.39585206821,55.913884098497
S16,stress,1,1988.4,22.20442388846779,430.71428571431625,0.05128753640729734,5.921679600370808,0.0,1.4598540145985401,138.93790270806832,6.8990661970895815,118.64406779661901,149.9999999999659,31.35593220334688,4.193206660534803,31.12057034084634,7.4216638625860645,198.1108748792213,95.908167402519,2.065630907613589,294.0190422817403,67.38028712078584
S16,stress,1,2018.4,18.93146817312416,447.14285714280777,0.04194282978939899,6.35698663009331,0.0,1.5267175572519083,133.14648610231268,5.200730733314776,113.20754716976859,140.93959731542463,27.732050145656046,4.512323958206547,26.390147913117524,5.848460384836035,293.7126053571976,55.07718755157997,5.332745160274111,348.7897929087776,84.20905982016943
S16,stress,1,2048.4,25.774225443489367,454.28571428556097,0.055670289027713774,10.239773669742817,0.0,7.086614173228346,129.96012220688831,6.623480678834457,103.96039603959319,137.70491803277866,33.74452199318547,7.268547921237389,35.71819712051975,4.914076031081477,259.1436595940418,67.76260969380726,3.8242868857178123,326.9062692878491,79.27154782273674
S16,stress,1,2078.4,21.649476457604763,465.71428571405704,0.04622645507580324,9.228412065189302,0.0,5.555555555555555,128.3658281511925,5.5252722453388,103.96039603959319,137.25490196086835,33.29450592127516,6.548179320482801,29.90854408632368,4.56745953684703,510.5291146735119,168.43715162926412,3.0309768939646036,678.966266302776,75.19211778422114
S16,stress,1,2108.4,13.331545069589145,472.8571428570376,0.028194951926380232,5.590078674927517,0.0,1.6,126.99224734150687,3.5064549748801053,113.82113821140848,134.18530351439182,20.364165302983338,3.962181323801478,18.43261530663221,4.652138254224875,32.32262521257777,11.28980156914984,2.8629932080384446,43.612426781727606,74.11333786662854
S16,stress,1,2138.4,20.18014353661485,480.0000000000182,0.04148386874468866,7.540456292407691,0.0,4.098360655737705,123.53959367174421,4.844970549640045,104.73815461346064,132.49211356462772,27.75395895116708,5.352442438273911,28.03261932573766,5.2373509195136325,488.0634684268519,79.06016836270493,6.1733168362070705,567.1236367895568,86.05944749362618
S16,stress,1,2168.4,20.885462369352073,506.42857142838693,0.041358342724119715,7.358171152815017,0.0,3.418803418803419,119.01423196166857,4.872646852812265,104.73815461346064,128.83435582828412,24.09620121482348,5.225391371892443,29.070609931231147,5.563336382343137,48.90200535309269,24.915139011864508,1.9627426252691473,73.8171443649572,66.24749002930498
S16,stress,1,2198.4,20.57439075255291,519.9999999999818,0.03925690632301553,8.876378059974172,0.0,5.357142857142857,114.6542523462167,4.410812836762057,102.18978102184941,123.529411764653,21.339630742803593,6.301605170148954,28.40600080893158,4.50774049499203,314.5565712863718,67.79480354704067,4.63983306726615,382.3513748334125,82.2689787432886
S16,stress,1,2228.4,25.667348970705287,519.2857142856155,0.049245172213167716,10.610751343214881,0.0,7.964601769911504,115.38813152550047,5.591045978183017,102.18978102184941,124.26035502961523,22.070574007765813,7.536162463670273,35.5081942893341,4.711707644375921,488.84929809530263,30.551822247672465,16.00065927761624,519.4011203429751,94.11787517371964
S16,stress,1,2258.4,25.556640276867608,525.000000000091,0.048814473637330706,9.869109063538692,0.0,5.3097345132743365,114.87106717777809,5.5459098030318685,104.21836228281444,124.26035502961523,20.041992746800787,7.009593040422787,35.456301695045404,5.058253951488579,207.6832028648366,42.04044418972322,4.9400810782966165,249.72364705455982,83.16521295216461
S16,stress,1,2288.4,39.406932686937864,521.4285714287143,0.07715581609037035,8.289705171053692,0.0,3.4482758620689653,118.19201408501446,9.388843243042455,104.21836228281444,137.25490196072556,33.03653967791112,5.875666137520356,55.41921359083057,9.431988185465308,232.96385212283207,50.68779327895019,4.596054336805744,283.6516454017823,82.13026643749843
S16,stress,1,2318.4,43.48630339979084,437.14285714304424,0.09706484887366461,4.950278441504504,0.0,0.7575757575757576,135.10001366828314,12.26684767380154,104.99999999994031,153.84615384620406,48.846153846263746,3.4434712949863515,61.40244027885151,17.83155281946234,15.689461958375222,7.935772911974017,1.9770553079589674,23.62523487034924,66.40976076841557
S16,stress,1,2348.4,16.04990586101874,398.5714285713584,0.03958617720754598,2.2955999530787494,0.0,0.0,148.2106547103353,5.701970120440732,136.36363636361946,156.13382899622658,19.77019263260712,1.627623104505202,22.639562701713302,13.909585480230533,1.1013913482938957,0.8028650307465127,1.3718262797793173,1.9042563790404086,57.838396153826096
S16,stress,1,2378.4,13.979234900947096,408.5714285713493,0.034381234222380354,2.881668138332276,0.0,0.0,147.73858342216832,5.02804147257259,134.18530351425534,156.13382899622658,21.948525481971245,2.0408344083715937,19.66400294317821,9.635276072627741,73.86983424995796,10.370815965223713,7.122856532954057,84.24065021518167,87.68905992684907
S16,stress,1,2408.4,16.3363152361761,420.00000000007276,0.03830084750921501,3.92551170136319,0.0,0.0,140.8653949941256,5.1109186222761185,123.529411764653,147.36842105263628,23.839009287983274,2.785868020661012,22.934457272037136,8.232427775453413,77.0282726481254,10.042306781645097,7.6703763709862365,87.07057942977049,88.4664753038137
S16,stress,1,2438.4,18.12216976127376,438.5714285717768,0.040991551592713046,4.808232355616941,0.0,0.0,135.93982444097415,5.473993747829387,123.529411764653,146.85314685309362,23.323735088440614,3.399243186187977,25.402189265376414,7.472895545865097,44.678256066188126,18.74402954368442,2.3835993195626357,63.422285609872546,70.44567321495798
S16,stress,1,2468.4,23.695855255246943,457.1428571427987,0.05157063181851281,7.159449167872474,0.0,2.3255813953488373,130.89954782150363,6.241434436454232,106.59898477152291,141.4141414142592,34.8151566427363,5.079288475051035,33.12382739271599,6.521351869541761,413.06534943733567,70.24096190180856,5.880690387110147,483.30631133914426,85.46657466417415
S16,stress,1,2498.4,20.994344636769917,464.28571428577925,0.04464103992462963,6.977682039712254,0.0,2.380952380952381,127.81360648460733,5.283872345842393,106.59898477152291,135.922330097161,29.323345325638087,4.953662837764674,29.274327284238126,5.9096325775470175,26.925753443028945,11.554490823509473,2.330327995781879,38.48024426653842,69.97292755348488
S16,stress,1,2528.4,17.078243441698486,475.7142857142753,0.035705651437710574,5.222762905259554,0.0,0.0,125.59716092430551,4.368026512247901,114.13043478257146,134.18530351439182,20.054868731820363,3.708118957115809,23.865930778155565,6.436128682537895,323.264452016117,28.530964145517704,11.330302416958551,351.7954161616347,91.88989883472246
S16,stress,1,2558.4,20.57175925661168,482.8571428570285,0.042094750538375976,6.830055626708515,0.0,1.6666666666666667,122.97732936182447,4.8682948436860425,105.79345088164166,129.2307692308777,23.43731834923605,4.825833877362013,28.68982197944215,5.945049645000444,183.94820166605564,40.3427619254987,4.55963332420706,224.29096359155434,82.01320227997905
S16,stress,1,2588.4,20.676214824938786,489.2857142856428,0.04177414963668609,7.219279053572946,0.0,2.5210084033613445,121.4247418465938,4.858575806443192,105.79345088164166,129.2307692308777,23.43731834923605,5.12603874558611,28.787765556791427,5.6159867269009185,313.2491787525508,56.99978179890822,5.49562066496456,370.248960551459,84.60501233710119
S16,meditation,0,3713.4,112.02552525608718,721.4285714285325,0.1498210375491686,51.84252781894393,30.263157894736842,67.10526315789474,81.94725862576598,11.650627213527274,60.34482758619081,103.19410319416822,42.84927560797741,36.79669033516313,154.0955554134595,4.187755855482603,6208.042998909816,2173.653182548874,2.8560411793155183,8381.69618145869,74.06666699089793
S16,meditation,0,3743.4,100.51598082483956,751.4285714287325,0.12830891347267248,59.695402604536866,37.83783783783784,72.97297297297297,77.79299875809295,9.558978842231891,60.34482758619081,93.54120267260086,33.19637508641005,42.49808156627372,135.64968804072265,3.19190144687316,4730.650405959879,1811.4450422123057,2.6115340491822856,6542.095448172185,72.31093528728
S16,meditation,0,3773.4,94.21906534046997,730.0000000000182,0.1235772629724131,63.99453689086135,31.57894736842105,63.1578947368421,79.79786854609392,9.095130444113426,59.65909090910663,93.54120267260086,33.88211176349423,45.54117245775792,125.22166808678222,2.7496364570528478,6096.3814885892425,1334.2425972491114,4.569170180264459,7430.6240858383535,82.04400354753545
S16,meditation,0,3803.4,101.00212783346028,738.5714285715039,0.1312949713057955,57.731693570656816,23.684210526315788,61.8421052631579,79.18629081768704,9.25751947142122,56.22489959837797,92.51101321586904,36.286113617491075,41.07723071145698,136.80468109992086,3.330426095685273,5304.969513626087,676.9183737884811,7.836941231091104,5981.8878874145685,88.68386725848431
S16,meditation,0,3833.4,130.19161142176065,750.7142857143663,0.16271202913714378,74.42726991590766,31.506849315068493,69.86301369863014,76.75479177459007,11.108866438936404,53.57142857143379,91.50326797388051,37.93183940244672,52.98852989976489,176.32903070184207,3.3276830105570534,10124.162917795367,2312.051674126903,4.378865330342818,12436.214591922271,81.40871840834383
S16,meditation,0,3863.4,129.35017896223016,765.7142857142389,0.15816310078653212,75.39126963656425,40.27777777777778,75.0,75.04415646074469,10.855111207881771,53.57142857143379,91.50326797388051,37.93183940244672,53.66592753291878,174.8796895501403,3.258672636243337,19245.67434248764,1930.3163108512476,9.97021795562641,21175.99065333889,90.88441082898339
S16,meditation,0,3893.4,119.18206743763682,735.7142857144936,0.15316663415987725,70.82141956625293,29.333333333333332,64.0,78.6844036197751,10.56199989498743,51.03280680438259,95.23809523814748,44.20528843376489,50.3744938480026,160.8450831296262,3.1929865859288205,14334.881147983664,1975.7711564339452,7.255334759444806,16310.65230441761,87.88662084410429
S16,meditation,0,3923.4,104.11890931216159,721.4285714285325,0.13852366430344584,64.66097656574539,22.36842105263158,52.63157894736842,81.11414486842142,9.571273150179493,51.03280680438259,95.23809523814748,44.20528843376489,46.00498112787684,139.87507377703847,3.040433238919009,2303.723882598619,552.7392877125955,4.167830899323503,2856.4631703112145,80.64952163719394
S16,meditation,0,3953.4,86.47937443199928,737.1428571429988,0.11323470212684111,46.51661411028863,19.480519480519483,48.05194805194805,79.50617654443104,8.483675499366623,62.78026905829545,93.74999999995204,30.969730941656586,33.06868427909551,117.74475157878317,3.5606119247150074,8540.05049059339,857.1361369179374,9.963470355247685,9397.186627511328,90.87880052942042
S16,meditation,0,3983.4,83.88750041665833,742.857142856792,0.10939024223297726,45.729262114463474,25.0,56.57894736842105,79.11904459833114,8.17565123091934,62.68656716416804,91.30434782608876,28.61778066192072,32.487566819500806,114.09988367416581,3.5121092419170292,3372.6863379707333,535.5083027688511,6.2981027941718635,3908.1946407395844,86.29780878396804
S16,meditation,0,4013.4,72.8477462120636,774.9999999998636,0.09393330017164622,44.17620869842559,24.0,52.0,78.02513987780287,7.140044210710142,62.68656716416804,89.93576017127853,27.24919300711049,31.438152277822628,98.10826080259955,3.1206751572295146,4313.972963911806,1057.2832674716024,4.080243295846612,5371.256231383408,80.31590335806247
S16,meditation,0,4043.4,76.59722296606432,770.7142857143481,0.1007833909426493,41.42633222788315,20.77922077922078,54.54545454545454,79.7748894232734,8.39249819192099,64.02439024388966,99.29078014185421,35.26638989796456,29.391090327886985,104.26136840442835,3.5473800815583427,784.3909210496233,473.3031989987896,1.6572694262555139,1257.694120048413,62.36738397245822
S16,amusement,0,4320.4,72.09032874061194,758.5714285714857,0.09352465205957104,40.04964695563683,18.421052631578945,53.94736842105263,78.50213389949049,7.229502526142205,61.764705882384334,94.80812641090684,33.0434205285225,28.48940607498278,97.88965592621997,3.436001988548971,3976.591382262509,275.9406735324271,14.411037457278658,4252.532055794936,93.51114418628774
S16,amusement,0,4350.4,60.30799865380823,731.4285714287507,0.08107275907082238,33.16897393386308,13.924050632911392,45.56962025316456,81.16955641367936,6.400098122416759,68.18181818180973,93.1263858093269,24.944567627517173,23.564426796647297,81.96845242531374,3.478482762711464,2763.2540040406975,573.6753786848774,4.816755445170615,3336.929382725575,82.80828531599597
S16,amusement,0,4380.4,47.74733220478574,699.9999999998181,0.06717810875646076,27.130475811698314,6.097560975609756,45.1219512195122,84.76782041711768,5.306843503024837,69.42148760329326,93.33333333337106,23.9118457300778,19.25658458805106,64.72093490789185,3.360976844671197,81.23961374907945,238.46857301713868,0.34067220146128346,319.70818676621815,25.410551594190085
S16,amusement,0,4410.4,42.85135348383601,698.571428571995,0.06160969293176704,22.89484560540939,1.1904761904761905,41.66666666666667,86.59747286172845,5.473984254477354,76.50273224041486,100.00000000009095,23.49726775967609,16.285034682416107,58.37186510799388,3.5843869077553365,1194.3440943205933,323.17853282697257,3.6956170444651297,1517.5226271475658,78.70354437914115
S16,amusement,0,4440.4,40.26509608325491,672.8571428570831,0.059195005339455445,18.448500571894144,1.1494252873563218,21.839080459770116,88.50975482097462,5.17339302138244,76.50273224041486,100.00000000009095,23.49726775967609,13.08820808532894,55.41890231953922,4.234262013427211,443.54518804308964,135.19234133888074,3.2808455246090773,578.7375293819704,76.6401288191468
S16,amusement,0,4470.4,27.41317466953786,667.1428571435172,0.04095345024008928,15.906440277469162,0.0,17.045454545454543,89.78354902909298,3.6507994445456853,81.081081081105,99.05660377356875,17.975522692463755,11.305195941273128,37.083107146713125,3.2801826115485295,268.84004442497275,85.34294018873575,3.1501146296393525,354.1829846137085,75.90428002016655
S16,amusement,0,4500.4,39.81334889205691,684.2857142855792,0.05834054252950586,17.92776731789897,0.0,26.744186046511626,88.21903550157626,5.178711293860733,77.92207792203375,99.29078014185421,21.368702219820463,12.744101680425404,54.84335303717558,4.303430277978204,1156.8628991843375,176.49264142548944,6.554737295791081,1333.355540609827,86.76327235684127
S16,amusement,0,4530.4,49.43314414450387,690.0000000005093,0.07150986060630612,19.191632449404555,2.380952380952381,30.952380952380953,87.23758018111766,6.271629019404637,74.60035523980952,100.47846889951454,25.878113659705022,13.61594852924664,68.5702371708856,5.036023529583622,631.9015522712474,124.66921363140943,5.0686254758892995,756.5707659026568,83.52180400696982
S16,amusement,0,4560.4,48.51315636782637,679.28571428547,0.07085821072746366,20.649710996163616,2.3529411764705883,32.94117647058823,88.06475792135856,6.1447580699116084,74.60035523980952,100.47846889951454,25.878113659705022,14.687721021386198,67.01733755332477,4.562813894391344,1986.9934443310715,118.64508903374941,16.747372019467722,2105.638533364821,94.36536294555012
S16,amusement,0,4590.4,49.120053849620156,710.0000000000364,0.0690096090210419,22.893151498685263,1.2048192771084338,32.53012048192771,84.70090329958647,5.968842882967015,75.13416815742201,98.59154929570644,23.457381138284433,16.26563484273383,67.53509090496593,4.152010761211398,1405.7199906371911,185.89793512615176,7.561783780348387,1591.617925763343,88.32019091284141
S16,amusement,0,4620.4,66.45645595202097,688.5714285717768,0.09629979415346739,18.095385522013384,0.0,23.52941176470588,87.7444403942406,8.42727612327538,75.13416815742201,100.96153846158614,25.827370304164134,12.817878331298349,93.10544060628166,7.263716989647133,1092.1213567411048,104.04548345365599,10.49657630960558,1196.1668401947609,91.301758253329
S16,meditation,0,5014.4,122.48249386751343,776.4285714283687,0.15995848079712577,51.62275235617627,28.57142857142857,57.14285714285714,80.45819541328002,13.41299769032284,62.780269058325324,105.52763819103869,42.74736913271337,36.73445315048889,169.27640875132442,4.608110213533193,1616.8700332882356,2423.2795056983487,0.667223912671304,4040.149538986584,40.0200541511096
S16,meditation,0,5044.4,79.61597610074557,777.857142857556,0.10019089127284904,58.61596116920919,37.142857142857146,70.0,76.2446731224895,7.509041245473743,62.780269058325324,90.12875536473932,27.348486306413996,41.745427736353484,104.56924291615518,2.5049268527458963,2807.543832874434,1406.6620039079558,1.9958908572738732,4214.20583678239,66.62094690225278
S16,meditation,0,5074.4,76.56276952061509,775.7142857135477,0.09753594046022039,61.787596512730396,36.76470588235294,69.11764705882352,77.13431698390232,7.301616250139419,60.51873198847611,91.50326797394396,30.98453598546785,44.015177267025194,98.92613165127808,2.2475459101556425,2226.489511162914,2839.121250121718,0.7842178318616934,5065.610761284632,43.953031847205715
S16,meditation,0,5104.4,85.4517127956148,744.2857142859793,0.11241674196932266,52.140377390480886,24.65753424657534,58.9041095890411,79.87781645296351,8.578547852464144,60.51873198847611,93.95973154359969,33.440999555123575,37.074855793696216,115.01932666854343,3.102353986447602,3961.719870304644,2267.8408105262256,1.7469126809590192,6229.560680830869,63.595493699826164
S16,meditation,0,5134.4,95.25214696851144,751.4285714287325,0.12371020745236128,56.22623908268102,22.972972972972975,52.702702702702695,79.03655696445243,9.193112825118671,56.00000000000679,93.95973154359969,37.959731543592895,40.025568145490304,128.6230807392379,3.213522922940194,5199.375912025733,1975.9195907289752,2.6313701915914143,7175.295502754708,72.46218514665509
S16,meditation,0,5164.4,88.7459944887511,821.4285714288962,0.10817185717267835,63.67291201175344,28.169014084507044,63.38028169014085,73.97499734999037,7.957651084237921,56.00000000000679,91.50326797381705,35.50326797381025,45.33057923054953,117.0335065791748,2.581778317544698,3173.9921953269886,967.4517637269471,3.280775656555435,4141.443959053936,76.63974755442663
S16,meditation,0,5194.4,107.34586736342548,816.4285714283324,0.1300505207835537,83.64933856574653,32.3943661971831,69.01408450704226,73.82951886437871,9.003703256004496,52.83018867925254,90.51724137928622,37.68705270003368,59.56789820682209,139.63500987658486,2.344131891170083,5720.413329597682,3276.951714949544,1.7456507837759703,8997.365044547227,63.578762240668304
S16,meditation,0,5224.4,122.22219467493923,855.7142857143845,0.14219414208496825,95.92382682226263,42.64705882352941,73.52941176470588,71.17259843010686,9.880454851328437,52.83018867925254,90.51724137928622,37.68705270003368,68.31286303413603,158.7762025191334,2.324250448115353,8424.242531238011,2093.305599476592,4.024372998067936,10517.548130714604,80.09701906318382
S16,meditation,0,5254.4,97.907851689472,859.9999999996726,0.11314629110184109,72.9042935252263,36.76470588235294,70.58823529411765,70.19345346673764,7.74059745848914,53.43511450380665,86.4197530864094,32.98463858260275,51.893918320656994,128.37023052960632,2.473704716926473,7024.641773240051,1532.3275327655708,4.584295213022674,8556.969306005622,82.09263726480681
S16,meditation,0,5284.4,90.50819496311068,859.9999999996726,0.10481331252055484,66.66912606655406,30.76923076923077,66.15384615384615,70.20476015664006,7.054110012103924,53.29949238580452,83.33333333330386,30.033840947499336,47.429029646555534,118.88630643495938,2.506614774135345,5259.481086883391,1921.3316294390331,2.7374145130890235,7180.812716322424,73.24353516320333
S16,meditation,0,5314.4,101.29235341951743,934.2857142855792,0.1081151290219696,77.18316919074397,48.38709677419355,77.41935483870968,64.78194611401065,7.025563994439587,49.70414201180864,83.33333333330386,33.62919132149521,54.95868446610072,132.28690307163603,2.4070245559322374,7004.05254820293,2858.5914650773275,2.450176121271482,9862.644013280256,71.01597237791232
S16,meditation,0,5344.4,84.25713967803867,945.0000000001637,0.08831686661096246,70.88552351480257,54.09836065573771,80.32786885245902,63.38514524478266,5.719349489653271,54.19354838708406,77.77777777771752,23.58422939063346,50.51522763968701,107.92007667695404,2.1363870206964526,5103.6889198324525,1959.0643304263401,2.605166579048359,7062.753250258793,72.26203066977376
S17,baseline,0,92.2,123.6304258279174,774.2857142857033,0.15614730553582717,88.82263708633833,44.776119402985074,74.6268656716418,77.58475935343768,11.865488179042604,56.83355886332871,100.96153846153786,44.127979598209144,63.28102215716666,162.9861239968868,2.575592467392349,2912.946217304909,5622.306118824927,0.5181052322198566,8535.252336129835,34.12841357922565
S17,baseline,0,122.2,111.79776282380094,931.4285714285688,0.12180752397790347,102.52075490202505,62.295081967213115,80.32786885245902,66.3642542645782,8.339952658796935,52.36907730673421,84.67741935484003,32.308342048105814,73.09183320444703,140.19651730206064,1.9180873040892734,1948.4003340530498,2912.0348840013826,0.6690855060691384,4860.435218054432,40.08695202469891
S17,baseline,0,152.2,114.85281906478333,889.9999999999864,0.1288544143878332,79.69622821838954,45.90163934426229,78.68852459016394,68.4232604384944,8.828195171938496,52.36907730673421,89.55223880597183,37.18316149923761,56.790634805642895,152.1747807378996,2.679575272554957,890.1576625836626,2592.107650028814,0.34341076173042717,3482.265312612477,25.562603152596825
S17,baseline,0,182.2,107.19426422423363,881.4285714285859,0.12029446349001435,83.57012034559757,52.38095238095239,87.3015873015873,68.2936827495065,8.198782374998915,53.77720870678596,89.55223880597183,35.77503009918586,59.551049286144426,139.40908540718868,2.341001327068549,2127.197142364946,4959.407434261847,0.4289216344011784,7086.604576626793,30.01715587999531
S17,baseline,0,212.2,87.49185493369897,950.7142857142838,0.09215033014906901,90.57657030743759,67.21311475409836,90.1639344262295,63.73193581260104,5.948772832978296,53.77720870678596,75.0000000000016,21.222791293215643,64.55126003648816,105.5593870159378,1.635280038782658,1847.6865502896949,2880.193429940346,0.6415147437955109,4727.879980230041,39.08065682749826
S17,baseline,0,242.2,79.28734258764817,977.8571428571752,0.08220819600324741,91.06687089665002,65.57377049180327,78.68852459016394,62.63620302584249,5.289609898099132,52.963430012608775,74.60035523978316,21.63692522717438,64.91214864240345,91.4296360478849,1.4085134749053594,1503.0740478549733,3423.4454788576368,0.4390530116917566,4926.51952671261,30.509856699136055
S17,baseline,0,272.2,71.67978423358761,977.1428571428658,0.07382420151571062,89.15161843082059,61.016949152542374,77.96610169491525,62.130248779636595,4.638463556938516,52.963430012608775,74.336283185844,21.37285317323522,63.58083495069117,78.95226635455323,1.241762024921237,866.9835739088006,2359.3946048564103,0.367460183270854,3226.378178765211,26.87172816921945
S17,baseline,0,302.2,74.41155836593992,952.8571428571695,0.07797423845137291,80.16608375878806,55.172413793103445,77.58620689655173,63.254417957316114,4.9937180288261205,55.40897097625508,74.46808510638542,19.05911413013034,57.151866025652396,88.3618936345371,1.546089389187681,2430.935483578124,2674.0869750854517,0.9090712105579297,5105.022458663576,47.61850713218036
S17,baseline,0,332.2,105.23370450384995,945.7142857143026,0.1129721607446909,85.3603080432471,58.18181818181818,78.18181818181819,65.31110476085001,8.203621754983635,53.63984674329708,91.70305676855813,38.06321002526105,60.735816571056574,135.86546916952148,2.2369909032270696,1007.1994396580196,3126.6810962323448,0.32213053031589833,4133.880535890365,24.364502817957867
S17,baseline,0,362.2,120.08284113542031,960.7142857143174,0.1273959768543699,105.81093899259514,57.14285714285714,78.57142857142857,64.77334388209702,9.082705045558917,49.704142011834385,91.70305676855813,41.99891475672374,75.45792485223193,152.13769765348792,2.016192440375438,7007.766120555925,5029.139628456412,1.3934324036071377,12036.905749012338,58.21899968877743
S17,baseline,0,392.2,102.43257919726733,891.4285714285768,0.11309590763105228,89.8180613486339,46.15384615384615,72.3076923076923,67.039951486166,7.2083714676030235,49.704142011834385,85.36585365854026,35.661711646705875,63.98160287363404,129.9662304436405,2.0313062600249085,788.8561600483483,1602.9262720062115,0.49213502443940943,2391.7824320545596,32.98193637833165
S17,baseline,0,422.2,79.94465560113201,892.8571428571104,0.0888556032403817,64.2537122726481,45.3125,78.125,67.19958643611398,5.874306136462201,56.14973262032072,78.94736842104767,22.79763580072695,45.787809245055335,103.37200995871967,2.2576317072842462,1189.7032195493384,1620.1726208065463,0.7343064586272827,2809.875840355885,42.34006365913508
S17,baseline,0,452.2,76.5276102110353,921.4285714285779,0.08218555450776,78.72356448360208,59.67741935483871,87.09677419354838,64.85912078175375,5.249246923385011,53.03030303030102,75.13416815742201,22.10386512712099,56.097767786344136,92.55263744817712,1.6498452808439052,740.8095930052324,1931.2907435838367,0.38358263532632836,2672.1003365890692,27.723868855571283
S17,baseline,0,482.2,98.18568514636551,895.7142857142912,0.10897545247370724,97.82015072445763,60.9375,84.375,67.39214707524289,7.539978875192335,53.03030303030102,90.32258064516174,37.292277614860716,69.7152927995704,120.08595040716716,1.7225194872581406,2336.8261409325273,3745.2124067261984,0.6239502295612698,6082.038547658725,38.421758142787276
S17,baseline,0,512.2,108.01653425067148,899.9999999999773,0.1197273673717176,100.712243009651,56.451612903225815,79.03225806451613,67.4896497414546,8.436438371404344,53.03030303030102,90.32258064516174,37.292277614860716,71.70712663819619,134.88228694808916,1.8810164801142861,2535.6438153921736,4552.448437477911,0.5569846315045665,7088.092252870085,35.77329025825602
S17,baseline,0,542.2,81.717843778631,894.2857142857292,0.09058307135123725,77.08485473770011,53.333333333333336,80.0,67.05639876789255,6.176654181519164,55.62913907284215,84.00000000000573,28.370860927163577,54.93371738432988,101.67545759914758,1.85087524457522,2841.9486661258857,2663.5521647219043,1.066976912923576,5505.50083084779,51.62016596568664
S17,baseline,0,572.2,65.81064146615597,862.8571428571377,0.07587126876828768,61.22557822159773,40.0,81.53846153846153,69.55485399064325,5.141013685743137,58.011049723756834,80.15267175571809,22.141622031961255,43.57791340679862,82.23774391046618,1.8871427629583615,793.2744676166744,1212.936673280884,0.6540114460146866,2006.2111408975584,39.54092624875822
S17,baseline,0,602.2,56.840449351659075,857.1428571427759,0.06619394101712196,54.40141363531807,35.294117647058826,70.58823529411765,70.1702093385891,4.565686176934811,59.07172995780201,80.15267175571809,21.080941797916076,38.73557833255035,70.43598750809062,1.818379653541967,565.1322407673584,1347.6200777681313,0.41935575915676876,1912.7523185354898,29.545500234973197
S17,baseline,0,632.2,83.37436885089855,899.2857142857247,0.09252025654916805,78.3701718159159,47.69230769230769,69.23076923076923,67.13521214207624,6.11224390805975,53.367217280811644,80.0,26.632782719188356,55.83806077052382,103.84932225083924,1.8598303884088312,2284.2391241363403,2619.4099441702083,0.872043388710565,4903.6490683065485,46.58243467910299
S17,baseline,0,662.2,108.98193927041127,922.1428571428874,0.11923975185157112,101.86756266810168,50.79365079365079,76.19047619047619,66.60068781503698,8.247134227806205,50.54151624548908,92.10526315789124,41.563746912402166,72.59392068987879,135.95679039000154,1.872839889318128,1200.5725803900748,1817.611518329796,0.6605221018258519,3018.1840987198707,39.777977125361055
S17,baseline,0,692.2,115.89009907308073,921.4285714285779,0.12490079961686919,100.55192683525392,46.03174603174603,79.36507936507937,65.6955130865972,8.506872119901933,50.54151624548908,92.10526315789124,41.563746912402166,71.6633731291393,147.39535636542522,2.0567739129417597,8834.87756055771,3961.589187245875,2.230134711847742,12796.466747803584,69.04153884566729
S17,baseline,0,722.2,93.24880470255354,971.4285714285325,0.09713654121146191,83.6202543572795,51.66666666666667,83.33333333333334,63.09301899747985,6.225507935369538,51.282051282053075,77.63401109057673,26.35195980852366,59.61157129888922,117.63137219376212,1.9732976271329057,2108.775503987399,1631.1216374823418,1.2928376741064649,3739.8971414697407,56.3859225058439
S17,baseline,0,752.2,81.01746896734649,980.7142857142708,0.08329825450743103,88.89828777320409,57.6271186440678,86.4406779661017,62.1211883069229,5.3000880445459115,51.282051282053075,74.60035523978843,23.318303957735353,63.39405088090526,95.44032097944294,1.5055091077669285,685.0248432990767,3900.9104944272813,0.17560639862864882,4585.935337726358,14.937516402895954
S17,baseline,0,782.2,107.67610212420955,987.1428571428851,0.1119523134408861,95.57790568129303,58.333333333333336,88.33333333333333,63.21422758337425,7.626800904326865,51.1571254567577,84.84848484847822,33.691359391720525,68.15181970592445,136.1749441273892,1.998111638324332,1988.5299301742407,4144.347016828648,0.47981742892174867,6132.876947002888,32.42409634757187
S17,baseline,0,812.2,111.36207267223989,1022.8571428571058,0.11245668740191463,91.03652861668176,58.620689655172406,82.75862068965517,61.45021282127258,7.859631516862517,51.1571254567577,84.84848484847822,33.691359391720525,64.93114806973671,143.4815962765274,2.209749874165581,2040.2213135088443,1761.1286957640011,1.1584737210949647,3801.3500092728455,53.67096711778759
S17,baseline,0,842.2,165.49087642687144,975.7142857142753,0.1817922471613387,68.17407191618385,43.75,75.0,68.46436462336943,14.38505181498094,53.367217280811644,99.52606635071025,46.15884906989861,48.38282041495354,228.98376154164825,4.732749343212676,1158.6206688599693,2305.2550586251155,0.502599772864607,3463.875727485085,33.44867887916912
S17,baseline,0,872.2,154.1281694001295,877.1428571428714,0.17710153521242525,78.67039222124322,45.3125,76.5625,71.26750872593192,13.477230516150634,53.23193916349742,99.52606635071025,46.29412718721283,55.93579686199177,210.67076644538042,3.7662959725980176,4361.682158178076,1864.0594030806299,2.339883670536336,6225.741561258706,70.05883741335774
S17,baseline,0,902.2,121.61617887526681,1035.000000000025,0.12191162797367255,99.9340441832332,59.61538461538461,88.46153846153845,61.099171172083466,8.030678057746925,48.05491990846427,83.16831683167456,35.11339692321029,71.34956846228401,156.4935430255435,2.1933355225304174,1525.352639263119,7441.062914617876,0.20499122998497737,8966.415553880996,17.011844143258454
S17,baseline,0,932.2,109.29278961418153,1012.8571428571149,0.10957231081524098,103.23604961787458,64.15094339622641,92.45283018867924,60.89747493900561,6.9656145498406925,48.05491990846427,77.63401109057673,29.579091182112464,73.55264984219167,135.94055842349417,1.8482074910306658,652.5133896061441,2514.5206599157023,0.2594981222496773,3167.034049521846,20.603295683059027
S17,baseline,0,962.2,90.92650414686042,903.5714285715244,0.10094416596254416,86.04938531993636,59.32203389830508,83.05084745762711,67.29920795680509,6.985107869850656,55.55555555555345,85.36585365853335,29.810298102979907,61.31515847437967,113.02968483544383,1.8434215559056721,2896.8461281456844,3130.8497463781673,0.9252587517164683,6027.695874523852,48.058929787570214
S17,baseline,0,992.2,86.7841071234671,887.1428571428623,0.09896323844274427,77.26792357377126,50.74626865671642,79.1044776119403,69.09596885531873,6.984210860093354,55.55555555555345,85.88957055216146,30.334014996608012,55.04688455625035,109.69413384081061,1.992740092833379,1889.8104624956377,2230.09616473975,0.8474120947677505,4119.9066272353875,45.870225553237155
S17,baseline,0,1022.2,91.7248724143218,890.0000000001,0.10358028787998878,81.42344481470666,48.484848484848484,83.33333333333334,68.50138071670126,7.382020424784278,54.123711340207834,85.88957055216146,31.765859211953625,57.99534970179074,116.03208113196204,2.000713535285042,1511.2825222664565,1806.2273342133149,0.8367067055402975,3317.5098564797713,45.554725913311586
S17,baseline,0,1052.2,90.36568407112715,867.1428571428805,0.10474914935580491,77.78023220073246,46.15384615384615,81.53846153846153,70.29673394654743,7.2888158722712255,54.123711340207834,85.8895705521335,31.765859211925672,55.34100260983839,115.19239187300256,2.08150171555663,5038.135809938254,2309.6078517777805,2.181381486930882,7347.743661716035,68.56711450330616
S17,baseline,0,1082.2,85.26153040305817,845.7142857142799,0.09977918599273743,73.6242875299075,46.875,75.0,70.923774930356,7.268493201343114,57.85123966942881,91.7030567685422,33.85181709911339,52.42313352646687,108.5857827001742,2.0713333102332103,618.251459888083,1220.230320369717,0.5066678393147609,1838.4817802578,33.62837024152554
S17,baseline,0,1112.2,110.08754680261671,935.7142857143117,0.11848231943542621,72.0709212309176,48.333333333333336,73.33333333333333,65.54916171086548,8.468159429078714,53.29949238578299,91.7030567685422,38.40356438275921,51.047202695461216,147.0806548088672,2.8812676707541636,4840.159290809703,3927.3298229638276,1.2324300501853427,8767.48911377353,55.205763337714565
S17,baseline,0,1142.2,188.1921149490373,797.8571428570831,0.23322531112398046,57.44173306745563,26.027397260273972,49.31506849315068,78.5153570576385,18.26168056197711,53.29949238578299,107.4168797954379,54.1173874096549,40.882177876533326,262.985155075443,6.4327579579951495,3147.544450791216,537.0252640527065,5.861073326491209,3684.5697148439226,85.42502094914346
S17,baseline,0,1172.2,152.419137841906,686.4285714285643,0.20438858550194478,64.24511476662418,26.582278481012654,51.89873417721519,83.57407176563495,15.610737177343081,56.300268096519616,107.4168797954379,51.11661169891828,45.6919117188266,210.65478006543987,4.610329752927432,7498.82509042413,2083.292587193356,3.5995064430804042,9582.117677617487,78.258536815305
S17,baseline,0,1202.2,131.45211682923667,807.8571428571877,0.16074352336184755,71.34322022772932,43.47826086956522,72.46376811594203,75.26378807989755,12.090409746286287,55.999999999994905,97.67441860466252,41.674418604667615,50.81684830115438,178.82104452919415,3.518932214557115,1667.381822564978,2776.7491999351655,0.6004798066040353,4444.131022500143,37.51873682668689
S17,amusement,0,1740.2,140.1578479660432,862.8571428571377,0.17168219265682563,53.24131091745733,25.0,62.5,75.9342410462169,14.640351189907445,53.503184713373315,112.90322580647148,59.40004109309817,37.81021814553024,194.57346195391696,5.14605499510768,1011.1850712162827,579.1924538879246,1.74585332462213,1590.3775251042073,63.58144876010029
S17,amusement,0,1770.2,113.09218567265864,674.9999999999545,0.1601016135199793,53.00695149516522,25.301204819277107,61.44578313253012,86.95662709019106,12.924112755302106,58.41446453408205,112.90322580647148,54.48876127238943,37.611327509630065,155.45119157922701,4.133095050671239,3706.6489560232467,1043.1757084690603,3.5532354961208177,4749.824664492307,78.03759544499813
S17,amusement,0,1800.2,109.70242796279562,707.142857143026,0.1505428061738351,63.22639109274861,31.25,70.0,84.05059361687557,11.691501799715018,58.17174515235985,106.59898477156598,48.427239619206134,44.9421809871145,148.49055784791898,3.3040354203213487,4998.342065548122,1598.777483662238,3.1263525516375643,6597.11954921036,75.7655220322087
S17,amusement,0,1830.2,115.13266090128057,825.0000000000455,0.13978670977390403,58.501946322200574,36.61971830985916,73.23943661971832,74.27754386588887,10.441837421217446,58.17174515235985,93.95973154363314,35.78798639127329,41.66092378880683,157.40211765246917,3.7781715655272845,838.194827260082,928.050538779335,0.9031779975717268,1766.2453660394171,47.4563072252882
S17,amusement,0,1860.2,102.88002135567397,886.4285714287234,0.11886715414656257,59.538022468019655,37.3134328358209,71.64179104477611,70.38643236599104,9.144485436537302,58.57740585773999,93.95973154363314,35.38232568589315,42.417344531939705,139.17387136652695,3.281060445962874,4355.087649361122,1654.522276473361,2.63223270625528,6009.609925834483,72.46872431169288
S17,amusement,0,1890.2,73.68071702259194,844.285714285661,0.08660725297975691,53.729738077728115,29.411764705882355,67.64705882352942,71.05840848155813,6.2662763512705455,60.869565217378465,85.53971486761964,24.67014965024117,38.26200322596376,96.92118050799256,2.533092162885606,2420.584699372729,910.2277051758765,2.659317757093559,3330.8124045486056,72.67250164155578
S17,amusement,0,1920.2,70.94479691830234,815.7142857141935,0.08812172938081356,43.109822632223135,21.91780821917808,61.64383561643836,75.10524261914868,6.6830768811162535,60.869565217378465,89.55223880596043,28.682673588581963,30.67026077645992,95.52833885011435,3.1146894885039385,1572.184126326572,823.4530592999695,1.9092577391880852,2395.6371856265414,65.62697121915778
S17,amusement,0,1950.2,73.30470951269888,808.5714285714403,0.0905324501183999,44.005771627239156,26.38888888888889,68.05555555555556,74.7084507148878,6.832142185449421,63.15789473683908,89.55223880596043,26.394344069121345,31.305778045048935,98.82868578745982,3.156883232393892,1027.946125492172,905.5534894281282,1.135157820595818,1933.4996149203002,53.16505457564027
S17,amusement,0,1980.2,104.19344451267419,817.142857142926,0.1291236604403562,47.50790601350225,29.166666666666668,68.05555555555556,75.65856681063387,10.346986711105842,59.23836389280176,101.20481927710621,41.96645538430445,33.80552953895799,143.42152534198647,4.2425463318569046,2436.5743224496496,655.6209981338544,3.7164372852380607,3092.195320583504,78.79755545292859
S17,amusement,0,2010.2,105.9977772941558,797.8571428571968,0.1321082927635161,44.133631927930715,23.28767123287671,65.75342465753424,76.11441297719958,10.37341634668794,59.23836389280176,101.20481927710621,41.96645538430445,31.419996260410535,146.57367232077763,4.664980578163267,1407.348971536045,901.5479037425326,1.5610362640674065,2308.8968752785777,60.95330573680311
S17,amusement,0,2040.2,78.11380257335966,819.2857142855701,0.0949757707637106,43.1335819576515,22.535211267605636,70.4225352112676,73.61073577832109,7.087632258489979,61.76470588235542,94.17040358744318,32.40569770508775,30.5622587005582,106.15781011333917,3.4734936037760935,1509.1725848018903,516.5282666508743,2.9217618516547756,2025.7008514527647,74.50125637848068
S17,meditation,0,2543.2,167.17141199072168,952.8571428570558,0.18246834126693506,99.1953780782131,37.5,78.57142857142857,67.92814296412008,13.748221601628638,50.29940119760808,95.23809523807874,44.938694040470665,70.77155155812227,225.57470927388835,3.187364192356748,5867.410644230503,5307.849999720592,1.105421337177834,11175.260643951095,52.503568651943645
S17,meditation,0,2573.2,112.80202377804656,984.2857142857611,0.11538920052591672,101.50549520468206,52.63157894736842,82.45614035087719,62.210912651890936,7.420389407424312,50.29940119760808,80.0,29.700598802391923,72.41111727043065,142.14507811561364,1.9630283784291105,6563.583279426185,2746.360761682742,2.3899202795937726,9309.944041108927,70.50078121247635
S17,meditation,0,2603.2,141.47783779858696,950.0000000002728,0.14707853323269382,117.53491303576757,58.333333333333336,78.33333333333333,63.749447363870715,9.625406838982045,47.61904761903937,86.59793814433964,38.978890525300265,83.77187560100658,181.69818390566275,2.1689640180800667,7307.456678852292,3987.8721135461833,1.8324200151830332,11295.328792398475,64.69450171092018
S17,meditation,0,2633.2,132.3352809416503,1001.4285714282778,0.13424329091175194,114.2758616442999,60.3448275862069,86.20689655172413,62.04113085620151,9.046258856467189,47.61904761903937,86.59793814433964,38.978890525300265,81.51070004614333,168.46738242698103,2.0668130973186516,6409.7762188936595,4556.636363444491,1.4066903100532533,10966.412582338151,58.44916166310268
S17,meditation,0,2663.2,118.76888926197744,935.7142857143117,0.12807428665149972,77.40925698969511,50.79365079365079,79.36507936507937,65.80968704559137,8.874252623813296,49.940546967896225,85.71428571430799,35.773738746411766,55.1003651703509,158.6696186140929,2.8796473149232753,2231.3373890871685,1558.4624615279943,1.431755620792723,3789.7998506151625,58.877446752893206
S17,meditation,0,2693.2,119.81888795154678,857.8571428572559,0.13946738070361472,63.295140008542425,43.28358208955223,73.13432835820896,71.21946536172516,10.142500509514239,54.901960784313076,93.95973154359969,39.05777075928661,45.08969821364509,163.34029182933725,3.622563430240636,2572.7461460055856,1990.4028834301862,1.2925755722237553,4563.149029435772,56.38093626592999
S17,meditation,0,2723.2,134.27524858805626,902.142857142735,0.15048232987479526,85.03532937318332,48.38709677419355,77.41935483870968,68.81791002060723,10.789723087200223,50.42016806722458,93.95973154359969,43.53956347637511,60.617343027021725,179.9589466826059,2.9687699542090553,10137.355195348522,3817.1903832920907,2.655711184781326,13954.545578640613,72.64554147048088
S17,meditation,0,2753.2,129.43674544827948,914.2857142855974,0.1414907288567813,96.90622439519993,56.451612903225815,87.09677419354838,66.93446076375746,9.799989088399213,50.42016806722458,90.51724137928622,40.09707331206164,69.05569264351203,169.52596691365662,2.4549166104061086,2097.236692978803,3217.2631564285357,0.6518698008237949,5314.499849407339,39.462541206256354
S17,meditation,0,2783.2,155.66961568838764,961.4285714287689,0.1661349898808844,133.56816329582688,62.903225806451616,90.32258064516128,65.8680524028338,11.37882086977562,47.890535917907,90.51724137928622,42.62670546137922,95.21427722744004,198.49508787170728,2.084719788373319,20370.435321445664,6427.478113735497,3.1692733854533275,26797.91343518116,76.01500531269984
S17,meditation,0,2813.2,128.6395040526089,984.2857142857611,0.13160445692286152,118.16295101765688,55.00000000000001,81.66666666666667,62.52658079092895,8.961879256771825,47.890535917907,88.42105263156202,40.53051671365502,84.25375757026241,161.23755251520603,1.9137134908285118,8082.085805068268,2903.3856476619785,2.7836762958364014,10985.471452730246,73.57067777969245
S17,stress,1,3512.2,55.834829861678124,501.4285714282778,0.10863796479448601,25.023857294505714,6.086956521739131,17.391304347826086,117.99379617849924,11.719938395559,83.8323353293681,135.4838709677658,51.65153563839769,17.770006428631497,76.93687882213237,4.3295920646471835,994.346705391365,1051.1195067636215,0.945988252518442,2045.4662121549866,48.612228326361745
S17,stress,1,3542.2,49.04721593947193,557.1428571429351,0.08661970114001198,30.23517266807453,11.76470588235294,35.294117647058826,106.69148489857263,8.53554871175004,83.8323353293681,121.3872832370408,37.5549479076727,21.438544055090077,65.96701912034787,3.0770288761603455,1156.601512767591,684.5445050295817,1.689592866891262,1841.1460177971726,62.81965154243439
S17,stress,1,3572.2,71.43969736920661,565.7142857144208,0.12460623543167078,35.498271461001416,10.75268817204301,34.40860215053764,106.142675023653,12.29585614305253,75.40394973068565,144.82758620693744,69.42363647625179,25.224176415916144,97.83149617861515,3.87848128579075,3591.0554531342373,473.24069547562203,7.588221992458006,4064.2961486098593,88.35614634928885
S17,stress,1,3602.2,66.5716220899554,531.4285714284779,0.12096610178396117,29.71762940451537,5.05050505050505,22.22222222222222,110.3746294491909,11.475002522992485,75.40394973068565,144.82758620693744,69.42363647625179,21.104134639531996,91.75062526485681,4.3475189498171,1105.343261916154,151.77053419121475,7.282989862337434,1257.1137961073687,87.92706478433618
S17,stress,1,3632.2,59.308397618642,532.8571428572104,0.1071571337989697,33.47652468588423,5.660377358490567,26.41509433962264,109.48910777037241,10.281990180451954,74.20494699648623,124.26035502961523,50.055408033129,23.781958115434193,80.43252155924004,3.382081541344585,1746.6790202552277,1441.5325758481308,1.211681962322331,3188.2115961033587,54.78554254021357
S17,stress,1,3662.2,63.69201693192197,551.4285714289144,0.11186855078013411,38.8464452792313,11.538461538461538,39.42307692307692,106.60268960052433,11.090420827879623,74.20494699648623,124.26035502961523,50.055408033129,27.60146566783525,85.74091867189074,3.106390062894631,1004.2071934226378,369.7018244839832,2.7162624767250603,1373.909017906621,73.09124405870153
S17,stress,1,3692.2,46.605286229956526,567.1428571426986,0.08140661350210751,28.1860275631654,10.679611650485436,38.83495145631068,105.47122065572245,8.322447483874534,87.1369294605944,122.44897959189129,35.312050131296886,20.02448995365883,62.794308748868055,3.1358755650799695,309.3765108228598,579.1022387817416,0.5342347000310269,888.4787496046014,34.8209240750599
S17,stress,1,3722.2,48.398110998544134,589.2857142857792,0.08059755307169676,32.911529155778574,12.903225806451612,48.38709677419355,100.53250373775546,7.7366042463488585,79.24528301887881,114.13043478267019,34.885151763791384,23.392229095560968,64.32385183114883,2.7497957363693595,243.54101037498785,1102.3874717286697,0.22092142429112305,1345.9284821036574,18.09464719806943
S17,stress,1,3752.2,51.010798590089685,576.4285714283233,0.08673972642788474,28.682490907200837,8.421052631578947,31.57894736842105,102.74122076494339,8.379931438061664,79.24528301887881,115.06849315075374,35.82321013187493,20.385547264820055,69.19994659182318,3.3945591792496828,440.6535622108774,478.81955266402565,0.9202914955314528,919.4731148749031,47.924572788713846
S17,stress,1,3782.2,31.49248760260344,550.0000000001819,0.05624064550562399,16.424282196671026,2.857142857142857,14.285714285714285,107.47033411269621,5.752996321737515,89.17197452230091,117.97752808987438,28.80555356757347,11.667304738058725,42.981711819674366,3.6839452456802735,118.67306243112759,80.21694793507201,1.4794013669926975,198.8900103661996,59.667683767839705
S17,stress,1,3812.2,64.96520496458048,594.2857142858884,0.10771219244243432,28.543971769575137,11.578947368421053,38.94736842105263,100.56637330995481,10.250002304119676,77.34806629832543,117.97752808987438,40.62946179154895,20.285009034179435,89.60733296256039,4.417416468071353,268.7714225078059,459.37039867271295,0.5850865081519916,728.1418211805188,36.911960649651085
S17,stress,1,3842.2,82.39625078696055,633.5714285712584,0.12712356858447663,40.30611070663069,19.318181818181817,59.09090909090909,94.00100148048931,11.508980540715283,67.85137318257684,115.70247933878152,47.85110615620468,28.61169538993458,112.95864364628761,3.9479884748817007,1467.1192178550868,1458.2995435408566,1.0060479168037146,2925.4187613959434,50.150742082306564
S17,stress,1,3872.2,95.70591269456288,533.5714285713493,0.1704399069227541,28.15961723387376,8.571428571428571,27.61904761904762,109.42195052461753,15.45489676150077,67.85137318257684,128.4403669723706,60.588993789793776,19.96153417641779,133.86851983465826,6.706324205922419,316.0292295336778,371.9833046980089,0.8495790685827771,688.0125342316867,45.933644201205155
S17,stress,1,3902.2,42.62288338453845,455.7142857142935,0.09102417654816145,8.679483882288192,0.7874015748031495,4.724409448818897,129.1115075090329,10.874308926698387,97.90209790209873,142.8571428571181,44.955044955019375,6.137654385346502,59.96456932781194,9.769948837617163,31.011316759342776,13.191314992864763,2.350888958084689,44.20263175220754,70.15717284252884
S17,stress,1,3932.2,29.57751412591602,444.28571428579744,0.06560001692793362,12.686373488342964,3.0534351145038165,3.816793893129771,133.56685550547084,7.63741366566319,95.02262443434847,142.8571428571181,47.834518422769634,9.002631358974787,40.84863905140448,4.5374110549003195,42.57500048418689,11.651176215871399,3.6541375476057616,54.22617670005829,78.51374202478326
S17,stress,1,3962.2,75.34662155742672,481.42857142875073,0.1488007830922139,35.610918624510546,9.00900900900901,23.423423423423422,120.69483297667948,15.113188980591925,77.92207792207977,140.93959731534935,63.01751939326958,25.293434123471226,103.51071901246644,4.092394828917791,1915.1382067680743,837.8576636050011,2.285756029882118,2752.9958703730754,69.56560405259678
S17,stress,1,3992.2,87.9453161482988,514.2857142859611,0.16039115097780862,52.02862335483044,10.476190476190476,36.19047619047619,111.83534748248091,15.346254652906431,72.04116638080679,133.33333333338723,61.292166952580445,36.96106591009725,118.75452358389511,3.212962631346977,5390.603609043944,1628.462505830094,3.3102411567628525,7019.066114874038,76.79944198873929
S17,stress,1,4022.2,62.77241438359422,480.0000000000182,0.12605806517540216,26.445194473690396,2.5210084033613445,11.76470588235294,121.94443920427594,11.770746212336535,74.86631016043825,133.33333333338723,58.467023172948984,18.73329665639086,86.77451014828598,4.632100357983862,304.4305201872884,66.86261597254781,4.553075223863216,371.2931361598362,81.99196013584145
S17,stress,1,4052.2,12.51630403253925,458.5714285717586,0.027111453035364858,4.114899507799398,0.0,0.0,130.05884362573772,3.4746459185090193,121.03746397695222,139.53488372083578,18.497419743883555,2.91491093671396,17.459067200195488,5.989571406897755,66.31496192675787,13.685300812010112,4.84570729118065,80.00026273876799,82.89343016697589
S17,stress,1,4082.2,12.644758208944086,452.85714285682843,0.02804011852036189,4.177104338461611,0.0,0.0,133.15618484508363,3.7559940646294128,124.26035502938117,141.4141414142592,17.153786384878032,2.9591714831826064,17.635847710230333,5.959724811643182,98.05216816212511,23.284804734761494,4.210993790974106,121.3369728968866,80.80980250385086
S17,stress,1,4112.2,24.386896534634214,449.9999999998181,0.05349796557776349,6.877898275895374,0.0,1.5625,131.97325794073052,6.614725498841843,110.52631578941549,141.4141414142592,30.887825624843714,4.868297740971766,34.142951282617,7.013324389605162,42.009178864279164,16.147070716441032,2.601659434209649,58.1562495807202,72.23502059906892
S17,stress,1,4142.2,49.40125282105723,475.7142857142753,0.1014938296248464,21.155401683979363,5.0,8.333333333333332,124.30398385611784,10.48221845962703,78.6516853932027,138.61386138623348,59.96217599303078,15.012704465767644,68.2318566741632,4.544941041752153,3464.009891241458,809.9536325958376,4.276800241193535,4273.963523837296,81.04912154541186
S17,stress,1,4172.2,63.23440666250917,498.57142857126746,0.12315083957701523,39.7640685169998,11.504424778761061,23.008849557522122,118.29353282515638,12.006726789393438,76.08695652175818,152.17391304351636,76.08695652175818,28.226033907904263,84.85559134051809,3.0062881528940415,5694.7374478567035,1298.7588981545096,4.384753364114559,6993.496346011213,81.42904730485395
S17,meditation,0,5259.2,159.91510020620592,978.5714285708309,0.1692771637525188,112.0573362597119,45.16129032258064,75.80645161290323,65.43686206688376,11.655070996216425,49.64539007092711,90.32258064523903,40.67719057431192,79.76644677797466,211.61992466764158,2.6529942502851296,2030.192901845576,3045.734256589166,0.6665692837296755,5075.927158434742,39.99649400941412
S17,meditation,0,5289.2,144.60978457877874,1047.8571428575378,0.14520616705059491,119.50199004028802,50.0,77.77777777777779,61.62698626481956,9.776074419492657,46.66666666665252,85.36585365851954,38.69918699186702,85.13475844430148,185.94636994701466,2.1841416284591695,15658.86156471058,4957.868564698641,3.1583857781559375,20616.73012940922,75.95220709793173
S17,meditation,0,5319.2,158.93718104007462,1050.000000000182,0.15603517905760372,102.46572348742585,56.00000000000001,80.0,60.53680009844219,10.855626249645717,46.66666666665252,90.71274298055941,44.046076313906894,72.53403745086835,212.74601863491344,2.9330508284337413,2194.3748235673147,8440.098378632942,0.25999398645904664,10634.473202200257,20.634541851243764
S17,meditation,0,5349.2,153.18313261937945,1050.000000000182,0.149102434414354,99.32571503728052,53.57142857142857,78.57142857142857,59.929332440686785,10.601807512655887,47.511312217208456,90.71274298055941,43.201430763350956,70.86365663708372,204.71562325869095,2.8888662111681245,6856.245027900572,4522.846290846016,1.5159137823846063,11379.091318746589,60.253009979849516
S17,meditation,0,5379.2,149.17320937197306,1017.1428571429715,0.15009745478320033,110.3983283654052,59.64912280701754,78.94736842105263,61.859244408767054,10.177571481997676,47.511312217208456,86.77685950416223,39.265547286953776,78.72032079430686,195.72532764747245,2.4863380341004344,4912.361073997656,1787.8014349262903,2.7477106674322522,6700.162508923946,73.31704369043112
S17,meditation,0,5409.2,168.52990555755358,972.8571428568102,0.175900994866236,125.25960589481701,55.932203389830505,83.05084745762711,64.74984206837895,12.468281975511411,49.29577464789006,94.59459459464188,45.29881994675181,89.13333076379581,221.04277296810142,2.47991151092364,12830.449793787326,5587.962862321408,2.2960871626940578,18418.412656108732,69.66099648946633
S17,meditation,0,5439.2,173.1262188443008,1043.571428571795,0.17578815374385234,136.9463634725528,50.847457627118644,71.1864406779661,63.06536321663815,12.577238489525886,48.220436280162744,94.59459459464188,46.37415831447913,97.66611770272932,224.51437538724795,2.2987949215982177,25544.0915721351,3366.225507377516,7.58834828984331,28910.317079512617,88.35631757991682
S17,meditation,0,5469.2,167.9555727495769,1101.4285714290963,0.1603225535134664,148.55603807135324,48.148148148148145,68.51851851851852,58.940400637921975,10.71404578502189,43.523316062177805,82.19178082196696,38.66846475978915,106.0287841467438,212.54657317312845,2.0046120011992596,5531.448107726077,4040.8597895461544,1.3688789999683055,9572.307897272232,57.78594010021704
S17,meditation,0,5499.2,162.55918584512176,1081.4285714286598,0.15700882203249236,139.92614940199022,40.74074074074074,77.77777777777779,59.61329099743745,10.95806997394855,43.523316062177805,87.866108786649,44.34279272447119,99.66644730689046,207.1655789132946,2.0785889786499108,6703.585365127959,5240.87809350546,1.2790958395760241,11944.46345863342,56.12295092487079
S17,meditation,0,5529.2,135.73622296071056,1080.7142857142935,0.1309319220127819,128.66378832981968,49.056603773584904,77.35849056603774,59.10167026702964,9.651664404298069,48.837209302349336,87.866108786649,39.02889948429966,91.82910723328531,168.57063656526083,1.8356993947139126,7100.03027597734,9717.61765015513,0.7306348666500576,16817.64792613247,42.21773643474128
S17,meditation,0,5559.2,120.2591842733038,1069.2857142853427,0.11544693205450236,111.00346259245342,48.148148148148145,72.22222222222221,58.46440469684368,7.716742187716879,48.387096774202064,80.45977011499468,32.07267334079262,79.05172340935168,150.58342481884333,1.9048721308589405,6699.57604811704,7042.341310757193,0.9513279394572117,13741.917358874234,48.752847751559194
S17,meditation,0,5589.2,148.42003577484326,1035.714285713766,0.14994489915609258,121.6427419841405,45.614035087719294,75.43859649122807,62.21893044799115,10.969602450495136,50.42016806720531,88.98305084750426,38.56288278029895,86.65725413454862,191.17409433464505,2.2060945300415136,3254.859796529804,4511.8735689713285,0.7213987153615845,7766.7333655011325,41.90770615336801
S2,baseline,0,306.5,97.88283865101681,724.2857142857133,0.13136933988295862,67.39069802233391,39.436619718309856,67.6056338028169,81.83347247935728,10.158162012569365,60.0,100.23866348449101,40.23866348449101,47.96799806471456,129.8505732233228,2.7070250680076096,5951.679130665428,1747.4880778264346,3.405848203593046,7699.167208491863,77.30289483908041
S2,baseline,0,336.5,93.71110352485275,807.1428571428498,0.11713322625808055,73.88023463047159,46.57534246575342,67.12328767123287,76.06253612568824,9.299126830496187,60.0,96.33027522935122,36.330275229351216,52.59291529502488,121.64508665976474,2.312955765570044,2963.024703655694,1691.2823929302665,1.7519396619047418,4654.307096585961,63.66199398035294
S2,baseline,0,366.5,76.50349317400314,862.8571428571377,0.09047112744120073,61.23470781342103,43.47826086956522,66.66666666666666,71.57302106251832,6.988264831917632,62.13017751479298,94.17040358744318,32.04022607265019,43.612502626794736,99.01271913384316,2.2702829044488615,2316.3291480571947,1049.3065220370759,2.2074857054737245,3365.6356700942706,68.82293198396945
S2,baseline,0,396.5,58.71233248329655,865.7142857142617,0.06848944955786074,57.422373092488755,36.76470588235294,72.05882352941177,70.3279842571464,5.0015298681138844,62.13017751479298,82.51473477406904,20.384557259276058,40.90228642307085,72.25841775615761,1.7666107221673653,1298.2651570324729,609.9083435397956,2.1286233756003092,1908.1735005722685,68.03706039535284
S2,baseline,0,426.5,76.45669582468824,814.9999999999693,0.0952582461929683,66.95000826268962,39.726027397260275,72.6027397260274,75.48658078611636,7.873985645586592,64.12213740458226,106.32911392405553,42.20697651947327,47.668418633287686,97.05140152444699,2.03596855752782,434.3440545046578,1108.0690851424727,0.3919828288042265,1542.4131396471305,28.1600333490433
S2,baseline,0,456.5,70.75218172803314,806.4285714285404,0.08866488480735735,61.730020825087074,39.726027397260275,72.6027397260274,75.8319230605048,7.418956479516395,64.22018348624,106.32911392405553,42.10893043781553,43.95115581147163,89.88903348790105,2.045202949234824,1502.5970831669279,1915.7608805259472,0.7843343594918847,3418.3579636928753,43.95669204706876
S2,baseline,0,486.5,50.70921985637715,832.857142857165,0.06118759560347172,51.419348602938854,35.2112676056338,71.83098591549296,72.67274190940208,4.566027543146214,64.31852986217541,85.02024291497882,20.701713052803413,36.61470294694128,61.662091150009175,1.684080060388973,522.9690945524195,705.3134715388937,0.7414704463412208,1228.2825660913131,42.57726267471429
S2,baseline,0,516.5,50.552566137508755,827.8571428571695,0.06111709204880162,47.282276617063786,28.169014084507044,69.01408450704226,72.81621231639815,4.6165484067288025,64.51612903226153,85.02024291497882,20.50411388271729,33.6708971466975,63.06658839283216,1.8730296409407625,1908.6394524811442,390.32347127526725,4.889891571842261,2298.9629237564113,83.02175875731417
S2,baseline,0,546.5,59.46745555022337,824.2857142857929,0.072137183394257,52.453227811755994,31.428571428571427,68.57142857142857,73.17318419063368,5.52122726056241,61.046511627907016,92.30769230769553,31.261180679788517,37.3577639417177,75.34689119340281,2.0169004577188403,1692.1941246706406,628.3772550828204,2.69295890483434,2320.571379753461,72.92144251345634
S2,baseline,0,576.5,78.89554562595946,833.5714285714175,0.09502450005338861,63.11330262123944,42.028985507246375,72.46376811594203,72.9240496707961,7.076231208055653,59.82905982906095,92.30769230769553,32.47863247863458,44.923895567855,102.13157125122554,2.2734353279083197,2614.5106089351016,661.0578947320862,3.955040291886555,3275.5685036671875,79.81852939445493
S2,baseline,0,606.5,72.31188815737593,846.4285714285893,0.08530219364705617,55.95240297783458,34.78260869565217,71.01449275362319,71.29709240127431,6.202574870476171,59.82905982906095,88.42105263157683,28.591992802515875,39.835825811404966,94.18665149421702,2.364370502575384,5292.666245676796,609.5476241788689,8.682941308821652,5902.2138698556655,89.67255952394393
S2,baseline,0,636.5,53.41002609403441,831.4285714285461,0.06432759716160204,48.85869433031363,27.142857142857142,68.57142857142857,72.56225130051978,4.709233274680644,62.5931445603584,84.16833667335804,21.575192112999645,34.770930667308335,67.05403906745744,1.9284510877501968,961.1815408762511,645.0960675894875,1.4899820184424182,1606.2776084657385,59.83906740717993
S2,baseline,0,666.5,54.97054455518547,828.5714285714221,0.06620389328986154,50.77676519218313,24.285714285714285,71.42857142857143,72.57499948870652,4.824050859413127,63.34841628958846,84.16833667335804,20.819920383769585,36.16201168156982,68.81737025293302,1.9030293684686295,836.3007567914506,282.64423932615216,2.9588459286672975,1118.9449961176028,74.74011320423779
S2,baseline,0,696.5,52.477712028594496,852.8571428571468,0.06154211360610685,59.04171719850811,26.47058823529412,70.58823529411765,70.62841514663008,4.37374126337584,62.8742514970086,79.39508506615458,16.520833569145978,42.058433380941416,61.14661643176257,1.4538491217190908,476.984493838211,1013.6272394380491,0.4705718979125396,1490.61173327626,31.999244551083233
S2,baseline,0,726.5,50.69956954037351,835.714285714289,0.06065592908758759,57.386978541504675,28.57142857142857,68.57142857142857,72.04664414468239,4.422428602536841,63.54009077155265,83.16831683167456,19.62822606012191,40.85940605914977,58.91860181344983,1.4419838048589553,630.3646283746909,668.9283956307225,0.9423499323576024,1299.2930240054134,48.5159711264689
S2,baseline,0,756.5,57.050357292218905,811.4285714285643,0.07008036870194914,50.99158482882741,31.944444444444443,70.83333333333334,74.0669354911287,5.280442984187165,63.7329286798187,89.55223880597562,25.81931012615692,36.30853425221558,72.04982217046312,1.984377052237149,1006.100798901434,619.8941332027276,1.6230203594658041,1625.9949321041618,61.87601074496971
S2,baseline,0,786.5,64.36265077740849,835.714285714289,0.07740088423434953,62.96002711703046,40.0,75.71428571428571,72.59468634015019,5.7994405899236385,63.2530120481929,89.55223880597562,26.29922675778272,44.82729778771959,79.21877935969724,1.767199525049203,2649.31919376247,994.2505827094038,2.664639317125554,3643.569776471874,72.71218492562664
S2,baseline,0,816.5,52.105068363573494,852.8571428571468,0.060970390337490556,68.80453201243635,48.529411764705884,76.47058823529412,70.4675126395119,4.322003642825006,62.78026905829545,81.87134502923983,19.09107597094438,49.00537983417967,55.03043744740824,1.1229468608062148,901.9604628991643,716.3732771829825,1.2590649199618,1618.333740082147,55.7338971906611
S2,baseline,0,846.5,51.63076251925606,828.5714285714221,0.062165049111076655,58.90843811910875,35.714285714285715,77.14285714285715,72.51756319145083,4.515227340415459,62.78026905829545,83.83233532934148,21.052066271046023,41.93012998911785,59.77738264373334,1.4256426741163788,364.490634258786,523.2712895293818,0.6965614998418899,887.7619237881677,41.05725020323788
S2,baseline,0,876.5,60.878232376487276,821.428571428612,0.07420224695949101,59.32164192219091,38.028169014084504,78.87323943661971,73.52847754741224,5.442352510228158,60.957910014517935,86.2422997946591,25.28438978014117,42.23595030166984,75.02294886690368,1.7762817772786699,1287.9258991434745,896.8538183520476,1.4360488552192536,2184.779717495522,58.94992016036574
S2,baseline,0,906.5,59.229895421489246,842.8571428571558,0.07073543354594426,57.128569642398006,35.714285714285715,77.14285714285715,72.01665211843937,5.205974648259256,60.957910014517935,86.2422997946591,25.28438978014117,40.66373725583473,73.23128768272167,1.8008990964600506,1614.268334391745,1113.3272127591629,1.4499495888464793,2727.595547150908,59.18283361614659
S2,baseline,0,936.5,47.53474199419455,857.8571428571422,0.05576657068296811,48.57660427909239,26.08695652173913,72.46376811594203,70.6096265738645,3.9990336742990755,61.046511627907016,82.51473477406259,21.468223146155573,34.58801390937032,57.643496482382915,1.6665743408518343,792.8254288561659,680.3388804546834,1.165338997421852,1473.1643093108491,53.81785479360766
S2,baseline,0,966.5,60.503423586654165,868.5714285713857,0.07066584512345599,49.54262597718787,35.294117647058826,72.05882352941177,70.45754850311923,5.492825803702762,61.046511627907016,90.9090909090953,29.86257928118828,35.291676847569185,77.9475854449575,2.2086676635294635,506.361609823423,668.8452610514033,0.7570683972963175,1175.2068708748263,43.087019177014035
S2,baseline,0,996.5,69.70728142042813,859.9999999999,0.08211503004137358,67.49237252466487,42.028985507246375,79.71014492753623,71.18758117874025,6.309270329223994,62.40713224368693,90.9090909090953,28.501958665408367,48.07362192410316,86.06472588204716,1.790269225354456,1636.5614673493465,1585.7727205960903,1.0320277591445544,3222.3341879454365,50.78807385874584
S2,baseline,0,1026.5,63.41857906161361,850.0000000001364,0.07511325261702823,71.19319396264717,43.47826086956522,84.05797101449275,71.47007206398828,5.499905716899903,62.40713224368693,84.84848484849186,22.441352604804933,50.703508060034146,73.97963646027415,1.45906347096695,1246.4152254366195,1489.4040841140984,0.8368549802775589,2735.8193095507177,45.559120848566145
S2,baseline,0,1056.5,64.74897534125519,861.4285714285188,0.0749270974435684,58.91417734646807,43.28358208955223,82.08955223880598,69.82163801353852,5.305174945895231,59.07172995780863,82.5147347740497,23.44300481624107,41.96409136227308,81.38718972678528,1.939448397063464,1009.5047355909321,1127.3994990869776,0.8954276956912591,2136.9042346779097,47.24145889219468
S2,baseline,0,1086.5,57.46262280833369,860.0000000000136,0.06628910003578796,49.707949992065124,31.343283582089555,76.11940298507463,69.5144949253456,4.584293944183443,59.07172995780863,81.87134502925254,22.79961507144391,35.40862936508899,73.14461707132945,2.065728563428838,996.5105075133815,876.4611297343682,1.1369705668697447,1872.9716372477496,53.204783654797374
S2,baseline,0,1116.5,48.15918992025563,847.142857142785,0.05642497452935673,51.67988140695843,31.818181818181817,75.75757575757575,70.51539861037615,3.9191376117637495,61.313868613133394,80.45977011492108,19.14590150178769,36.815781142267,57.29933164038826,1.556379624785545,948.7548730438687,983.9749434042387,0.9642063341181027,1932.7298164481074,49.08885168375225
S2,baseline,0,1146.5,62.846605703790345,835.0000000000364,0.07421047434944412,62.92528773657557,43.07692307692308,84.61538461538461,71.23786603480083,5.338702388317218,61.313868613133394,84.84848484846458,23.534616235331185,44.79275931757485,76.76588050490399,1.7138011070191916,1482.6829543736546,913.7814790537734,1.6225793456757105,2396.464433427428,61.86959980261917
S2,baseline,0,1176.5,84.163454860054,837.1428571429078,0.10076007936042072,72.76852412433956,47.05882352941176,80.88235294117648,72.59066595044042,7.699839081887346,60.08583690988094,94.17040358744318,34.084566677562236,51.83042028993523,107.14747687430332,2.0672700756607587,4394.90017671427,1770.848556242607,2.4818046473942332,6165.748732956877,71.27926172571469
S2,baseline,0,1206.5,77.59519632522557,852.8571428571468,0.0909384898577728,76.8948315951352,39.705882352941174,72.05882352941177,70.93393527040573,6.950973031482997,57.93103448276226,94.17040358744318,36.23936910468092,54.73171554919679,95.11292393014952,1.737802715952786,1551.1114320345241,1714.2101251799766,0.9048549003709049,3265.321557214501,47.50256306633725
S2,baseline,0,1236.5,56.99401361463423,844.2857142858884,0.06686773361802464,72.78110218686808,48.529411764705884,77.94117647058823,70.69438975595352,4.5732179153271915,57.93103448276226,81.23791102513678,23.306876542374525,51.841876714937975,61.717542032094855,1.1904959068411052,905.1685336561206,1357.3581700494722,0.6668604894632414,2262.526703705593,40.00697680931788
S2,baseline,0,1266.5,61.93192702956292,835.7142857141753,0.07407982607386944,60.0827903060465,48.57142857142857,82.85714285714286,72.15637589425363,5.328701431984287,60.085836909867254,86.06557377049789,25.979736860630638,42.68166035483103,76.48139015829314,1.791902881061102,2078.3302214095156,1041.4040782193717,1.995700098431644,3119.734299628887,66.61882140593661
S2,baseline,0,1296.5,60.57731758840155,805.7142857142026,0.07450779687015152,50.927619706581766,29.166666666666668,75.0,74.19650915348177,5.448564689577372,61.67400881057936,86.06557377049789,24.391564959918533,36.25010255827185,77.62185824190826,2.141286583041566,1351.1154776003118,758.7778760555374,1.780646906343668,2109.8933536558493,64.0371455390961
S2,baseline,0,1326.5,52.531959769089575,800.0000000000682,0.0655605338032776,53.64228842653592,28.767123287671232,71.23287671232876,75.20342079800959,5.005648563741642,65.52262090483303,89.36170212765872,23.839081222825683,38.193163441519516,63.72202021822494,1.6684143044551576,865.9037564912724,960.83852918408,0.9011959139758645,1826.7422856753524,47.40152802512835
S2,baseline,0,1356.5,65.9000739130383,806.4285714285688,0.08223816109025471,55.67463087750969,32.87671232876712,73.97260273972603,75.41356898671806,6.7053195063593,65.52262090483303,105.52763819095429,40.00501728612126,39.61730722288466,84.3570296531083,2.12929740980427,583.4449988790653,970.6778054269219,0.6010696810178487,1554.1228043059873,37.541756498426125
S2,baseline,0,1386.5,74.95520630535603,757.1428571427532,0.09744773438478244,54.688847420875476,31.57894736842105,68.42105263157895,78.75461868801922,7.8682275748997865,64.02439024390519,105.52763819095429,41.503247947049104,38.90097778107713,98.606692634086,2.5348127028840888,1141.5244626396618,1634.825015784217,0.6982548294883282,2776.3494784238787,41.11602201058997
S2,stress,1,2273.5,51.639798793418,733.5714285713948,0.07041219217023123,49.896019562468155,24.358974358974358,58.97435897435898,82.22112222818092,5.914632646072894,72.41379310346872,101.20481927710621,28.79102617363749,35.47277889450836,63.83588016429877,1.7995737056332337,1043.0291486998292,750.9202789851793,1.3890011734793157,1793.9494276850085,58.141502352482696
S2,stress,1,2303.5,66.26373241901805,738.5714285715039,0.08849032607514366,60.273448051589725,30.76923076923077,65.38461538461539,80.77324458911085,7.463558405177969,67.52411575561437,105.26315789470661,37.739042139092234,42.89319678143114,83.31829413800953,1.94245941990686,1971.0800360688577,813.5957881655378,2.422677286116694,2784.6758242343953,70.78310584359588
S2,stress,1,2333.5,78.92129895389171,740.714285714148,0.10463050997675044,67.22373055429787,36.36363636363637,67.53246753246754,80.42283088245881,8.550174373987698,67.41573033705384,105.26315789470661,37.847427557652765,47.84328813494005,100.83730776640262,2.1076583925836174,3994.6541773303297,828.2238256842717,4.82315776659767,4822.878003014602,82.82718689615245
S2,stress,1,2363.5,73.16264871287207,755.7142857140207,0.09658021517042956,54.688729577978826,28.000000000000004,64.0,79.93276505496631,7.67674098543735,67.41573033705384,100.96153846158614,33.5458081245323,38.92323945393075,95.86724030542555,2.462982055203635,1274.0129137468914,287.93275823895544,4.424689019543889,1561.9456719858467,81.56576355995279
S2,stress,1,2393.5,78.72331412091418,766.4285714286052,0.10195682039176752,46.1271773686599,25.675675675675674,60.810810810810814,78.50792182388825,8.007084073573528,63.926940639276665,100.96153846158614,37.03459782230948,32.8325769762674,106.38017795368519,3.2400800592223,2329.1804978394475,263.52062207716614,8.83870294279056,2592.7011199166136,89.83605861651954
S2,stress,1,2423.5,80.8842998400557,754.2857142857429,0.10549781189298182,47.05238774492847,21.62162162162162,60.810810810810814,79.09714834832134,8.092874904092513,63.926940639276665,92.30769230767939,28.380751668402723,33.451219522259905,109.38718313269452,3.270050679614341,1782.8452369678303,496.4126392882933,3.5914581859234995,2279.2578762561234,78.22042672487356
S2,stress,1,2453.5,71.81921278018129,707.142857143026,0.0995264369563722,50.782544342357085,27.631578947368425,69.73684210526315,83.94390733067286,8.189312315582299,66.9856459330437,110.52631578950808,43.540669856464376,36.14656434375042,94.91798846832471,2.625920061604295,1121.9196601963552,238.2651661484847,4.708701982467655,1360.1848263448398,82.48288309547142
S2,stress,1,2483.5,94.2550023511501,730.0000000000182,0.12784278987209124,56.01837615131287,36.486486486486484,67.56756756756756,82.66478290745128,10.344953371720344,60.869565217378465,110.52631578950808,49.65675057212961,39.78840740642079,127.2198631208637,3.1974102864025116,1511.2112922810138,803.8793447544447,1.8798981490719018,2315.0906370354587,65.27654978623922
S2,stress,1,2513.5,93.8139304340345,809.9999999999454,0.11557901913699573,53.55850184176191,30.0,58.57142857142858,74.97926006005143,9.451865944437138,60.869565217378465,108.80829015537273,47.938724937994266,38.08594976977054,127.08881743528124,3.336895054568228,2927.3001057276583,673.697772758519,4.345123620850863,3600.9978784861773,81.29135879853018
S2,stress,1,2543.5,64.02682765612846,809.9999999999454,0.07866535772710831,42.37693934984878,19.444444444444446,55.55555555555556,74.16232189367972,5.759214464919303,60.957910014510894,87.1369294605944,26.179019446083508,30.156194370184497,85.3784121457105,2.8312064545559616,489.30913284845315,391.6887032033877,1.2492296276269554,880.9978360518409,55.54033311151749
S2,stress,1,2573.5,47.324768950352606,788.5714285712311,0.05998286786638456,42.1260027810937,17.56756756756757,59.45945945945946,76.32141228173917,4.62802349948533,65.93406593407647,88.2352941176683,22.30122818359183,29.990002666188616,59.831991881354874,1.995064573595746,575.1166172666856,445.551595062341,1.2907968990352645,1020.6682123290266,56.347068549763826
S2,stress,1,2603.5,44.888320607880516,810.0000000004002,0.05537620547203637,46.2101087388554,22.22222222222222,62.5,74.24682562606021,4.191453455546362,65.93406593407647,88.2352941176683,22.30122818359183,32.890757404557576,54.29659962968475,1.650816336085986,253.5520766784512,618.022114673413,0.4102637602417157,871.5741913518641,29.091278653533397
S2,stress,1,2633.5,57.87757048029136,827.1428571429169,0.0707467392366775,49.57189534678659,28.169014084507044,54.929577464788736,73.73079802580067,5.618784072386786,62.78026905829545,93.1263858093269,30.346116751031452,35.301541405495605,73.84732563741403,2.091900882999907,1900.661108186795,677.5424395860751,2.8052281261494834,2578.20354777287,73.72036664167355
S2,stress,1,2663.5,57.23678283255613,807.1428571427077,0.07123484180405118,52.669843218603546,32.87671232876712,61.64383561643836,75.06773774197049,5.637492928686308,62.78026905829545,93.1263858093269,30.346116751031452,37.49829410376642,71.73546234150736,1.9130326873803594,505.9918237796431,555.9965371195356,0.9100629050696015,1061.9883608991786,47.64570332496141
S2,stress,1,2693.5,52.815563413643666,814.2857142856883,0.06497364558806838,49.23738140771935,30.555555555555557,70.83333333333334,74.13664523645633,5.090866169115019,65.83072100313368,89.74358974354057,23.912868740406893,35.0549011184827,65.955450002063,1.8814901168638012,2432.1379304882207,243.3947959577173,9.992563402673298,2675.532726445938,90.9029408030814
S2,stress,1,2723.5,70.8460618650582,808.5714285712129,0.0885447571444777,53.71311986079049,30.136986301369863,69.86301369863014,75.60113590464111,7.039278075913222,65.0154798761652,93.54120267260086,28.52572279643566,38.243108317307126,92.60558098627762,2.421497233381745,912.0075610979484,999.433725552566,0.9125243002918663,1911.4412866505145,47.71308266005341
S2,stress,1,2753.5,65.46887756050286,788.5714285716858,0.08283205378784009,57.835092800013726,37.83783783783784,74.32432432432432,76.44087465893348,6.492667430106103,65.0154798761652,93.54120267260086,28.52572279643566,41.17470360883373,82.92762893504748,2.0140431300458945,651.4706787683039,995.2828362111502,0.6545583376563863,1646.753514979454,39.56091016914769
S2,stress,1,2783.5,51.5249016286197,815.7142857139661,0.06370949919477473,49.995464646902484,36.11111111111111,65.27777777777779,74.49474394354212,4.880207064294146,66.35071090046516,86.06557377049789,19.714862870032732,35.593210824052285,63.58265737536016,1.7863703752288025,1175.1327945678302,770.3673405952476,1.5254187614701167,1945.5001351630776,60.40260667827335
S2,stress,1,2813.5,44.747919426277036,815.7142857139661,0.055203000402751015,47.819222123815486,33.33333333333333,66.66666666666666,74.24573436969862,4.181043035960349,65.83072100313368,86.06557377049789,20.234852767364217,34.035387295919406,53.35114804367317,1.5675199338798058,865.2206072130862,477.1915897253165,1.8131514172559684,1342.4121969384028,64.45267773835545
S2,meditation,0,4097.5,65.77295965176796,917.1428571426077,0.07187524711567622,64.18369881738062,43.75,87.5,65.91067006149932,4.87963034575257,56.680161943307034,79.84790874523003,23.167746801922995,45.73971964222354,80.9940892272824,1.770760508827313,1015.2789332053433,1160.7619645098275,0.8746659213924884,2176.040897715171,46.65716229283097
S2,meditation,0,4127.5,70.74731457400296,909.2857142854882,0.07804870085240471,58.68773365003644,33.33333333333333,82.53968253968253,66.59111805137567,5.216599232106921,56.00000000000679,79.84790874523003,23.847908745223236,41.809782740967776,90.89723376439426,2.1740661588113825,3443.808114376615,1670.298542264457,2.0617919654697032,5114.106656641072,67.33938780695075
S2,meditation,0,4157.5,70.92469669468657,908.5714285711219,0.07811550820931225,62.57693677282775,34.92063492063492,74.60317460317461,66.48710056177319,5.28310378978176,55.04587155962568,81.081081081105,26.035209521479317,44.555233296080104,89.86354315515523,2.016902089996716,1764.4674938419748,2553.293320348938,0.69105553983153,4317.760814190913,40.86533668198596
S2,meditation,0,4187.5,71.18462463864114,891.4285714281505,0.07931871531219448,74.62073417150634,46.03174603174603,77.77777777777779,67.27574554806823,5.409829866778744,55.04587155962568,81.081081081105,26.035209521479317,53.18546502079311,85.47401874494064,1.6070935679799765,688.6778651840689,1981.081789681072,0.347627174592795,2669.759654865141,25.79550050241719
S2,meditation,0,4217.5,63.19321987166044,899.2857142852699,0.06945843249958106,72.65559001023198,48.38709677419355,82.25806451612904,66.25603462909947,4.514173217033993,56.07476635515544,76.50273224050356,20.427965885348122,51.793904498168025,72.82964734454431,1.406143214152166,2491.673445144151,1671.0733164900732,1.491061714980686,4162.746761634225,59.85647429021029
S2,meditation,0,4247.5,66.51997085121937,886.4285714289508,0.07430781598061613,74.18357305879749,46.15384615384615,87.6923076923077,67.39101269752918,5.038971844379669,56.680161943307034,81.23791102508676,24.557749081779725,52.835336681010986,77.83469818723758,1.4731560935659063,266.6625847938106,2395.784116922929,0.1113049305695806,2662.44670171674,10.01569663805353
S2,meditation,0,4277.5,75.97332192051314,895.7142857143481,0.08461937645059796,68.38562997991316,46.875,82.8125,67.3058741088684,5.764143615756932,56.680161943307034,81.23791102508676,24.557749081779725,48.702044847550376,95.77057019222053,1.9664589134194765,1843.0556890220678,1470.9831928527683,1.2529413646444976,3314.038881874836,55.613580730815215
S2,meditation,0,4307.5,81.96637754999787,922.8571428575378,0.09009252532913574,73.87247699347056,42.1875,76.5625,66.49496274633937,6.18918816718117,56.680161943307034,81.2379110251868,24.55774908187977,52.63882104543764,103.27695104080088,1.961992099930441,2122.3833111305994,2198.7645651094294,0.9652617405288098,4321.147876240029,49.11619254690617
S2,meditation,0,4337.5,84.78045236056018,847.1428571428987,0.09967230897256268,71.98746152611287,49.275362318840585,76.81159420289855,71.25463982305368,7.359482311576686,57.771664374151285,97.90209790209873,40.130433527947446,51.26705462157315,108.38422078582778,2.114110544985741,1761.3099255510642,1709.0620754666247,1.0305710663377596,3470.372001017689,50.75277016511656
S2,meditation,0,4367.5,67.14240228448523,817.8571428570649,0.08197023169677728,70.9675261451771,59.154929577464785,83.09859154929578,73.7432037208799,6.169342096490729,57.771664374151285,97.90209790209873,40.130433527947446,50.53286457346105,80.3905091852486,1.5908559679687793,1808.2676220809724,1112.2879926166584,1.6257189092071573,2920.5556146976305,61.91519219770739
S2,meditation,0,4397.5,48.37327485157546,829.9999999999272,0.05847099156366748,57.992912002728666,44.285714285714285,78.57142857142857,72.77383706015345,4.335378598054934,63.73292867983409,83.6653386454262,19.932409965592115,41.303058758094984,54.53443661538532,1.3203486195728087,458.6522643983468,783.6692969055613,0.5852625159737733,1242.321561303908,36.91896516043378
S2,meditation,0,4427.5,54.794573873201884,848.5714285716313,0.06436543406964494,59.32558322368997,32.83582089552239,70.1492537313433,70.76577971148427,4.524537298379888,61.31386861317613,82.84023668641015,21.526368073234018,42.26398662758288,64.95110535037146,1.5367955210354485,1487.4399197844857,798.9654040166789,1.8617075436640989,2286.4053238011647,65.05582821647766
S2,amusement,0,4763.5,78.51648778176263,922.8571428575378,0.08349281604485623,78.34989680920391,50.847457627118644,83.05084745762711,64.2301921348065,5.229640002526066,52.5657071338949,75.13416815742201,22.568461023527114,55.78291673368919,96.01012398622169,1.7211384704851391,3568.655478650494,946.4644102500638,3.7705120657496516,4515.119888900557,79.0378897230007
S2,amusement,0,4793.5,54.510091528884196,898.5714285709037,0.0602577542411133,59.02076122090762,35.9375,68.75,66.56059105431709,3.963222319065988,54.616384915509784,75.9493670886111,21.332982173101314,41.97584211499895,64.65855578120613,1.5403754284205802,292.74346123203827,381.43177891157546,0.7674857665698139,674.1752401436138,43.422458108915066
S2,amusement,0,4823.5,62.19495416343511,894.2857142856155,0.07020094799028322,56.116346813194625,30.158730158730158,73.01587301587301,68.07003283245328,5.038194506546984,59.65909090910663,83.49900596420385,23.839915055097215,39.980598134823104,78.34523865280754,1.9595814546998693,3638.0748295727008,778.4710164545439,4.673359383554049,4416.545846027245,82.3737589601885
S2,amusement,0,4853.5,69.8740176027424,855.7142857143845,0.08106241205825737,57.9440322483784,32.78688524590164,73.77049180327869,70.04748172813166,5.556258275736575,54.616384915464565,83.49900596420385,28.88262104873928,41.29104471422027,89.7764239558748,2.1742347421148343,1925.1580938651982,1190.2562527580403,1.617431615590556,3115.4143466232385,61.79460834645815
S2,amusement,0,4883.5,74.23640817463271,887.8571428567739,0.08334062763052161,55.01999393265214,39.34426229508197,73.77049180327869,67.80590454821137,5.490371521859382,54.616384915464565,81.23791102508676,26.621526109622195,39.16869948145297,97.40586008178859,2.4868290592061113,720.5566934467639,330.2941259116053,2.1815607269976165,1050.8508193583693,68.56888534251921
S2,amusement,0,4913.5,68.96445075784204,919.2857142857065,0.07451532757961456,62.51584833074993,45.0,70.0,65.18757250439302,4.915214276226682,55.04587155967161,78.94736842102996,23.901496861358353,44.49349833379623,86.79008896574604,1.9506240735362068,2850.3617375292397,1222.5025025453388,2.331579470466997,4072.8642400745784,69.9842069245364
S2,amusement,0,4943.5,68.93365652493974,918.5714285713402,0.07483073938260915,72.73502560797183,50.847457627118644,71.1864406779661,65.49668285429857,4.968276736226875,55.04587155967161,78.94736842102996,23.901496861358353,51.71121412831059,82.64168643712895,1.5981385823212515,1837.741333841016,947.8846482196502,1.9387816199921852,2785.6259820606665,65.97229296667987
S2,amusement,0,4973.5,88.2170544944636,877.1428571430988,0.1012452594123535,67.62790225390341,45.3125,73.4375,69.61304545295576,7.633393541842222,57.61316872427294,96.10983981701605,38.496671092743114,48.19309604073975,115.07355430926062,2.3877601516197227,1156.4933142732134,631.2724310896936,1.8320035175255334,1787.765745362907,64.68930939486434
S2,amusement,0,5003.5,97.62716699266748,882.8571428571195,0.11093433473523819,63.02086406460584,40.98360655737705,70.49180327868852,69.0632668882028,8.207528639462415,55.85106382977724,96.10983981701605,40.25877598723881,44.91342054607716,130.55616463759796,2.9068408295391124,3025.3341191778736,940.9124402409127,3.2153195024217793,3966.246559418786,76.27700582540704
S2,amusement,0,5033.5,84.23215166037387,907.8571428572104,0.0925923296377078,75.91205368488033,51.61290322580645,74.19354838709677,66.51199385282575,6.141094035266438,53.77720870677089,80.15267175574245,26.375463048971554,54.09455743593416,106.13147319472613,1.9619621312258793,1345.8424967094038,1311.090199275747,1.0265064123374992,2656.9326959851505,50.6539928069343
S2,amusement,0,5063.5,89.86977900550275,909.2857142854882,0.09867570460875782,80.5664197548609,53.2258064516129,79.03225806451613,66.50960183676965,6.524335913427189,53.77720870677089,80.15267175574245,26.375463048971554,57.43186575199675,113.37872442941148,1.9741431511036989,2973.927003650029,1696.5407412650668,1.752935801254291,4670.467744915096,63.67514274962821
S2,meditation,0,5496.5,91.26893870228255,858.5714285718495,0.10545175693549819,75.08995519166423,40.298507462686565,71.64179104477611,70.07923204819484,7.360212014191436,55.26315789475404,89.7435897436016,34.480431848847566,53.313144029348855,117.54891329735007,2.2048767792167623,1247.9849838462326,1166.1275666998722,1.0701959369488332,2414.112550546105,51.69539355420365
S2,meditation,0,5526.5,94.89124505416117,881.4285714279322,0.10677797915113486,77.35300860739908,45.45454545454545,75.75757575757575,68.29310451712773,7.4670167153221865,54.83028720628038,89.7435897436016,34.91330253732122,55.11451722578402,122.35639242322605,2.2200392670043114,4359.465804518668,1423.2852035590258,3.062960110607146,5782.751008077694,75.387402958023
S2,meditation,0,5556.5,80.85837629165368,909.285714285943,0.08750314647727235,67.53659819592228,38.095238095238095,66.66666666666666,65.4162288985083,5.65195341490015,54.83028720628038,74.20494699644449,19.37465979016411,48.138292585131765,103.72491899265852,2.1547278356253026,1593.4283340741833,2780.6121429654504,0.5730494769309442,4374.0404770396335,36.42920870162183
S2,meditation,0,5586.5,70.89551694707573,869.9999999998909,0.08053771938519642,66.80142533450429,40.909090909090914,60.60606060606061,68.5807193474649,5.3220285885377985,56.8335588633333,79.09604519773416,22.262486334400855,47.53607740107832,88.27610090905067,1.857033767515874,1728.4002448075798,1323.7871183826094,1.3056481822540493,3052.187363190189,56.6282485031008
S2,meditation,0,5616.5,62.09125194179853,881.4285714279322,0.07093463854213675,72.9072062951504,45.45454545454545,59.09090909090909,68.88797981734292,4.917380799447998,58.17174515235985,79.09604519773416,20.92430004537431,51.94789960026013,70.79592405302084,1.3628255347722726,386.9193975713756,1861.3691600157742,0.2078681681650386,2248.2885575871496,17.209507928404673
S2,meditation,0,5646.5,53.774765619639226,901.4285714288235,0.06004432936067562,66.29651295152716,35.38461538461539,63.07692307692307,67.2377271891051,4.112878439646168,58.17174515235985,76.78244972578615,18.610704573426304,47.24249585333295,59.59528018595168,1.2614761161427344,888.690974425013,1183.0666882093587,0.7511757226214351,2071.7576626343716,42.89550802457204
S2,meditation,0,5676.5,51.220302008213714,901.4285714283687,0.057117498256806,62.52760771736337,30.76923076923077,73.84615384615385,67.12895696794924,3.939679835864943,59.57446808511253,78.94736842102996,19.372900335917436,44.5575008177851,57.111012917810555,1.2817373476883769,366.5649243233917,770.6713879468978,0.4756436141997391,1137.2363122702895,32.232959884266286
S2,meditation,0,5706.5,51.69815517668334,918.5714285713402,0.056449654434281356,56.90054008553255,31.147540983606557,67.21311475409836,65.72489117576558,3.8027555987872694,57.93103448278769,78.94736842102996,21.016333938242276,40.566338973332996,60.82573994326338,1.4994140827755804,181.34638336708247,1673.0278117358437,0.10839412357343134,1854.374195102926,9.779384540940343
S2,meditation,0,5736.5,52.946777515887035,942.8571428570649,0.05620924498396579,51.95399587212879,33.33333333333333,66.66666666666666,63.89517769675383,3.59397695756176,55.04587155962568,74.60035523980952,19.554483680183836,37.02630795381024,65.08283197543949,1.7577456563216982,1082.0445103652878,619.2345076334562,1.7473905233423828,1701.2790179987442,63.601825386533186
S2,meditation,0,5766.5,58.41558826534868,955.7142857147483,0.06112243914161947,59.04813975670425,38.983050847457626,77.96610169491525,63.01786726494805,3.9700709758468857,55.04587155962568,77.20588235290813,22.160010793282453,42.111050443204384,71.07335179477172,1.6877601258279962,1876.9550492389415,1382.0047426894325,1.358139369034521,3258.959791928374,57.5936853804606
S2,meditation,0,5796.5,76.00167247530675,944.2857142857974,0.08105423704773829,65.70476789418747,46.774193548387096,74.19354838709677,64.42158174995407,5.454856441520604,54.90196078433592,80.0,25.09803921566408,46.814105276542904,96.75199215129554,2.0667273587684045,1976.5058151996886,1422.0161091276118,1.389932084814601,3398.5219243273004,58.15780681158665
S3,baseline,0,352.9,131.4059808567695,1083.5714285714175,0.12354866403437903,105.84950986379269,67.27272727272727,85.45454545454545,57.385092479566744,8.141993768887485,47.67309875141883,85.02024291497882,37.347144163559996,75.5135513250791,169.8021412589782,2.2486313817766974,3266.1030532919863,3170.420105571367,1.0301798955767647,6436.523158863353,50.74328131321069
S3,baseline,0,382.9,101.31952555407518,1083.5714285714175,0.0939870442451113,107.17322121405904,71.69811320754717,86.79245283018868,56.1575597072645,5.443003733578094,47.67309875141883,67.74193548386985,20.068836732451025,76.48294488181033,121.16786562126013,1.584246864559174,2761.783613466529,6056.964473260419,0.45596827018862823,8818.748086726948,31.31718455166301
S3,baseline,0,412.9,107.12390460613706,1045.7142857143253,0.10245409659167543,106.5656834912565,68.0,88.0,57.97902902631081,5.969449129610061,45.60260586319144,72.41379310344884,26.811187240257397,75.59648683189033,131.2868350399435,1.7366790513942274,2605.4883049766595,3251.447925350097,0.8013317035351614,5856.936230326757,44.485516019205484
S3,baseline,0,442.9,113.09409949642138,1087.857142857132,0.10478872907394003,104.15843504890871,69.38775510204081,83.6734693877551,56.212500603548584,6.075992860339892,45.60260586319144,72.41379310344884,26.811187240257397,73.5466454148962,142.02620050549984,1.9311037193374658,3966.3580612179067,5938.5317086943405,0.6679021441294888,9904.889769912246,40.04444424274544
S3,baseline,0,472.9,105.20332776577034,1142.8571428571672,0.09466297013012738,102.87539520592587,66.0,84.0,54.499887332973316,5.539145452434347,47.244094488187535,69.651741293532,22.407646805344463,73.48232312430703,129.3670303216362,1.760519058478749,5188.228455993513,3951.0128114483027,1.3131388592211855,9139.241267441816,56.768699984717244
S3,baseline,0,502.9,126.96516557493892,1126.428571428562,0.11622589305651676,122.13885401404558,66.66666666666666,85.41666666666666,55.744190468038724,7.251690356579721,46.92737430167455,75.26881720430359,28.34144290262904,87.11575630794604,157.00685189455226,1.8022784688862452,577.8184899991741,4291.4902320010115,0.13464285335906548,4869.308722000185,11.866540467818629
S3,baseline,0,532.9,128.76249108977584,1137.1428571428623,0.11515659431597279,127.86996857344089,63.26530612244898,85.71428571428571,54.44450596774134,7.033159112880501,44.77611940298781,75.26881720430359,30.492697801315778,91.03782321729129,157.70755519995365,1.7323300319201769,9155.517996982904,9213.892352438887,0.9936645281686484,18369.410349421792,49.84110988228367
S3,baseline,0,562.9,115.52387556030095,1112.8571428571377,0.10436955517562804,110.24092354697281,57.692307692307686,90.38461538461539,54.8128153476576,5.968908319848189,44.77611940298781,70.58823529411576,25.812115891127952,78.71215189871941,143.16399265323918,1.8188296114359992,2986.142916608872,3411.555413368817,0.8753024807708276,6397.698329977689,46.675269176364644
S3,baseline,0,592.9,100.51367416639066,1077.142857142917,0.09367423822725288,102.69129780804366,61.111111111111114,88.88888888888889,56.42878980027362,5.59268790898468,47.835990888381595,70.58823529411576,22.752244405734167,73.2149388692883,121.84239867640932,1.6641740136386145,4938.919720711898,3642.2687312987414,1.356000911813776,8581.18845201064,57.55519469514354
S3,baseline,0,622.9,102.7895658584436,1028.5714285714675,0.10039911083847973,98.34064228077482,66.07142857142857,92.85714285714286,59.200238813330856,6.071659453080088,49.23798358733502,72.53886010363168,23.300876516296654,70.16305410359132,127.31274695642674,1.814526870059811,1150.9315989630618,3471.448229328713,0.33154220455870714,4622.379828291774,24.899113480866735
S3,baseline,0,652.9,146.3172593792651,1032.1428571428442,0.1396517388830853,99.94172699158354,69.0909090909091,90.9090909090909,58.38587255179913,8.237720083948199,45.30744336569699,75.9493670886111,30.641923722914107,71.24785701417838,194.27100569926918,2.7266926170229806,5656.80077977773,3921.106147183177,1.442654334629893,9577.906926960906,59.06092868635389
S3,baseline,0,682.9,145.54219815994475,1185.0000000000591,0.12643592384020608,122.25784402163264,63.26530612244898,83.6734693877551,53.07851475723292,7.810909690938166,42.1263791374126,75.9493670886111,33.8229879511985,87.10777105963842,186.48672636806853,2.1408735879648466,3165.607431413384,3345.8870491892303,0.946119036558771,6511.494480602614,48.615681712447966
S3,baseline,0,712.9,117.65778781839975,1152.1428571428487,0.10305708969823973,118.70061471774062,60.78431372549019,84.31372549019608,53.12630665066461,5.7136082561018275,42.1263791374126,68.07131280388647,25.944933666473872,84.76747377291463,143.1823503746093,1.6891189981452501,5183.434127299493,3924.0186639064073,1.3209504264027436,9107.4527912059,56.91420253426496
S3,baseline,0,742.9,109.58367756177455,1138.5714285714812,0.09826825963312955,111.07527112536945,73.07692307692307,88.46153846153845,54.360895892067866,5.814623912963192,45.405405405405965,70.82630691399315,25.420901508587185,79.30707650276602,133.1448549231639,1.6788521377221635,1284.3864933505477,4095.269367420536,0.31362686507714066,5379.655860771084,23.874882085235324
S3,baseline,0,772.9,104.3696219041854,1170.7142857142685,0.09188666676290586,114.00841709132513,68.62745098039215,88.23529411764706,53.318027785924215,5.5265109832161725,45.405405405405965,70.82630691399315,25.420901508587185,81.41545424842546,123.11604185632257,1.5121949879522238,7572.2691642640475,3481.6013355876316,2.1749386085256615,11053.870499851679,68.50332799145468
S3,baseline,0,802.9,71.66219084009496,1167.142857142835,0.06258786305643216,104.07252222735625,63.829787234042556,85.1063829787234,52.611458669080974,3.4145210596249402,48.165137614680006,59.574468085105806,11.4093304704258,74.38577802840268,68.8309176105737,0.9253236228071989,287.1613062486743,3983.2722736258365,0.07209180957827951,4270.4335798745105,6.72440633667724
S3,baseline,0,832.9,77.27071253333787,1135.7142857143003,0.06935796011250293,102.9422597553425,70.83333333333334,91.66666666666666,54.124799532251025,3.970401329876752,48.66743916570107,66.77265500794589,18.105215842244817,73.5560449581877,80.81481473670868,1.0986835246871576,1795.0744402276987,2148.9829585515868,0.835313483098804,3944.0573987792854,45.513395438496595
S3,baseline,0,862.9,122.23079213773804,1115.7142857142617,0.11136278275105259,130.6262779451112,70.0,92.0,55.366857598125755,6.496471163620963,42.33870967742001,73.55516637478941,31.216456697369395,93.19932690534247,145.58371666374285,1.5620683270771298,5983.7029825866475,6696.519455489585,0.8935541847312047,12680.222438076233,47.18925879895258
S3,baseline,0,892.9,157.6848562728933,1000.0000000000568,0.156005118620027,121.43582117094971,52.94117647058824,80.3921568627451,60.87074819502304,10.065624494252095,42.33870967742001,85.53971486761964,43.20100519019962,86.45697845546184,205.55830966408985,2.377579153659445,11699.291670032972,3302.0972727421454,3.5429881992293892,15001.388942775116,77.98805640372065
S3,baseline,0,922.9,149.62366209841073,1000.7142857143094,0.14922395507588612,91.8030571887551,49.056603773584904,73.58490566037736,61.24729673684733,9.775171051042413,46.46017699115004,85.53971486761964,39.079537876469594,65.28780443736485,201.27588805226318,3.0829017729545676,5798.886228558155,1044.7118740637889,5.550703856749773,6843.598102621944,84.73446484732155
S3,baseline,0,952.9,116.63506986293771,1092.8571428571558,0.10697290776284864,101.22004840582876,64.70588235294117,80.3921568627451,55.696094575182144,6.410888473169385,46.46017699115004,75.13416815742201,28.673991166271968,71.98167923060196,148.41198367722012,2.061802187217174,7340.515607221619,4450.866265451789,1.6492330187944915,11791.381872673408,62.25322601274838
S3,baseline,0,982.9,98.85199367295708,1088.5714285714698,0.09063270982918836,96.53907016213402,69.81132075471697,79.24528301886792,55.4755028901494,5.256213917389544,45.951859956239254,70.94594594595597,24.994085989716716,68.89443650554,121.64287864409,1.7656415352828723,1573.335147756011,2765.952414829835,0.5688222036360682,4339.287562585846,36.257913887099875
S3,baseline,0,1012.9,108.56227269706832,1099.999999999909,0.09917477664336553,93.46535210796854,67.9245283018868,84.90566037735849,55.37494053178852,5.823847095361996,45.951859956239254,70.94594594595597,24.994085989716716,66.65998209035293,138.30394388454394,2.074767192362618,5688.819426287497,2700.687511948654,2.106433788107083,8389.50693823615,67.8087457125763
S3,baseline,0,1042.9,119.35612794149972,1157.8571428570967,0.10693782600414964,98.41872229386232,68.0,88.0,54.44096519098257,6.561781651282481,46.92737430167455,74.07407407407906,27.146699772404517,70.29410756018511,153.46175092410627,2.1831381925250826,6409.268698444809,3792.160981248994,1.690136238977344,10201.429679693803,62.82716148308718
S3,baseline,0,1072.9,135.46405502598844,1179.9999999998363,0.11994468189868841,104.92434675058549,74.46808510638297,85.1063829787234,54.001540710316384,7.506464397117421,45.30744336569699,74.07407407407906,28.766630708382074,74.83958061958893,176.35208414093694,2.3564012876734046,493.3672850357378,3551.3881272717513,0.1389223783362571,4044.755412307489,12.197703810087173
S3,baseline,0,1102.9,122.23459123190696,1155.714285714339,0.10802198442410622,104.70987614962809,70.83333333333334,85.41666666666666,53.72467580204586,6.685087301594206,45.30744336569699,72.5388601036217,27.23141673792471,74.44270866190945,156.01562009728656,2.0957810765034135,7994.231384780836,4565.84362524155,1.7508771742829696,12560.075010022387,63.647958936565196
S3,baseline,0,1132.9,107.84007029775846,1135.7142857143572,0.09681702178024484,103.59340426200147,69.23076923076923,84.61538461538461,54.41327875572837,5.793089301919564,46.00219058050443,71.30730050935041,25.30510992884598,73.9653263471832,133.37200614074027,1.803169305502827,930.9416271846928,2985.386750109106,0.31183283946398904,3916.3283772937984,23.770775519798928
S3,baseline,0,1162.9,117.09249446869278,1139.9999999998727,0.10405760361775208,121.8276754570999,71.42857142857143,87.75510204081633,53.93130235067737,6.030824014140005,45.951859956239254,70.23411371237971,24.282253756140456,86.9059533712033,140.9562335990996,1.6219399032081283,5075.411196328085,6234.6782991417695,0.8140614403515796,11310.089495469854,44.87507546568036
S3,baseline,0,1192.9,140.51799216629698,1161.428571428587,0.12435220545690023,118.93740281867046,71.42857142857143,91.83673469387756,54.0163553142457,7.591135176413394,45.951859956239254,72.28915662649256,26.337296670253302,84.90429561648256,179.6715693446349,2.116165831658523,6987.432227108612,4899.862814431743,1.4260465020629305,11887.295041540354,58.780674684113684
S3,baseline,0,1222.9,117.9266867617791,1160.0000000000819,0.10461168810783424,91.68913762918734,64.0,82.0,53.88628008553298,6.486446520179726,46.97986577180821,72.28915662649256,25.30929085468435,65.47961966459819,153.3813101710932,2.3424282388435955,223.06078660057855,1857.2040181895072,0.12010569889786749,2080.2648047900857,10.722711170565955
S3,baseline,0,1252.9,95.95888308487115,1130.0000000001091,0.08692104247766916,93.6058624021532,61.224489795918366,81.63265306122449,54.80914125118943,5.456476749528101,48.55491329479845,76.92307692307962,28.368163628281167,66.61126741646146,118.23347046824178,1.7749770429833176,1576.006033941725,2928.0894968762414,0.5382369752096196,4504.095530817966,34.990510817507335
S3,baseline,0,1282.9,119.38934930171771,1130.0000000001091,0.10902160813585698,110.68240708482712,64.58333333333334,85.41666666666666,55.512856956714565,6.827080509010349,47.45762711864334,76.92307692307962,29.465449804436282,78.53697319499763,149.46430107133727,1.9031074790753117,4797.538902654682,5236.2625036252675,0.9162143607837001,10033.801406279948,47.81377175406324
S3,baseline,0,1312.9,107.90831202445942,1184.2857142855792,0.0941747265390812,110.46786843072266,65.21739130434783,86.95652173913044,52.89423902369053,5.80439537858803,44.585987261142925,72.28915662649256,27.70316936534963,78.96940741514483,130.58422684396862,1.6536052519361448,6516.314060374571,6078.710113703129,1.0719896060983332,12595.0241740777,51.73720963383338
S3,baseline,0,1342.9,73.2691195263327,1174.2857142858156,0.06316620921312043,88.52701459401844,64.58333333333334,83.33333333333334,51.93608952385984,3.3965074035655403,44.585987261142925,60.17191977077936,15.585932509636436,63.138012159011126,82.16032602744842,1.3012814819150496,468.24020771205477,2967.533762171071,0.15778765980053638,3435.7739698831256,13.628376366329558
S3,baseline,0,1372.9,103.5110245958634,1130.0000000001091,0.09314974611359249,94.3925536562939,57.14285714285714,81.63265306122449,54.520559291186885,5.836189085875467,46.05263157894562,76.08695652173624,30.03432494279062,67.37422143732651,129.96068140589665,1.928937784116584,2271.517906590888,2778.2212311648727,0.8176159195351298,5049.739137755761,44.98287623626458
S3,baseline,0,1402.9,99.10135821929481,1125.7142857143663,0.089068875041539,82.07637060835461,54.0,78.0,54.41158958789278,5.630607120569672,46.05263157894562,76.08695652173624,30.03432494279062,58.44265514179247,127.38372918781856,2.1796362413508175,4685.9357386934835,3617.841083651628,1.295229842976902,8303.776822345111,56.43137862380681
S3,stress,1,2243.9,53.833500690255505,492.8571428572468,0.10566213019224761,11.288395266757231,0.0,8.620689655172415,118.9751450417449,11.606483463731976,90.32258064517718,133.75796178340616,43.435381138228976,8.004312051171633,75.71012205592426,9.458666974989084,246.48314546496928,107.3006286306837,2.2971267606766372,353.783774095653,69.67056250531357
S3,stress,1,2273.9,54.962879885295884,577.1428571429169,0.09406622144493834,22.035222268146203,2.0,27.0,103.56826887552658,9.511271197069473,82.5147347741013,121.73913043475693,39.22439566065563,15.637606437859247,76.14001310392288,4.869032444734316,808.1290838589139,535.0487258919013,1.510384091676511,1343.1778097508152,60.16545821352104
S3,stress,1,2303.9,63.95540973792002,629.9999999996544,0.10039538892089911,38.177479808235994,14.130434782608695,39.130434782608695,95.04909301473486,8.781361265762659,66.87898089170308,110.81794195248106,43.938961060777984,27.133396376852545,86.28074913065531,3.179872800747542,2356.832448811775,500.2763017709017,4.711061548326291,2857.1087505826767,82.49012041740184
S3,stress,1,2333.9,104.4492840917413,671.4285714288053,0.14643011861424574,60.25249675207443,37.80487804878049,59.756097560975604,85.74917952490382,11.420240473136825,59.74395448079488,104.47761194034625,44.73365745955137,42.7953986622548,141.37842744879165,3.303589448121821,2336.340532714769,1293.167376254114,1.8066806939426423,3629.507908968883,64.37072438777263
S3,stress,1,2363.9,104.28354282367447,707.142857143026,0.14380135872000413,55.691669990436964,33.33333333333333,66.66666666666666,84.32354012416234,11.311245561425373,59.74395448079488,105.79345088164166,46.04949640084678,39.61692193880186,142.05848832016048,3.585803272137219,4024.0438289342583,1376.124758343024,2.9241853287921096,5400.168587277282,74.51700375456511
S3,stress,1,2393.9,89.49188703295216,620.7142857142571,0.13675368953886832,33.94136014247917,12.195121951219512,43.90243902439025,93.309170475674,12.094204143149845,69.30693069308033,114.4414168937307,45.13448620065037,24.10933957575058,124.2430498444822,5.1533161849629066,656.9619106969385,319.4175090187148,2.0567498404054203,976.3794197156533,67.28551395401827
S3,stress,1,2423.9,106.54687917666291,654.2857142856064,0.15816564162568578,45.82026213305803,20.77922077922078,42.857142857142854,91.1530035699354,13.505894163478526,62.78026905829545,114.4414168937307,51.66114783543525,32.54547182647671,147.12330606727411,4.520546110122298,5383.739103803332,1998.1456611355375,2.6943676872604856,7381.88476493887,72.9317684471862
S3,stress,1,2453.9,99.24889851242547,724.2857142855428,0.13313545282147554,55.53132351348632,32.0,56.00000000000001,81.8612181574035,10.557042977090848,59.57446808511253,103.44827586208194,43.873807776969414,39.402365715481054,134.71503734877908,3.418958098139016,3560.376858564555,2340.3211493581707,1.52131978106551,5900.698007922725,60.338232083460674
S3,stress,1,2483.9,120.57265204362525,821.4285714284415,0.1480965920589677,66.53941937727011,41.66666666666667,69.44444444444444,75.27949169865225,10.94509331760436,56.375838926175874,96.10983981687603,39.73400089070016,47.35031482347852,163.80926874808924,3.4595180487979538,4555.489877775011,1943.477893346698,2.34398852354857,6498.967771121709,70.09559114937329
S3,stress,1,2513.9,152.38150420981148,837.1428571429078,0.17805335690863475,90.46719365729312,46.26865671641791,68.65671641791045,72.2805182746598,12.55684183093598,50.059594755675825,96.10983981687603,46.05024506120021,64.45004231694232,205.63666427909672,3.190636606068449,10439.772678028326,1744.8990596757903,5.983023843206197,12184.671737704117,85.67955627170166
S3,stress,1,2543.9,144.5623785834449,751.4285714282778,0.18406880276559134,81.11740315312774,40.54054054054054,68.91891891891892,78.67837213956658,12.814483843459517,50.059594755675825,99.76247030877695,49.70287555310113,57.61058379462359,196.15703718768071,3.4048784835606325,3456.8862953558487,2090.9637235571395,1.6532502483950353,5547.850018912988,62.31037759800814
S3,stress,1,2573.9,85.58170650617016,645.7142857138933,0.126472359287206,42.29055148768303,19.767441860465116,52.32558139534884,89.94391232245015,10.290591758801114,62.96851574211966,105.2631578947906,42.29464215267093,30.01140006926186,117.25089698121378,3.9068786098154735,1657.225673959873,1172.2734788595835,1.4136852055819455,2829.4991528194564,58.569576608939045
S3,stress,1,2603.9,59.31161576634648,607.142857143117,0.09469365549147334,26.187403813684003,5.376344086021505,38.70967741935484,96.56520909651655,8.296207594247257,73.17073170730247,110.23622047244253,37.06548876514006,18.616499977836323,81.78729398998759,4.39326909394132,1028.7911482106047,547.9755965119102,1.877439715854653,1576.7667447225149,65.24688268914849
S3,stress,1,2633.9,41.65206331989006,608.5714285716222,0.0673229424450793,23.42160175078174,2.1052631578947367,42.10526315789473,97.40276971962491,6.383361569341907,80.61420345486573,110.23622047244253,29.622017017576795,16.63788603691158,56.50636694949521,3.3962467842449677,877.1910894766131,431.59645021681547,2.0324335129168696,1308.7875396934287,67.02318465547792
S3,stress,1,2663.9,56.49880814953392,631.4285714283869,0.08741526995033648,29.44882951984499,10.0,43.333333333333336,93.47179928562223,7.439559522130005,71.67235494882058,104.99999999994031,33.32764505111973,20.91492164366883,77.11547637974412,3.6871032889137214,1111.9916207813237,1175.0190816386098,0.9463604788703586,2287.0107024199333,48.62205583929723
S3,stress,1,2693.9,108.6533451411639,712.1428571426804,0.1490785708402732,61.55026705175431,27.160493827160494,58.0246913580247,83.9660904680567,11.327919608050413,54.54545454545906,100.71942446045186,46.1739699149928,43.787941112186715,147.28786451668526,3.3636627065731863,4318.545872969095,910.8377860751926,4.741289765302496,5229.383659044288,82.58231092874804
S3,stress,1,2723.9,95.75338295482435,742.8571428572468,0.12393149020038617,67.39950947556511,30.666666666666664,65.33333333333333,78.73652368611741,8.93076752094393,54.54545454545906,92.7152317881126,38.169777242653545,47.97921195985144,126.63102271678193,2.6392893410326455,8557.736713474136,1384.5616017770872,6.180827709283767,9942.298315251224,86.0740287821257
S3,stress,1,2753.9,75.95887254105497,746.428571428396,0.09983281035894372,53.02085662966608,27.27272727272727,66.23376623376623,79.61703367991608,7.737660963707078,64.61538461537558,93.74999999995204,29.134615384576463,37.72808448039234,100.5787864157092,2.6658863761816742,2973.036280431501,1373.3680960019599,2.1647774468377183,4346.404376433461,68.40220151975579
S3,stress,1,2783.9,95.25076106254137,762.8571428572286,0.12167068018937739,56.79417427249632,33.33333333333333,70.66666666666667,77.68304863516134,8.768952249302409,55.62913907283629,93.74999999995204,38.12086092711575,40.42233376623643,128.49688672834716,3.178858684197912,6119.6689564802755,1530.7859198212493,3.99773010532712,7650.454876301525,79.9909162974989
S3,stress,1,2813.9,115.85472017465922,774.2857142857247,0.14538743126043982,79.1375707362579,38.88888888888889,79.16666666666666,76.70137609968859,9.957052173601516,50.66344993969215,92.92035398235735,42.256904042665205,56.3446018528956,153.85031106740036,2.7305244159692976,7337.146893471579,2096.7311528399996,3.499326503320892,9433.878046311578,77.77445137040147
S3,meditation,0,4296.9,161.8965684200952,1293.5714285713402,0.12959130691145224,149.01672155296606,68.18181818181817,88.63636363636364,48.96002309524084,7.4769597081090104,39.14259086672707,73.42657342654681,34.28398255981974,106.57617936488545,202.6388800906403,1.901352453223759,5313.336466649339,6194.554389725568,0.8577431292656276,11507.890856374906,46.17124486982743
S3,meditation,0,4326.9,175.34415733367462,1171.4285714283506,0.15017117739688704,147.53328922175666,70.83333333333334,87.5,52.5945840594091,8.321084449015377,39.14259086672707,73.42657342654681,34.28398255981974,105.39688515971541,224.46078414890792,2.1296718950352895,23692.859682403327,7349.933036359962,3.2235476929102966,31042.79271876329,76.32322225984063
S3,meditation,0,4356.9,137.07672421509622,1197.1428571428078,0.1182016149086788,125.76662043445617,57.14285714285714,75.51020408163265,52.489162045653664,6.539607084221765,41.297935103240846,68.29268292683331,26.994747823592462,89.813677124618,171.7951106534699,1.9127945336777745,8375.12364100825,2933.862552644416,2.8546407647690897,11308.986193652665,74.05724525253122
S3,meditation,0,4386.9,141.68207199153045,1221.4285714280777,0.11828968355060372,140.94418613570951,58.333333333333336,79.16666666666666,50.82152865547905,6.367300526733636,38.74538745387402,68.85245901638933,30.107071562515316,100.70776231509147,173.22114667994055,1.7200376882366957,10795.466329045896,6605.2265687174695,1.634382441954908,17400.692897763365,62.0404393806267
S3,meditation,0,4416.9,183.8627686645011,1196.4285714288962,0.16037474214368574,164.48574462028506,71.42857142857143,87.75510204081633,53.73975101877361,9.055636475184864,38.74538745387402,72.9166666666639,34.171279212789884,117.51103581124464,231.95299494621764,1.9738826514881427,15794.883581904021,3841.5724256430044,4.111567304177602,19636.456007547025,80.43652874955367
S3,meditation,0,4446.9,171.2370163986195,1075.7142857141844,0.15926908248609337,140.78074331063175,56.25,85.41666666666666,57.252685391920096,9.368799251496622,41.99999999999618,75.53956834536773,33.53956834537155,100.38138302591216,220.38105524751276,2.1954375264049135,16475.200323936715,8894.766693939118,1.8522352402073563,25369.96701787583,64.93977825169497
S3,meditation,0,4476.9,191.49884267845223,1108.57142857094,0.17370184765836838,146.69719843002065,50.0,83.33333333333334,56.09879027512492,9.976050888580298,39.32584269662479,75.53956834536773,36.21372564874294,104.81772080835509,249.7135536948584,2.38236007966082,24061.76901873479,5745.771668800414,4.187734982472483,29807.540687535206,80.72376473781631
S3,meditation,0,4506.9,176.40294624715136,1182.8571428577561,0.15431714800880497,117.52947109119442,54.347826086956516,78.26086956521739,53.85702999799814,9.128123036414799,42.51012145748941,73.42657342654681,30.9164519690574,81.56440488555658,235.76099496103197,2.8904887529287975,22562.993065727685,6728.494925602132,3.3533491984774777,29291.487991329817,77.02918019189143
S3,meditation,0,4536.9,184.55610150373997,1185.7142857143117,0.16387091056448674,142.70751092172776,58.333333333333336,83.33333333333334,54.803476016762346,9.61680184777295,39.77272727272577,75.40394973072874,35.63122245800297,101.10730609712668,240.62257138161306,2.3798732324097713,17149.142377387172,2990.314802227066,5.734895324269933,20139.457179614237,85.15195928292471
S3,meditation,0,4566.9,162.67957801559123,1110.7142857144936,0.14764551487405136,145.6430511361648,52.83018867924528,83.01886792452831,55.67489663107053,8.53826969413534,39.77272727272577,75.40394973072874,35.63122245800297,103.94549834974848,205.24284050724913,1.974523608676756,14973.172142014102,7148.201245680965,2.094676916246739,22121.37338769507,67.68644911686575
S3,meditation,0,4596.9,141.4848299651701,1072.857142857174,0.1345057576350496,110.78108583866154,56.00000000000001,84.0,58.10866935481084,8.181456365657901,45.01607717040958,76.78244972578615,31.76637255537657,78.14719555596376,184.1980728652831,2.357065682969683,4675.331444065825,6155.343560048477,0.7595565379016803,10830.675004114302,43.16749826109438
S3,meditation,0,4626.9,184.2873095096102,1072.857142857174,0.17432138861340757,155.3393914324036,64.0,88.0,58.53628117333822,10.544616574004797,41.01562500001545,76.78244972578615,35.766824725770704,110.85651355351061,235.86957899513462,2.127701579585398,16247.862233765745,5974.180470542765,2.7196805175002687,22222.04270430851,73.11597070513926
S3,amusement,0,5003.9,149.5422027218634,996.4285714286234,0.14930605538935984,75.62688376476842,57.407407407407405,79.62962962962963,61.261725565181656,9.350509044439306,44.58598726115046,81.5533980583302,36.967410797179745,53.93396017668937,204.49173266778553,3.7915208154169306,1825.2366867889739,2951.904942897466,0.6183250213326308,4777.14162968644,38.20771558135231
S3,amusement,0,5033.9,117.70183625637674,1054.9999999998363,0.11023663552636401,106.51358062288502,64.0,82.0,56.86880501331722,6.284859567455285,44.58598726115046,69.88352745428269,25.297540193132228,76.07428579738537,148.05454250600883,1.9461837985615025,6016.364912885207,2002.2876466087166,3.0047455584491822,8018.652559493923,75.0296245939968
S3,amusement,0,5063.9,147.35891196835246,1119.9999999998909,0.13270322601801346,138.25294771189698,74.0,90.0,54.98837080350477,7.417775079869454,40.65827686350464,69.88352745428269,29.225250590778046,98.72840840192264,183.52656278429146,1.8589032858420664,8830.913918453612,6870.461664594977,1.2853450538791713,15701.37558304859,56.24293153007296
S3,amusement,0,5093.9,126.31416641877907,1141.4285714281505,0.11338794112996177,103.12403369996728,72.91666666666666,91.66666666666666,54.63264387020357,7.017661716772709,45.356371490279706,74.46808510639066,29.111713616110954,73.67021714215785,162.73670877331068,2.208989128663562,7122.799613400997,3467.5841341690275,2.0541101059997513,10590.383747570024,67.25723810561003
S3,amusement,0,5123.9,116.64409088149226,1112.8571428571377,0.10656108410024001,101.19292714114684,68.75,91.66666666666666,55.49353844742381,6.56162546746065,46.9798657718333,74.46808510639066,27.488219334557357,72.31028439283477,148.2663503501958,2.050418575934788,2187.088813500935,2792.6803635641836,0.7831504249593545,4979.769177065118,43.91948172163915
S3,amusement,0,5153.9,113.27963325377286,1119.9999999998909,0.10035443215940391,124.60850813577024,77.55102040816327,89.79591836734694,53.69641237080312,5.54893537283302,43.84133611691889,65.83072100313368,21.989384886214786,88.70826388095303,133.39937983156358,1.5037987893730653,4272.62348922713,5134.309815216275,0.8321709524743888,9406.933304443406,45.419940281801914
S3,amusement,0,5183.9,153.96456786448107,1091.428571428878,0.1398010503706615,129.9939876359794,74.46808510638297,89.36170212765957,55.57938405600508,8.129041814648032,42.726347914543666,76.22504537208555,33.49869745754188,92.41359538653091,197.1545173287372,2.1333929981201885,7321.616238714154,5033.881791461832,1.4544672564883505,12355.498030175986,59.25796128033431
S3,amusement,0,5213.9,133.2964815018827,1151.4285714283687,0.11917566715795615,103.49816449646,53.06122448979592,85.71428571428571,54.47894262040409,7.250871384638985,42.726347914543666,76.22504537208555,33.49869745754188,73.50879989742128,173.5867515083003,2.3614417831679195,9481.356604338294,3044.146174596954,3.1146193581172654,12525.502778935248,75.69641531902062
S3,amusement,0,5243.9,134.88138093239107,1110.7142857144936,0.12427221583943283,107.19118406953463,54.71698113207547,81.13207547169812,56.18720839262887,7.495050405990188,43.613707165092066,73.94366197186272,30.329954806770658,76.51977560191496,174.73035736897626,2.2834666724323682,5599.607571668845,3926.56633275435,1.4260825100440655,9526.173904423194,58.781286462436235
S3,amusement,0,5273.9,147.27667065242315,1117.8571428572468,0.13473035214572962,118.01284332588058,60.37735849056604,86.79245283018868,55.93003481617614,7.952480617257064,42.98874104401036,73.94366197186272,30.954920927852363,84.23453149236529,190.48721516465707,2.2613910446207224,6120.779861416614,2287.3256398942267,2.6759547283786222,8408.105501310842,72.79618292684805
S3,amusement,0,5303.9,129.6816368294983,1165.7142857138751,0.11296750853577457,109.8479468564464,57.99999999999999,84.0,52.988019830995015,6.597537750354809,42.98874104401036,72.6643598615606,29.675618817550237,78.39569268401321,165.79737401463734,2.1148786156263846,3623.0671744403908,2263.194332177777,1.6008643725057692,5886.261506618168,61.55124386449407
S3,meditation,0,5817.9,147.82015736770637,1300.000000000182,0.11596004005128721,154.71551854848664,53.84615384615385,76.92307692307693,47.79414555551953,6.549825041229275,37.102473498243114,69.30693069304392,32.20445719480081,110.02599223700895,177.7522964146697,1.6155482245665216,4436.963707662059,2414.5544539644507,1.8375910720824788,6851.51816162651,64.75884034741799
S3,meditation,0,5847.9,193.54400237461834,1239.9999999997817,0.1580872831531308,199.57518658897297,52.5,72.5,50.35457807342572,8.873989730100359,37.102473498243114,69.99999999997878,32.89752650173567,142.4648804116213,233.71418347989706,1.6405038406983583,10520.926892594964,6359.644865266438,1.6543261637226954,16880.571757861402,62.325654862343704
S3,meditation,0,5877.9,169.31225778380417,1239.9999999997817,0.14149231171388058,176.00513095496868,56.25,75.0,51.22571968582842,7.913654731050315,38.7096774193503,69.99999999997878,31.290322580628484,125.70234008830363,203.79451162389816,1.6212467602491425,14135.49315195737,7161.721079362187,1.9737564469930817,21297.214231319558,66.37249829214656
S3,meditation,0,5907.9,153.68921782874628,1196.4285714284415,0.13029873371620573,161.36973565964595,71.42857142857143,85.71428571428571,51.75563018285398,6.997435932041209,41.66666666665193,66.87898089177088,25.212314225118952,115.2596378518589,184.2714498664456,1.5987509010160723,10136.947216309127,5078.568391394279,1.9960245555590739,15215.515607703406,66.62243645017807
S3,meditation,0,5937.9,154.39025990386142,1188.571428571322,0.13116632513617707,143.7873505067291,67.3469387755102,83.6734693877551,51.90729413315498,7.354561938445453,41.05571847506776,73.81370826012244,32.757989785054676,102.64549156570729,192.7086084418599,1.8774191199474142,25558.578526568126,4875.593681879004,5.242146945419395,30434.17220844713,83.97987088827156
S3,meditation,0,5967.9,178.10552925213642,1188.5714285708673,0.155015850525217,142.93386997276306,59.57446808510638,82.97872340425532,53.5301810418249,8.715952102165172,40.152963671120986,73.81370826012244,33.66074458900145,101.73617450225674,230.41898771154604,2.2648678195230825,11089.399892605805,2124.757611687947,5.219136447190407,13214.157504293751,83.9205972004077
S3,meditation,0,5997.9,208.45647829575273,1191.4285714283324,0.1829882904007644,167.34462649036,60.46511627906976,86.04651162790698,54.504258901483546,10.346027860363945,38.96103896103988,73.04347826088112,34.08243929984123,118.95371553576742,269.73731712014,2.2675821087659465,31335.6355910474,8255.741779222706,3.7956172115157543,39591.37737027011,79.14762676223006
S3,meditation,0,6027.9,213.04361830061683,1184.2857142855792,0.18954156894953,161.32946443797127,63.04347826086957,80.43478260869566,55.42049059580148,11.085748974727805,38.96103896103988,73.29842931933078,34.3373903582909,114.2827747206783,278.7734097782293,2.4393300780418317,25885.78389482805,4465.547547165192,5.796777130110462,30351.331441993243,85.28714446778177
S3,meditation,0,6057.9,200.78281251842168,1136.428571428496,0.18173101192735605,139.2994132457505,62.0,84.0,56.182904305033624,10.612012673697146,40.856031128402066,75.13416815742201,34.278137029019945,99.23397565449686,266.04528502008463,2.6809898854236685,23811.684389047605,2664.3600960510043,8.937111925801704,26476.04448509861,89.93671393190711
S3,meditation,0,6087.9,196.6963634435841,1178.5714285715585,0.17383901622456996,160.46806535883655,60.416666666666664,91.66666666666666,54.69330529983407,9.890639928154433,38.321167883208375,75.13416815742201,36.813000274213636,114.2651640591915,253.6185936921564,2.2195618041626157,25265.715180210525,8134.596873684884,3.105957870136647,33400.31205389541,75.64514708557591
S3,meditation,0,6117.9,187.03033801751764,1194.2857142857974,0.16134603743627599,174.50138880212663,54.0,88.0,53.22061007531864,9.37594623940133,38.321167883208375,75.40394973072874,37.082781847520366,124.35018769388779,233.44747910052206,1.8773391776070214,23678.573339767096,7302.191643984762,3.2426666532742274,30980.76498375186,76.42991821598187
S4,baseline,0,285.3,77.3677410192295,867.1428571428805,0.09025364436355873,64.66090327984463,36.76470588235294,60.29411764705882,70.55461187313858,6.338699551742911,58.49582172701944,83.00395256917552,24.508130842156085,46.04950466040135,99.25209227703368,2.1553346340852615,2530.476375823715,1569.0358159160805,1.612758835811723,4099.5121917397955,61.726280041865266
S4,baseline,0,315.3,87.75962388116962,885.7142857142719,0.0979067316961277,73.82745160736094,43.103448275862064,70.6896551724138,67.57130310123195,6.623961980510686,54.68750000000076,81.3953488372125,26.707848837211735,52.50859970238373,112.45599194717701,2.1416680807443407,1040.8379676967038,1203.0138392588833,0.8651920150294464,2243.851806955587,46.38621697164982
S4,baseline,0,345.3,72.17383318285795,955.7142857142935,0.07601055651153547,74.95422810707451,50.943396226415096,77.35849056603774,63.55194158249924,4.870527569032761,54.68750000000076,73.55516637477915,18.867666374778388,53.35649744903223,87.01269202010377,1.630779683453191,676.8505834976522,1242.4018116287932,0.5447920126664164,1919.2523951264454,35.26636648813766
S4,baseline,0,375.3,59.34498978930404,969.9999999999704,0.06108454016014082,69.03292125998414,51.66666666666667,71.66666666666667,61.98142725807812,3.71420014517023,53.030303030303685,69.07894736842447,16.04864433812078,49.225440094490786,67.97434570254354,1.3808783745165765,1073.6970488308998,1755.13190884675,0.6117472102346981,2828.8289576776497,37.9555308890913
S4,baseline,0,405.3,57.264499260808186,996.4285714285666,0.05766264610294758,69.25007195862653,55.932203389830505,79.66101694915254,60.61479693532631,3.4935830262110525,53.43511450381747,69.07894736842447,15.643832864606992,49.38167755479848,64.18641346154274,1.2998022068066755,639.3661402227037,1342.0093153379091,0.47642451726329155,1981.3754555606129,32.2688028878303
S4,baseline,0,435.3,64.28488365973497,1005.7142857143049,0.06344262808005155,83.03325851328464,64.91228070175438,91.22807017543859,59.44569052279408,3.7282679840106026,51.407588739288556,67.52411575562734,16.11652701633878,59.23518999395306,68.96582342487912,1.1642711609757546,964.302769243289,1777.668241338021,0.542453730577689,2741.97101058131,35.168233563448666
S4,baseline,0,465.3,63.62928169666464,1011.4285714285529,0.06253068495103364,80.86111802444793,57.14285714285714,91.07142857142857,59.19007189543935,3.6903254880660636,51.407588739288556,67.52411575562734,16.11652701633878,57.682766494773325,69.06568922392985,1.1973366296532941,831.2916632244893,2495.9976699720164,0.33304985546473254,3327.2893331965056,24.98405097899535
S4,baseline,0,495.3,74.73167529409872,1007.1428571428669,0.07412147429505951,84.86628966642185,55.172413793103445,82.75862068965517,59.83342210183386,4.455331286267964,51.219512195121666,69.30693069307124,18.08741849794957,60.52535586976527,86.63906671567672,1.4314507609356535,1023.6620638164362,2778.7860609793897,0.36838462600306987,3802.448124795826,26.9211316031143
S4,baseline,0,525.3,82.28405193926989,989.9999999998954,0.08218654248208768,91.33673805488137,58.620689655172406,77.58620689655173,60.32170263355114,4.882283188768581,50.23923444976205,69.30693069307124,19.067696243309186,65.14849684932426,96.42097160557196,1.4800183621822438,2650.242355099248,1897.0230612464838,1.397053314342865,4547.265416345732,58.2821127082798
S4,baseline,0,555.3,71.60888447631102,1029.9999999999727,0.07004816226445376,82.82766893088102,57.14285714285714,80.35714285714286,58.97458498651827,4.116639024864479,50.23923444976205,69.30693069307124,19.067696243309186,59.07111842126661,82.25732575487737,1.3925134304764295,888.4745003527172,2056.9065910666386,0.43194693634191034,2945.381091419356,30.165009986010617
S4,baseline,0,585.3,58.55011706982182,1028.5714285714675,0.05655304343087201,73.70702780279039,50.0,85.71428571428571,58.13326946365065,3.2434781786339686,51.34474327628251,64.22018348624,12.875440209957496,52.5863292587872,63.96022508454847,1.2162899747154472,1126.1253654287539,1585.2933384646306,0.7103577225142543,2711.418703893384,41.53269887132247
S4,baseline,0,615.3,72.1788042039869,990.7142857142617,0.07341283907026316,64.28974967156744,44.06779661016949,77.96610169491525,61.34770092562024,4.475203224658539,51.660516605165355,69.53642384106003,17.875907235894672,45.83577020847179,91.20658815036951,1.989856126242466,677.9248170240126,1406.8927063192102,0.48185964287044786,2084.817523343223,32.5172255813012
S4,baseline,0,645.3,70.7235258698275,907.1428571429578,0.07699479415890202,64.00434455916621,48.4375,75.0,65.71064477986455,5.180753908516627,54.97382198953053,81.23791102514929,26.26408903561876,45.5757182777583,89.03082683198403,1.953470624190525,981.0113744803768,1604.4211133483957,0.6114425734731358,2585.4324878287725,37.94380163081431
S4,baseline,0,675.3,91.78417127238198,932.8571428571877,0.09739135134169163,75.54345566108177,54.83870967741935,75.80645161290323,64.26324470241701,6.291374879576471,51.787916152896116,81.23791102514929,29.44999487225317,53.826774294263494,118.11581842154045,2.1943692515516107,2351.9196669059297,1898.6409297919847,1.2387385260695956,4250.560596697915,55.33198770846931
S4,baseline,0,705.3,89.7222944087402,1018.5714285714198,0.08747734021844049,81.77130138015089,57.407407407407405,70.37037037037037,58.93406507493317,5.088859300921865,47.72727272727236,69.65174129353659,21.92446856626423,58.34442260940209,112.6770099812415,1.9312387532837427,2604.2294322261123,2661.9216106127114,0.9783268680202345,5266.151042838824,49.452235817798545
S4,baseline,0,735.3,80.71662020740986,1069.2857142856838,0.0754958243143489,96.1003775984779,71.15384615384616,80.76923076923077,56.4324770125556,4.24402978814896,47.72727272727236,65.31881804043365,17.591545313161298,68.61557184939464,91.22636052805709,1.3295285322155619,2556.366565978815,1919.9137633887078,1.3315007240047845,4476.280329367522,57.10917051390339
S4,baseline,0,765.3,82.18637835848341,1000.0,0.08007121395964961,84.68321177002171,60.71428571428571,85.71428571428571,58.815568493969465,4.595526433723859,48.27586206896589,68.62745098039848,20.351588911432586,60.42027195558135,99.29044421383746,1.6433299785017843,1672.5875213591216,1822.4253119457676,0.9177811076237373,3495.012833304889,47.85640571675728
S4,baseline,0,795.3,68.46267221320568,1004.2857142857429,0.06756853223772907,71.9299287972015,54.54545454545454,83.63636363636363,59.479277310828714,3.9790486888534167,49.008168028006985,68.62745098039848,19.619282952391494,51.327709603142516,82.0959268176026,1.5994465261036372,662.2112469155201,1703.0407358423522,0.3888405209450139,2365.251982757872,27.997492518466682
S4,baseline,0,825.3,124.66666722455074,937.8571428571263,0.13365281748790855,65.37125790851576,43.333333333333336,71.66666666666667,65.4844905055248,8.89454243405542,49.008168028006985,83.49900596420385,34.49083793619686,46.61245636559058,170.03186391179642,3.647777379037984,1594.8991938667175,2135.726058157003,0.7467714259398113,3730.6252520237203,42.75152517668576
S4,baseline,0,855.3,103.55497260333688,868.5714285714425,0.11706003206274151,69.86515613827027,46.55172413793103,74.13793103448276,68.68488267041383,7.548624916193269,50.29940119760328,83.49900596420385,33.199604766600565,49.83328379392634,137.70950776206303,2.763404240658269,891.8367197367052,1095.4242002640187,0.8141473590977404,1987.260920000724,44.877686204204146
S4,baseline,0,885.3,129.14550368254777,1028.5714285714675,0.12619547948675366,109.87952222212593,66.66666666666666,84.31372549019608,59.57309788027526,7.679216684317685,46.87499999999684,74.07407407407906,27.199074074082226,78.43710953408086,164.93860097253318,2.1028133488379948,321.79066971143425,4596.066442898018,0.07001436417627839,4917.857112609452,6.543310680710072
S4,baseline,0,915.3,91.14466631116025,1068.5714285714312,0.08566531857583783,109.93067770899542,64.70588235294117,86.27450980392157,56.79378200996495,4.793082710373163,46.87499999999684,66.87898089172003,20.003980891723195,78.46700981081564,102.26254820458398,1.3032553228565673,1997.7037496124235,4042.4314352217007,0.4941837064214455,6040.135184834124,33.073825145972876
S4,baseline,0,945.3,82.83921180169918,1031.4285714285916,0.08059809140299354,92.65851772518958,57.407407407407405,87.03703703703704,58.755807374521495,4.808514697774106,48.78048780488184,70.70707070707276,21.926582902190923,66.07481529461909,96.74083319692633,1.4641105353919104,2531.0474625569004,2696.5056362810856,0.9386397819837756,5227.553098837986,48.417441481742536
S4,baseline,0,975.3,91.73740998731766,1049.9999999999545,0.08798852544456667,100.93097979418573,58.92857142857143,85.71428571428571,57.98711638099243,5.110398079792436,46.30650496141389,70.70707070707276,24.400565745658866,72.00685899169098,107.91903002025708,1.4987326420210898,1376.2604352127748,2994.4081339675427,0.45961017123916637,4370.668569180318,31.48855634850576
S4,baseline,0,1005.3,85.67746580848014,1009.9999999999909,0.08387584685311489,97.79755262825742,59.25925925925925,87.03703703703704,59.12850573034096,4.763176424761192,46.30650496141389,68.18181818180973,21.87531322039584,69.72259701094049,99.09599265750637,1.4212894657661241,2796.1057551669055,2777.54962174593,1.0066807567633342,5573.655376912835,50.16646287011069
S4,baseline,0,1035.3,74.11858411869535,1007.1428571428669,0.07315288857898843,77.66805347515918,60.0,90.0,59.523547145228136,4.267300249435679,50.359712230216324,68.18181818180973,17.822105951593407,55.40355902247861,88.98075449872836,1.6060476270599626,1067.94784544205,1189.0654917610675,0.8981404748870174,2257.0133372031178,47.31686019921561
S4,baseline,0,1065.3,82.82076566488679,1035.7142857143344,0.0793648263989433,92.79247910081557,66.66666666666666,84.31372549019608,57.84818313052659,4.535736799772323,49.23798358733502,68.40390879478716,19.165925207452133,66.22431474879697,96.60692825407737,1.4587833580540346,3335.4606809976053,3433.6115539402604,0.9714146835188676,6769.072234937866,49.27500498195263
S4,baseline,0,1095.3,89.12866804107705,1079.9999999999272,0.0826497836981905,100.30038030205839,61.111111111111114,79.62962962962963,56.010745069557096,4.620168392274354,44.49152542372963,68.40390879478716,23.91238337105753,71.54949333258276,103.7714264015086,1.4503446714730597,1800.0544370949422,3896.472704610418,0.46197024169194517,5696.52714170536,31.59915492926209
S4,baseline,0,1125.3,86.35027002569406,1068.5714285714312,0.08068355975121885,97.49760157521379,61.111111111111114,81.48148148148148,56.41669577344625,4.504477894068422,44.49152542372963,69.53642384106003,25.0448984173304,69.50458868160081,100.4084180695127,1.4446300593113608,606.9000992221587,2904.072930218541,0.20898238914974063,3510.9730294406995,17.285809208247844
S4,baseline,0,1155.3,110.48109965135151,932.8571428573014,0.11706933407233101,70.46927250473608,36.666666666666664,66.66666666666666,64.41002541493232,7.263596664887389,50.29940119759849,75.53956834532448,25.24016714772599,50.24263737504234,147.94534176493602,2.9446173508086333,926.2379505666619,1823.4506860380307,0.5079588703214011,2749.6886366046924,33.68519396110164
S4,baseline,0,1185.3,78.91221098197046,855.7142857143845,0.09149750785073585,51.318563663183994,24.615384615384617,63.07692307692307,70.14507375003922,6.449679207898911,55.7029177718802,86.95652173915221,31.253603967272007,36.56988857506324,105.43679307401898,2.8831587183428176,1305.8402756321846,1556.2134910291156,0.8391138382746184,2862.0537666613,45.62598686451301
S4,baseline,0,1215.3,118.08665723434221,907.1428571428442,0.1313964096194556,79.2339536088082,39.34426229508197,73.77049180327869,67.92811490798088,9.107591935654055,51.59705159704376,86.95652173915221,35.35947014210845,56.47441294513227,157.16092999236398,2.78286965364392,6653.215041988583,853.844761578399,7.792066358397038,7507.059803566982,88.62610950331454
S4,baseline,0,1245.3,108.99419449956969,987.1428571428851,0.11154095472191437,94.5492185635881,60.0,83.63636363636363,62.246133910222085,7.797092392132872,50.48076923077375,85.19269776875372,34.711928537979965,67.45975893157149,138.59527334694468,2.054488120651754,711.8507178950379,4060.461440100209,0.17531276392997094,4772.312157995247,14.916264785874194
S4,baseline,0,1275.3,75.89839231304965,1007.1428571429806,0.07524962362813518,86.01872342239855,65.45454545454545,81.81818181818183,59.81865243350586,4.503784833898899,50.48076923077375,69.88352745424568,19.402758223471928,61.378846055267076,88.05548914369288,1.4346227536504266,3336.6855150298525,1665.7274711404523,2.003140113157506,5002.412986170305,66.70152033137747
S4,baseline,0,1305.3,93.33616014629553,1027.1428571429624,0.08963614195578962,96.7050081463389,64.28571428571429,82.14285714285714,58.07069664392172,5.140417511093045,46.77060133630043,69.88352745424568,23.11292611794525,68.97002416054578,112.54516137535005,1.6317982013950254,3386.1933746719515,3145.867571570181,1.076394125828322,6532.060946242133,51.839586350155145
S4,baseline,0,1335.3,81.31786244231718,1033.571428571463,0.07710091446736723,97.74317944500619,70.9090909090909,90.9090909090909,57.20589312641225,4.215688800916726,46.77060133630043,68.29268292683331,21.522081590532878,69.74689445459069,91.43609909830704,1.3109701845985027,932.0750495656407,2319.62365539938,0.4018216693885031,3251.6987049650206,28.66425010848806
S4,baseline,0,1365.3,72.01545506697298,1015.7142857142389,0.07026499381748494,87.44156732809535,66.07142857142857,91.07142857142857,58.82058466719789,4.058505406123415,49.88123515438848,68.29268292683331,18.41144777244483,62.3860503777815,80.50113201233457,1.2903707082730256,1407.7192625555706,2852.5204283801495,0.4935001511470216,4260.23969093572,33.043193920536865
S4,amusement,0,1832.3,89.71377983583389,1022.1428571428532,0.087641469233274,95.839330281398,66.66666666666666,84.21052631578947,59.07371597012147,5.377403682725226,49.23798358733502,73.42657342658767,24.188589839252643,68.35958388788403,106.88354352069497,1.563548773146334,5077.633527950596,1808.8286999984468,2.8071389667550917,6886.462227949042,73.73355664890998
S4,amusement,0,1862.3,118.96681457940906,981.4285714285234,0.12233167618089814,94.41189248276318,54.385964912280706,80.7017543859649,62.64313206071376,7.931759815658275,49.23798358733502,79.69639468689698,30.458411099561957,67.2006420752818,154.2409791430697,2.2952307355974453,4110.595923996617,2225.2708644403724,1.8472339658436951,6335.86678843699,64.87819364350413
S4,amusement,0,1892.3,98.88544896661604,898.5714285714721,0.10984275405282268,76.45602246150878,48.38709677419355,80.64516129032258,67.43790139887057,7.346676529474378,54.687499999997925,82.35294117646104,27.66544117646312,54.5021019995695,128.78736317002134,2.3629797465616758,4605.455518254231,1583.8157068631067,2.9078228598804343,6189.271225117338,74.41030374568727
S4,amusement,0,1922.3,104.05346273578841,948.5714285713129,0.11013723374251802,69.64406828675969,51.61290322580645,80.64516129032258,64.29577692478854,7.333299525679714,50.72463768116237,82.35294117646104,31.628303495298674,49.64741481939698,138.52573918361506,2.7901903792479805,2317.728753107335,2266.0148511558796,1.0228215194287347,4583.743604263214,50.56410116289399
S4,amusement,0,1952.3,72.90773141216205,974.2857142856565,0.07429997135153475,65.5345473304931,44.06779661016949,79.66101694915254,61.472725712298825,4.497694061720733,50.72463768116237,71.4285714285784,20.703933747416023,46.67513096164426,91.93751546049785,1.9697323513896168,1063.1189559117713,1151.4573343441955,0.9232812403919971,2214.576290255967,48.00552415328592
S4,amusement,0,1982.3,76.00197945453932,958.5714285715312,0.07875948362356106,71.92186803776356,45.0,73.33333333333333,62.53998849844134,4.716853893914316,50.359712230216324,73.04347826088112,22.683766030664792,51.26335165922258,94.47047442814774,1.8428462316734209,2078.954802236111,1813.4060563589924,1.1464364503173077,3892.3608585951033,53.411152710709416
S4,amusement,0,2012.3,71.40536749819246,985.7142857143799,0.07235808224778859,70.47474531161751,40.67796610169492,72.88135593220339,61.10741591905602,4.341186601554966,50.359712230216324,73.04347826088112,22.683766030664792,50.2506035059177,87.591836733767,1.7431001942783004,1329.3172031734784,1142.659232785306,1.1633540123184247,2471.9764359587844,53.77548037418437
S4,amusement,0,2042.3,50.45475990220459,994.2857142855246,0.05083013986976584,57.20470790606188,37.93103448275862,72.41379310344827,60.602932169332085,3.1405193205127184,54.47470817120276,69.19275123558297,14.718043064380218,40.79848377552902,58.539297187411805,1.4348400178176166,692.6815948926597,1514.8128820493835,0.4572720519484453,2207.494476942043,31.378633202842927
S4,amusement,0,2072.3,56.86130873375158,961.4285714283142,0.05891291298695046,52.864864300945044,36.666666666666664,68.33333333333333,62.37764699604042,3.6801576466993473,55.40897097624053,70.5882352941252,15.179264317884666,37.691606652417484,71.03351075224613,1.884597581825028,568.1991990064882,1067.5982159433072,0.5322219450361665,1635.7974149497954,34.73530363929124
S4,amusement,0,2102.3,58.25943637786962,964.2857142853245,0.06031319239041447,50.759537155577924,31.666666666666664,68.33333333333333,62.3373528852648,3.75360672049123,55.045871559648646,70.5882352941252,15.542363734476552,36.19338058098883,74.015964874166,2.0450138585021844,782.461907907188,457.8287416220851,1.7090711804919216,1240.2906495292732,63.0869795079206
S4,amusement,0,2132.3,77.91094373331248,964.2857142855519,0.08127036864937214,50.71552262904548,32.78688524590164,73.77049180327869,63.04405776157474,5.765301509305895,55.045871559648646,84.00000000004584,28.9541284403972,36.06615886570617,104.1127393333996,2.886715486422263,781.6146799797632,767.1038375850264,1.0189163991675747,1548.7185175647896,50.468479011200614
S4,meditation,0,2685.3,97.60246075669784,1014.2857142859611,0.09552438638619082,108.40486197670045,65.45454545454545,78.18181818181819,59.256108189856164,5.712596742972086,49.58677685950264,70.94594594595597,21.359169086453328,77.35639748046758,114.3174022639134,1.4778015262768465,1923.893550726565,4193.629509550993,0.4587657413095021,6117.523060277558,31.44889740128378
S4,meditation,0,2715.3,91.85340057725067,961.4285714287689,0.09395778189078498,93.64692089468979,59.64912280701754,78.94736842105263,61.886481980224765,5.574358799818285,49.58677685950264,71.42857142855905,21.84179456905641,66.72682027348277,111.45234789541257,1.6702781196319603,391.91847667216103,6700.641068466648,0.05848969862250006,7092.559545138809,5.525769282272424
S4,meditation,0,2745.3,70.58288598457663,961.4285714283142,0.0729225558079218,75.20764905373595,55.00000000000001,85.0,62.3103289082068,4.4996911428842505,52.23880597015245,71.42857142855905,19.189765458406605,53.62861085918794,84.18942739523342,1.5698603049086743,731.7286791476598,2839.067139502147,0.2577356022922284,3570.7958186498067,20.4920336056723
S4,meditation,0,2775.3,76.8000698493354,940.0000000000546,0.08117349919364601,68.61053992122318,46.774193548387096,77.41935483870968,63.82587595304848,5.140915786169857,53.29949238578299,75.13416815742201,21.83467577163902,48.90956617197088,96.97605784210448,1.9827625847493118,577.837750166898,1949.2016158703732,0.2964484255821208,2527.039366037271,22.866195039653196
S4,meditation,0,2805.3,79.5884476854038,934.2857142855792,0.08429045680828029,61.13759306715284,45.90163934426229,72.1311475409836,63.98456476968468,5.32139404259741,54.26356589149034,75.13416815742201,20.870602265931673,43.55156251015678,103.78778065296716,2.383101194790945,936.8949882433271,2390.038008556968,0.39200003719145693,3326.9329968002953,28.16092145962643
S4,meditation,0,2835.3,88.50096035855032,965.7142857145118,0.09211434508982601,69.73931049681808,50.0,76.66666666666667,62.982388450113994,5.901100280093183,54.26356589149034,75.00000000002558,20.736434108535242,49.67953047003282,114.87725719675095,2.312366000843064,1482.6508018457516,1242.2897955297067,1.1934822351282022,2724.9405973754583,54.410389836526164
S4,meditation,0,2865.3,87.88169886021556,929.9999999998363,0.09448493148704311,68.29961741018882,37.704918032786885,77.04918032786885,65.077290890236,6.155497863819165,53.77720870679281,80.76923076926892,26.992022062476103,48.659996395903526,114.36166639160993,2.3502193765315926,3553.8112277427936,4533.9084882574125,0.7838295009586056,8087.719716000206,43.94083069807884
S4,meditation,0,2895.3,145.09011767842898,851.4285714286416,0.17126133237153823,74.08648593335626,31.25,64.0625,72.94808448628902,12.810960372219117,50.35971223022593,97.67441860469867,47.31470637447274,52.79589581045616,198.27979695736073,3.75559111013496,1428.4634815950178,770.7188371568353,1.853417112347465,2199.182318751853,64.95430003301149
S4,meditation,0,2925.3,192.09919513758757,915.7142857143299,0.21444201030668458,94.9708410060167,44.642857142857146,66.07142857142857,70.21691364253208,15.599703474149619,49.065420560742766,97.67441860469867,48.60899804395591,67.75096663505747,263.085552748594,3.8831261871983602,8527.814254658238,5056.4952775165075,1.6865069156846253,13584.309532174746,62.77694301988568
S4,meditation,0,2955.3,121.14166965105058,979.2857142854245,0.12195794904545497,85.81972972694147,52.94117647058824,84.31372549019608,61.299433439984796,7.5381481950653555,49.065420560742766,77.34806629832543,28.28264573758267,61.08966507415235,160.05830522911464,2.620055373275191,1381.8563824319212,3087.715018822864,0.44753365320570593,4469.571401254785,30.91697745434785
S4,meditation,0,2985.3,103.66679310834236,994.2857142855246,0.10576414998084316,76.43600788311802,47.368421052631575,80.7017543859649,61.908932998562896,6.727632025786197,50.5415162454794,77.34806629832543,26.806550052846035,54.448025576048465,136.12134475388382,2.5000235236034567,5018.993823644134,2927.2408162241118,1.714581798609314,7946.234639868246,63.16191317158679
S4,meditation,0,3015.3,100.14223744765673,1013.5714285715949,0.0993833986891918,97.89363240426356,55.35714285714286,78.57142857142857,60.11376464374341,5.863824771217093,47.032474804025036,71.06598984770108,24.03351504367604,69.78388508490468,123.23613441074228,1.7659683788141531,1286.9592330257924,2370.891411876811,0.5428166075337159,3657.8506449026036,35.183482267632606
S4,stress,1,3613.3,58.750840537873664,752.8571428570103,0.07782512235838479,38.98867294580551,18.181818181818183,61.038961038961034,79.95322836444105,6.189891102957194,65.93406593407647,95.45454545455334,29.52047952047687,27.737066540912963,78.3197144243918,2.8236480706735154,1859.9719680743374,1204.4992226819802,1.5441869393098142,3064.471190756318,60.69471214755629
S4,stress,1,3643.3,62.917617297681794,772.1428571430806,0.080823326417073,40.68628945556469,21.333333333333336,64.0,77.5641147082582,6.158538970736439,64.12213740457837,91.50326797381705,27.381130569238678,28.93462843943362,84.14297599863588,2.908037204443982,1033.9236444198318,643.4419183686778,1.606863983995859,1677.3655627885096,61.63973240877808
S4,stress,1,3673.3,62.167566287457284,834.2857142856701,0.07507656445315217,41.90628617430955,25.352112676056336,63.38028169014085,72.87357435169754,5.625253257942105,63.54009077155265,87.1369294605944,23.596838689041753,29.836466914400898,82.70065198217394,2.771797754051689,1504.8022921486674,812.0452136202633,1.8531016092564006,2316.8475057689307,64.95042459211159
S4,stress,1,3703.3,59.524015712954366,831.428571428205,0.07144721974916242,35.944969276961714,17.142857142857142,58.57142857142858,72.38949212718705,5.290231367589648,62.96851574214971,86.95652173912356,23.988005996973847,25.600115436006384,80.19258683229532,3.1325087979683484,1468.1262700530156,557.0050531261439,2.635750361353601,2025.1313231791596,72.49536132542123
S4,stress,1,3733.3,68.6657812897372,782.8571428572104,0.08772457092790192,37.8525895126807,18.91891891891892,59.45945945945946,77.22894745024463,6.679406615818174,62.96851574214971,91.7030567685422,28.734541026392485,26.940450608987728,93.29625480824373,3.4630547262308498,1055.3669998048163,757.7854488990263,1.3926989510528887,1813.1524487038425,58.206192234925425
S4,stress,1,3763.3,54.67797917833491,754.2857142857429,0.07193604161675875,36.14728242941127,15.584415584415584,61.038961038961034,79.33695516474242,5.638032695508644,68.18181818180973,91.7030567685422,23.521238586732466,25.720733657588255,72.92329308367978,2.835194907520284,1982.904028531846,651.9399259608507,3.0415440895253902,2634.843954492697,75.2569815434716
S4,stress,1,3793.3,54.1888453611513,777.142857142735,0.06942879689233794,37.73802926399249,16.216216216216218,60.810810810810814,77.23491971595534,5.283872690163379,65.93406593404353,88.05031446540914,22.116248531365613,26.86421124388598,71.77169412375193,2.671647176690752,702.1256351772413,549.0228352836514,1.2788641747742417,1251.1484704608927,56.11849047128638
S4,stress,1,3823.3,50.37416011432496,792.8571428572013,0.06313223395727345,37.17483193929583,15.068493150684931,56.16438356164384,75.48731256533054,4.6895570071478,65.93406593404353,84.5070422535168,18.57297631947327,26.466551812817084,66.14101336982041,2.499041576613316,2171.33758814574,768.2648995988917,2.8262876376096155,2939.6024877446316,73.8650071633212
S4,stress,1,3853.3,67.9292616339307,830.7142857142935,0.08105722336018457,41.59742842365005,20.28985507246377,66.66666666666666,72.0532298258893,5.747405036141085,61.22448979591723,84.5070422535168,23.28255245759957,29.6257854211418,91.38425471842771,3.0846188014719544,274.6009470852406,1063.4969601877501,0.2582056718213491,1338.0979072729906,20.52173802774046
S4,stress,1,3883.3,77.99589572751756,829.9999999999272,0.09335989060132498,42.0099946458823,20.0,61.42857142857143,72.43489061830961,6.708537101093657,61.22448979591723,84.67741935485361,23.452929558936383,29.8926827985586,106.17507718754125,3.551875149615575,2737.1742661518947,276.4751551491086,9.900254019843779,3013.6494213010033,90.82590187183241
S4,stress,1,3913.3,87.70446721900755,728.5714285717404,0.1211647407854818,37.76606294291316,15.0,52.5,84.06002778919219,9.85394043577332,64.41717791411061,102.9411764706245,38.52399855651389,26.788203621555223,121.10548826155666,4.520851415512935,1117.2010034969765,287.1736307088852,3.8903328301389553,1404.3746342058616,79.55149404480133
S4,stress,1,3943.3,60.8007580647278,685.0000000001728,0.08774736018739081,37.2471064483924,16.470588235294116,56.470588235294116,87.23443119530079,7.448775972000083,70.70707070705382,102.9411764706245,32.23410576357068,26.492800185551882,81.80217540395577,3.0877134478433663,1855.7859411673244,1342.8062190150622,1.3820206630622613,3198.5921601823866,58.0188360450901
S4,stress,1,3973.3,67.91122808889952,726.4285714284142,0.09203845045930228,39.24434777575231,17.72151898734177,62.0253164556962,81.96927469659624,7.227327101298409,64.41717791411061,96.77419354840413,32.35701563429352,27.92341954692364,91.89206952665477,3.290860181799569,1358.3427351916773,843.1470053828058,1.6110390317699845,2201.489740574483,61.70107042321329
S4,stress,1,4003.3,89.80220638350353,726.4285714284142,0.12502477980094276,49.29306235642182,29.629629629629626,67.90123456790124,84.8377941354954,10.667932182874845,64.41717791411061,108.24742268037127,43.83024476626066,35.07260852120138,122.06057788741325,3.4802252536656253,4577.230519444817,790.7431680013561,5.788517314685123,5367.973687446173,85.26924284575705
S4,stress,1,4033.3,76.33572838978415,697.1428571428078,0.10956136238884953,47.19899769980624,27.380952380952383,70.23809523809523,87.15269947194396,9.64782438146728,67.6328502415455,108.24742268037127,40.614572438825775,33.527406977392026,102.61676197858769,3.060682922714051,751.7347235347283,2403.8522010654456,0.3127208582963384,3155.586924600174,23.822342451554437
S4,stress,1,4063.3,80.39197191049257,695.71428571453,0.11434054426242533,50.69727605902191,25.0,75.0,86.4307798582874,9.757185591221548,65.62500000004104,107.41687979535044,41.7918797953094,36.059401298121685,107.82141658008335,2.9901055674404584,3588.3223091022705,1613.3667524945724,2.224120649290709,5201.689061596843,68.9837909688648
S4,stress,1,4093.3,76.69797257375025,705.7142857138388,0.10821944790865956,51.46122656644689,29.268292682926827,73.17073170731707,85.64245774986009,9.280252270647026,65.62500000004104,107.41687979535044,41.7918797953094,36.6061669773438,102.10360685634134,2.789246055713374,1148.0270009642104,2479.267363183491,0.463050906897791,3627.2943641477013,31.649678402484994
S4,stress,1,4123.3,69.47160053436929,732.8571428574833,0.09372674255383756,47.56319811075721,35.44303797468354,70.88607594936708,81.6463602392108,7.5879068170458694,65.11627906975092,97.44779582375966,32.331516754008746,33.8415281072929,92.23533778860065,2.725507474017516,2178.6445041582665,1221.1529868537964,1.7840880934757986,3399.797491012063,64.08159632795424
S4,stress,1,4153.3,77.14048513564796,730.0000000004729,0.10594577819957438,47.591212102559396,30.0,71.25,83.30752050426688,8.68331049773679,65.11627906975092,100.47846889951454,35.36218982976362,33.85768983087211,103.7061508939692,3.0630013864504093,1968.6199853696085,2125.5233945518594,0.9261812833561721,4094.143379921468,48.0838066156679
S4,stress,1,4183.3,66.10373970115796,704.2857142860157,0.09376073621007935,45.317309458846815,20.73170731707317,65.85365853658537,85.85102422815201,8.122227826986542,70.23411371237971,105.5276381908699,35.293524478490184,32.241030538292115,87.74921512347451,2.7216628519133805,1226.5664424508939,1106.8688405908363,1.1081407276729953,2333.43528304173,52.56483654657066
S4,meditation,0,5676.3,77.7547507958621,955.7142857147483,0.08179871046301482,74.24792995117069,56.666666666666664,76.66666666666667,63.531196810031986,5.124138963586641,53.29949238580452,73.5551663747689,20.255673988964382,52.87010671462585,96.41760398722481,1.8236695550408657,1013.0423885138946,1040.1948995750558,0.9738967081339721,2053.2372880889507,49.33878779577314
S4,meditation,0,5706.3,84.67828086230537,982.1428571426623,0.08459077316592624,87.25131256995137,66.07142857142857,83.92857142857143,60.356320150686756,5.050651877097251,50.724637681172126,70.35175879398828,19.627121112816155,62.155147207653684,102.35995396240585,1.6468459743234494,2698.720470596224,3273.128387576666,0.8245079786174482,5971.84885817289,45.19070282401467
S4,meditation,0,5736.3,103.3974446500693,954.2857142851062,0.10712811216261828,79.6969173773383,50.0,80.0,62.84740311832795,6.504381427018079,50.724637681172126,73.04347826088112,22.31884057970899,56.82736504300014,134.73200697160974,2.3709001265439755,1113.3738707630757,3344.584278628798,0.33288856790881444,4457.958149391874,24.974973596711646
S4,meditation,0,5766.3,73.2003430903168,912.8571428573196,0.07863527063926162,61.73831457463633,40.32258064516129,75.80645161290323,64.83641519971445,4.945088129710934,53.70843989771895,73.04347826088112,19.33503836316217,43.99650476338498,93.70639266179029,2.1298599324138845,973.4981588382893,1540.9009785128026,0.6317720427290916,2514.3991373510917,38.71693019525394
S4,meditation,0,5796.3,67.36250853510654,929.9999999993815,0.07171067992077994,60.511317011861124,41.935483870967744,69.35483870967742,64.19201421880388,4.5325515175798605,55.62913907285974,73.29842931933078,17.669290246471036,43.136644928199864,84.93906625707051,1.9690698337446038,2354.23326151973,1706.582420467321,1.3795016480218165,4060.815681987051,57.974393468844895
S4,meditation,0,5826.3,80.77671556617706,930.7142857146573,0.08581277887969156,53.882702238604644,39.34426229508197,68.85245901639344,64.1876847040583,5.315072302129487,53.09734513273823,73.29842931933078,20.201084186592546,38.3690007212623,107.59914190628993,2.8043248425457046,2017.1533085162584,1215.506433431713,1.6595167685137404,3232.6597419479713,62.39918424884211
S4,meditation,0,5856.3,96.58571179669798,993.5714285716131,0.0968902239290455,63.62017610258379,44.06779661016949,77.96610169491525,60.75244387908639,5.9392973054484255,51.407588739301076,73.04347826088112,21.63588952158004,45.34922097907991,128.84505269175136,2.84117455404998,5296.036741620444,1847.117118808156,2.8671905466599155,7143.153860428601,74.14143451339118
S4,meditation,0,5886.3,76.5631012024466,1016.4285714286052,0.07523627429614048,63.96242855271207,45.614035087719294,82.45614035087719,59.292532938559816,4.5140454972319075,51.407588739301076,70.35175879398828,18.944170054687206,45.629515757801634,98.19248557390068,2.1519510769103865,1228.1058986495655,1207.6646016376285,1.01692630303498,2435.770500287194,50.41960638347346
S4,meditation,0,5916.3,55.74381099177235,1002.8571428574651,0.05595516707078117,57.74558971548136,41.37931034482759,79.3103448275862,60.4162684338606,3.4369240038671838,54.97382198955916,67.3076923077241,12.333870318164934,41.18885885049998,67.21772708420353,1.6319395331679014,599.5934094062114,1792.7478493316203,0.3344549595358624,2392.3412587378316,25.063038444713744
S4,meditation,0,5946.3,54.84211460264484,1002.8571428574651,0.054830166140289315,61.88085303108325,53.44827586206896,86.20689655172413,60.16647197211656,3.33662693266864,54.474708171225245,67.3076923077241,12.832984136498851,44.13824655914429,63.77405631495811,1.4448706345754414,889.6950467530003,1689.485451527961,0.5266071074766374,2579.1804982809613,34.49526108568156
S4,meditation,0,5976.3,67.21554901331311,1012.8571428576834,0.06692871167755186,68.0117855115388,56.36363636363636,89.0909090909091,60.010820788261114,4.0720203707584135,52.30386052302842,69.76744186049167,17.463581337463253,48.523743675357075,81.73925836494016,1.684520858732746,719.2414236589752,2594.484461673794,0.2772193991845945,3313.7258853327694,21.704916113987743
S4,meditation,0,6006.3,116.75391515878124,940.0000000005093,0.12454210091655821,66.39835462262405,43.333333333333336,78.33333333333333,65.09603735898371,9.04510507781962,52.30386052302842,89.36170212762845,37.05784160460003,47.03615912451969,158.27366535409683,3.364936004555475,2112.1363707390287,2238.351467623782,0.9436124760966417,4350.487838362811,48.5494144384018
S5,baseline,0,279.4,65.28220478229416,939.2857142856883,0.06875479731002636,39.87895703817541,13.114754098360656,54.09836065573771,63.473989644208324,4.187730201055009,53.84615384615455,71.42857142857356,17.582417582419012,28.426692338225248,87.83766666517654,3.0899714120823556,1200.6521047143033,126.52947702911005,9.489109833577157,1327.1815817434133,90.46630251883857
S5,baseline,0,309.4,71.2496057309262,922.1428571428589,0.0769449025346036,33.93432938370932,9.523809523809524,53.96825396825397,65.16060271799884,4.83934046393847,53.84615384615455,75.67567567567552,21.82952182952097,24.18758438599173,97.81601809108462,4.044058990352707,1874.2110970544697,263.75094164243507,7.105988268263027,2137.962038696905,87.66344131146536
S5,baseline,0,339.4,62.91212630163462,917.142857142835,0.06852680615542411,27.96624696643604,9.375,45.3125,65.6561650649995,4.4795471165742775,57.53424657534238,75.67567567567552,18.14142910033314,19.93037743058062,86.7101570005513,4.350653032165143,1428.468686776587,121.71094574739949,11.736567142788044,1550.1796325239866,92.14859083464856
S5,baseline,0,369.4,49.255308663417196,945.7142857143026,0.05201548521771187,27.570281856002193,9.836065573770492,42.62295081967213,63.53336310920242,3.3493750747987296,57.53424657534238,71.06598984771543,13.531743272373049,19.640575412151755,66.83127008022953,3.4027144662411763,742.417033812684,167.5531093892928,4.430935579284014,909.9701432019768,81.5869662712546
S5,baseline,0,399.4,51.14176783651965,944.9999999999932,0.05386479454703086,29.766572623795398,11.475409836065573,50.81967213114754,63.36599363327091,3.2430452749115557,53.29949238578837,69.19275123558751,15.893258849799139,21.137286436189285,69.16773783349748,3.2723092456690632,667.5746112192204,129.06733226630163,5.172297276911475,796.641943485522,83.79857684851522
S5,baseline,0,429.4,58.2842307543365,941.4285714286166,0.061099894075802,33.41247435648269,14.754098360655737,57.377049180327866,63.11813413832911,3.6623210244440587,53.29949238578837,69.19275123558751,15.893258849799139,23.81663437929382,78.91052550891122,3.3132525885990014,2420.115960523656,300.5556150516906,8.05214023403767,2720.6715755753467,88.95288877386345
S5,baseline,0,459.4,43.619920355978785,973.5714285714607,0.04494802755099757,27.173424867400815,6.779661016949152,45.76271186440678,61.94946079506656,2.778070145142096,55.702917771883136,68.18181818181414,12.478900409931,19.371067453109728,58.567539212868915,3.0234544045979663,712.9591434998742,138.54720647228498,5.145965491859229,851.5063499721592,83.72916344348872
S5,baseline,0,489.4,50.24635417571429,970.0000000000273,0.05182789388851844,25.972905820004108,5.0,41.66666666666667,62.056793048548805,3.307279853862768,57.065217391304245,70.94594594594643,13.88072855464219,18.518355591992663,68.60366405718543,3.7046304525467506,656.0187108199822,164.70017012207802,3.983108884063278,820.7188809420602,79.93220651472922
S5,baseline,0,519.4,51.132993664006605,962.8571428571604,0.05305343003700514,29.552817458579053,9.836065573770492,40.98360655737705,62.42883230499304,3.3671416870969875,56.14973262032072,70.94594594594643,14.796213325625715,21.029089232683134,69.18774088037945,3.290096880317992,564.3021693082061,147.9302564978103,3.8146501105847745,712.2324258060164,79.23005873673875
S5,baseline,0,549.4,39.4394903932081,977.1428571428942,0.04051450044001213,27.48097672269574,8.333333333333332,43.333333333333336,61.73572616568672,2.520825179436152,56.14973262032072,68.51549755302054,12.365764932699818,19.595963542420975,52.22015911308596,2.664842634557915,448.1864815070086,264.5770432736414,1.6939734300510243,712.76352478065,62.88010902984074
S5,baseline,0,579.4,35.21736623904734,984.2857142857042,0.03572776285120747,28.790924431901164,8.47457627118644,49.152542372881356,60.946799474856554,2.200815884152666,56.68016194331921,66.87898089172003,10.19881894840082,20.52019726240519,45.38113345810526,2.2115349515302904,539.4722110915565,223.9071889529515,2.4093563659758734,763.379400044508,70.66895059784206
S5,baseline,0,609.4,43.011884672098354,1003.5714285714334,0.04296637840925104,35.1967514694122,17.543859649122805,50.877192982456144,60.043370639226396,2.533925598015711,53.571428571428356,64.22018348624,10.648754914811647,25.09890414967846,55.40838796226644,2.207601879023721,1823.3369623652952,252.93582324298092,7.208694043364985,2076.272785608276,87.81779422259876
S5,baseline,0,639.4,47.25333597646677,1014.2857142856769,0.046599111990394744,33.899770126186304,15.789473684210526,50.877192982456144,59.29405845861228,2.7281203322114753,53.571428571428356,63.82978723404657,10.258358662618214,24.17378008078932,62.300753433769415,2.5772036158829477,1442.3948422717153,227.40748770972704,6.342776382600259,1669.8023299814424,86.38117317082349
S5,baseline,0,669.4,40.677990205423264,1007.1428571428669,0.040472199361213726,25.701967492868945,6.896551724137931,44.827586206896555,59.79150123258109,2.39292906827177,53.70843989769708,65.11627906976699,11.407839172069906,18.298250769102506,54.53963506566634,2.980592831187951,719.9274913177051,232.83798702022926,3.0919675115347776,952.7654783379344,75.56187830961225
S5,baseline,0,699.4,37.29678015263826,980.0000000000182,0.038239100852210585,24.76454322565559,5.084745762711865,44.06779661016949,61.60628787780397,2.4051523772500243,58.011049723756834,67.85137318255066,9.840323458793826,17.66145596492581,49.70083090560408,2.814084580812919,408.0257139067117,186.7772518925726,2.1845578611542753,594.8029657992843,68.59846661295896
S5,baseline,0,729.4,50.014763070879475,967.1428571427896,0.05179797194097866,31.461562770660166,10.0,48.333333333333336,62.30803158239491,3.32162663807412,56.45161290322367,70.94594594594643,14.494333042722765,22.434262835398822,67.07948196807024,2.990046183386339,1748.9458212289571,450.87046731406497,3.8790427584397222,2199.816288543022,79.50417634134872
S5,baseline,0,759.4,50.540140362778416,982.8571428571422,0.05157773460219975,30.523215208543593,11.666666666666666,50.0,61.398792948467815,3.302405100333343,55.190538764780605,70.94594594594643,15.755407181165829,21.71964670876729,68.09455574878966,3.1351594554851947,1079.6917057202375,165.6997882400831,6.515951029194242,1245.3914939603205,86.69496386930017
S5,baseline,0,789.4,46.320859722468384,988.5714285714471,0.046881201704749,35.803278953360746,16.94915254237288,59.32203389830508,60.85907775022128,2.896160987546817,55.190538764780605,67.7419354838655,12.551396719084899,25.517649171820718,60.33318880683389,2.364370965388934,1341.201865505043,335.6342902714909,3.996021575805498,1676.836155776534,79.98407363085151
S5,baseline,0,819.4,61.15934300613663,997.142857142876,0.062086201296926526,37.65295107967885,22.033898305084744,61.016949152542374,61.1496443708698,3.945392347996618,55.776892430278245,70.82630691400266,15.049414483724412,26.805134759337818,82.23390556466528,3.067841527490114,3400.6208287728437,298.10583326763947,11.407427997961266,3698.726662040483,91.94031188281475
S5,baseline,0,849.4,54.01578809804081,1014.2857142857338,0.05391917746529428,32.260594438951415,17.24137931034483,51.724137931034484,60.07746440785458,3.494652317346764,55.925432756323275,70.82630691400266,14.900874157679382,23.010676124885578,72.84174292245152,3.165562912063877,772.7295754519939,251.84143505925897,3.0683178694171933,1024.571010511253,75.41981644263073
S5,baseline,0,879.4,37.58957021870275,1000.0000000000568,0.037626640800772444,28.452131897691938,10.526315789473683,50.877192982456144,60.14320003154937,2.275293391785403,55.11811023622126,65.62500000000023,10.506889763778965,20.27938018536811,49.139579950899744,2.423130268367606,98.4169678510828,260.8477253437126,0.3772966305203589,359.2646931947954,27.39399938688674
S5,baseline,0,909.4,63.63144431318387,950.0000000000455,0.06722995065832899,29.605977170860925,9.836065573770492,42.62295081967213,63.682130318853,4.385403842786869,55.11811023622126,73.55516637477915,18.437056138557885,21.09927835800026,87.47995120903568,4.146111052933984,1932.4580624467992,251.66368488718112,7.678732286357109,2184.1217473339802,88.47757982381839
S5,baseline,0,939.4,54.453466905581095,897.8571428571627,0.06060150244592893,26.47293573692078,7.6923076923076925,36.92307692307693,67.01706769999572,4.076883073537923,58.091286307056535,75.40394973069643,17.31266342363989,18.854978230745864,74.66491754493894,3.959957769836436,266.8248873189453,131.8617305929668,2.0235202899208504,398.6866179119121,66.92597025614212
S5,baseline,0,969.4,70.86592090289665,932.8571428571877,0.07560265892100877,25.33969348341418,6.451612903225806,40.32258064516129,64.37939079958221,4.97363893243018,56.8335588633333,75.40394973069643,18.570390867363123,18.039859947041144,98.58255902502404,5.464707559505933,713.644675279646,70.85871974475425,10.071374106818771,784.5033950244002,90.96769750211848
S5,baseline,0,999.4,60.06249118650404,922.8571428571968,0.06369957821472813,25.522195996383946,3.225806451612903,33.87096774193548,63.882780172314554,3.9837495166049326,56.8335588633333,70.35175879396952,13.518199930636221,18.192988970109578,82.96999968296507,4.560548012164563,814.7712453059329,236.12420046636316,3.4506045703773607,1050.8954457722962,77.53114247318513
S5,baseline,0,1029.4,53.41567967928821,905.7142857142253,0.05767569954043308,23.406106147480607,4.761904761904762,30.158730158730158,64.98858558324233,3.5891917887597673,57.06521739131041,70.35175879396952,13.286541402659111,16.675536058125665,73.67765039939043,4.41830776189583,661.4861740772706,78.00220692683038,8.48035203283126,739.4883810041009,89.45186849035863
S5,baseline,0,1059.4,73.4360441980836,929.2857142856974,0.07985860087079508,29.410028722156937,7.936507936507936,42.857142857142854,65.67399439932743,5.45386868604185,57.06521739131041,79.54545454545153,22.480237154141122,20.963013740297253,101.71655337185723,4.852191322869157,1502.3291554055602,130.32300782353818,11.527735435939027,1632.6521632290983,92.01771138037252
S5,baseline,0,1089.4,59.870772662059025,935.7142857140843,0.06553249190800066,26.1995384754646,4.6875,34.375,65.97319403398647,4.654367807783351,60.34482758620461,79.54545454545153,19.200626959246925,18.61487591800148,82.59845781164027,4.437228492711229,478.5024641595743,149.1628143292879,3.2079205954323498,627.6652784888622,76.23529300706176
S5,baseline,0,1119.4,51.99099765250477,942.8571428570649,0.05569922739470079,25.744989349976372,6.451612903225806,35.483870967741936,64.48786921328715,3.8143567205674676,58.333333333331126,75.81227436824088,17.478941034909752,18.31701422365831,71.2082485652878,3.887546719995174,810.5932363031345,116.25085987488995,6.972793467295649,926.8440961780245,87.45734472989932
S5,baseline,0,1149.4,59.09172682618269,916.4285714285825,0.06412589593326515,28.407123941669063,6.349206349206349,44.44444444444444,65.37927012939593,4.256947260780842,57.14285714285962,75.81227436824088,18.66941722538126,20.24201255507478,81.07974646186675,4.005518040326461,4147.9568947392145,128.72234324703294,32.224062972337364,4276.679237986247,96.99013332345112
S5,baseline,0,1179.4,66.72828376335247,911.428571428587,0.0736479541839306,27.376811281033525,7.8125,39.0625,66.59405187956254,5.156699356817366,57.14285714285962,79.84790874525419,22.70505160239457,19.511361553522907,92.32894713107414,4.732060695907895,657.993956143851,90.37670210619967,7.280570554241478,748.3706582500507,87.92353747305758
S5,baseline,0,1209.4,69.09923226358627,929.2857142855837,0.07520456733981162,27.81830538825811,9.523809523809524,41.269841269841265,65.6925148603735,5.309828965907708,57.53424657535179,79.84790874525419,22.3136621699024,19.828188211869403,95.68829996958232,4.825872084081898,1692.5503130615855,140.99928700386405,12.003963630079927,1833.5496000654496,92.31003693607029
S5,baseline,0,1239.4,42.32430467355576,962.8571428570467,0.04418325931669616,27.43220604336261,6.557377049180328,49.18032786885246,62.75794048738211,2.82555953809951,57.53424657535179,69.76744186045478,12.233195285102994,19.520458195657405,56.58308266639013,2.898655456713502,695.145553791008,152.82394231176957,4.548669163192187,847.9694961027775,81.97766039767465
S5,baseline,0,1269.4,39.51909976542501,967.142857143017,0.04098374942816902,28.11283006841745,8.19672131147541,52.459016393442624,62.328865736715166,2.613312994365641,57.69230769230971,70.70707070707276,13.014763014763048,20.01612208457494,52.181158948749136,2.6069564688037947,940.5514733357419,137.71852846389822,6.829520209274525,1078.27000179964,87.22782529106392
S5,baseline,0,1299.4,45.589725892444406,968.5714285712947,0.04729201699602499,29.028487064033772,10.0,48.333333333333336,62.381107549171844,3.0313019407375794,57.69230769230971,70.70707070707276,13.014763014763048,20.691409817069662,61.063178542215645,2.951136683390261,2201.567518621407,205.01260795423883,10.73869329594023,2406.580126575646,91.48116425917829
S5,baseline,0,1329.4,53.45063312053957,955.7142857142935,0.056452776146973166,26.79987915864664,8.19672131147541,39.34426229508197,63.57727403093795,3.7384729816188176,58.17174515235985,73.17073170730247,14.998986554942618,19.086357952385875,73.14131050293288,3.8321250542086744,204.9999726016815,165.8256027324199,1.2362383686460907,370.82557533410136,55.282048013269694
S5,baseline,0,1359.4,83.08941440530695,955.7142857142935,0.08584572564317065,39.97192892571041,16.666666666666664,51.66666666666667,62.429864327066646,5.233115903276381,50.42016806722458,73.17073170730247,22.750563640077885,28.502216411487705,113.99704045310291,3.9995851132179623,3607.2789422673377,275.34927921779655,13.100738641897959,3882.6282214851344,92.90817293053946
S5,baseline,0,1389.4,86.38226577431234,957.1428571427987,0.08959031232088432,38.03373010699453,11.666666666666666,45.0,62.71514134908055,5.56225017473905,50.42016806722458,75.13416815742201,24.71400009019743,27.095552636447714,119.12020276986335,4.396300912114567,1164.7788172062042,150.5482773702316,7.736912288552825,1315.3270945764357,88.55430881101773
S5,amusement,0,1862.4,49.82925122722037,911.428571428587,0.05525249624307966,26.666400934093183,4.6875,34.375,66.735921401927,3.7925415265492606,58.659217877090576,76.642335766439,17.983117889348428,19.001831659478537,67.85896366225853,3.5711801303328023,1302.0513028399637,225.02331877488686,5.78629499346481,1527.0746216148505,85.2644189360616
S5,amusement,0,1892.4,71.16801997699342,911.428571428587,0.07989133624359125,20.495561158718143,1.5151515151515151,30.303030303030305,67.78987074524335,5.545097926159229,59.23836389281505,78.50467289719425,19.266309004379202,14.60177346118352,99.5819378536075,6.819852267831038,491.47056049017124,54.021419679511034,9.097697976208012,545.4919801696823,90.09675272169775
S5,amusement,0,1922.4,68.53972097568271,878.5714285713766,0.07784078152265395,22.21918140396756,1.5151515151515151,36.36363636363637,68.55083934705476,5.343115887282378,59.23836389281505,78.50467289719425,19.266309004379202,15.796955071888348,95.63390043967476,6.05394520681148,932.9825596164112,64.21613154031661,14.528787973325047,997.1986911567278,93.56034739016481
S5,amusement,0,1952.4,62.52459484677897,884.285714285852,0.06969301973367084,25.81482178027664,4.615384615384616,40.0,67.19803287518766,4.661724623779311,58.252427184467564,76.50273224043703,18.250305055969463,18.259048637391608,86.51738012887981,4.738329025078889,879.7635472324878,129.5347816453579,6.791716757906124,1009.2983288778457,87.1658579094868
S5,amusement,0,1982.4,50.916720744853684,917.8571428570876,0.05516891405348516,25.43053318631582,4.761904761904762,34.92063492063492,65.20823364406665,3.6452933401806384,58.252427184467564,73.81370826010179,15.561281075634227,18.120888925857034,69.68972870771975,3.845822850791728,1365.9032205808237,232.2341499975979,5.881577798075571,1598.1373705784217,85.46844881591473
S5,amusement,0,2012.4,34.84381366650164,912.8571428569785,0.03805838824505741,20.314980007367843,3.1746031746031744,28.57142857142857,65.62881441004556,2.4958942376729674,60.34482758620461,70.9459459459369,10.60111835973229,14.465802204535578,47.10544839220859,3.2563315691845447,600.6090289710975,54.587504271405024,11.002683434379302,655.1965332425025,91.66852974614244
S5,amusement,0,2042.4,35.29034430439523,896.428571428487,0.03924641713075749,20.810877484244877,4.615384615384616,27.692307692307693,66.82798573371643,2.6415500319727636,61.855670103105545,75.13416815742201,13.278498054316465,14.81401244357112,47.65880650590446,3.2171436798399,480.48654428314734,51.3281041045869,9.361081081508503,531.8146483877342,90.34849749622454
S5,amusement,0,2072.4,58.64592775644952,880.7142857144754,0.06688420732699953,23.8541869649368,5.970149253731343,29.850746268656714,68.73535952169071,4.681813372240113,58.98876404493719,80.76923076921946,21.78046672428227,16.910905753955685,81.19551066044366,4.801369710280063,1383.7445189810494,41.9201827563092,33.00902877797661,1425.6647017373587,97.05960435821804
S5,amusement,0,2102.4,71.0718772419543,880.0000000001091,0.08011322716484397,33.2910020324909,10.9375,46.875,68.06537787935349,5.507060319128644,58.98876404493719,80.76923076921946,21.78046672428227,23.589459193343522,97.70343332942002,4.141825911676262,3365.5389204418325,88.06737245868203,38.21550281883134,3453.6062929005147,97.4499880707387
S5,amusement,0,2132.4,84.31675288196361,915.7142857143299,0.09022976952425607,35.00963847348564,11.29032258064516,46.774193548387096,64.68881233303247,5.446225460750519,52.30386052304915,75.00000000002558,22.696139476976427,24.90134215037566,116.61283287968851,4.682993879425463,5486.254663617331,146.10959675978177,37.54890017688066,5632.364260377113,97.40589226823197
S5,amusement,0,2162.4,70.66922096803201,924.2857142858156,0.07575935641126492,28.140188178092465,4.918032786885246,24.59016393442623,64.65891863822877,4.551170145582433,52.30386052304915,74.07407407407906,21.77021355102991,19.50691373033488,98.01917109001862,5.024842599144252,801.2258523518071,52.32086070664065,15.313697854556017,853.5467130584478,93.87018192370944
S5,meditation,0,2685.4,82.11374341090864,891.4285714283778,0.09201200450118852,33.415701476704484,10.76923076923077,38.46153846153847,67.80904804447724,6.3970190260633935,56.98778833106924,82.67716535433189,25.68937702326265,23.749948359851388,113.67178043300578,4.786190635477957,4215.705650501025,145.08676539111877,29.056445218394,4360.792415892144,96.67292657952771
S5,meditation,0,2715.4,60.87895752414502,922.1428571429442,0.06601421510545058,27.685821228876996,9.523809523809524,42.857142857142854,65.3385922411718,4.2808148158047175,56.98778833106924,72.66435986160062,15.676571530531376,19.71476752805937,83.80825066643429,4.251039255073782,1566.8993377714069,40.78685947088625,38.41676849108383,1607.686197242293,97.46300866793229
S5,meditation,0,2745.4,58.25995983466547,880.7142857140207,0.06525115501482569,28.360761803037956,13.846153846153847,43.07692307692308,67.47641162535433,4.309855517772528,58.98876404493719,74.86631016043825,15.877546115501055,20.20859868358827,79.87526763097162,3.952538663447239,2031.9454495369562,53.48011770025648,37.9944087057836,2085.425567237213,97.43552977673005
S5,meditation,0,2775.4,58.96955784098878,905.7142857141116,0.06513205199089679,25.521349606059328,7.8125,42.1875,66.54795848711828,4.341361221177022,58.333333333331126,74.86631016043825,16.53297682710712,18.135026074315455,81.3998669114842,4.488544244596946,883.8105101861869,117.5466777937073,7.518804672108738,1001.3571879798942,88.26126389217396
S5,meditation,0,2805.4,50.80177930636324,930.0000000000637,0.054377591459002374,30.86644270708076,7.936507936507936,53.96825396825397,64.40943666174245,3.484802643645764,56.52759084793241,72.04116638076745,15.513575532835041,21.93053125422659,68.41559296163604,3.119650507711734,979.0553830504621,224.7731669336402,4.355748492610369,1203.8285499841022,81.32847348265594
S5,meditation,0,2835.4,54.05046834304101,924.2857142858156,0.057582453289723314,30.139570004452956,8.064516129032258,50.0,64.12525241071896,3.617014606813916,56.375838926175874,72.04116638076745,15.665327454591576,21.485865587792084,73.35709806247442,3.414202595782537,3692.998567336034,152.22925080908306,24.259454393345038,3845.227818145117,96.04108630207205
S5,meditation,0,2865.4,62.619966561610084,923.5714285714494,0.06617738205308078,28.780267207411363,9.836065573770492,44.26229508196721,63.67241183494899,4.060535555307601,55.40897097624053,71.30730050935041,15.89832953310988,20.514283865990627,86.14919954253718,4.199473893668726,2050.1265326441953,87.93543967576406,23.313996497924283,2138.0619723199593,95.88714261727655
S5,meditation,0,2895.4,66.19814834377343,918.5714285713402,0.07038111675692328,32.618851401526086,16.129032258064516,48.38709677419355,64.09160405753026,4.344761196184596,55.40897097624053,71.30730050935041,15.89832953310988,23.245780032029742,90.68640140060113,3.901198465942926,3141.891181262402,211.0780046457562,14.88497670107936,3352.969185908158,93.70474367814433
S5,meditation,0,2925.4,48.418563247663,960.7142857144026,0.05072087002048209,27.566034346312776,9.836065573770492,44.26229508196721,63.01478968561756,3.2479319869038235,56.00000000000679,70.35175879398828,14.351758793981489,19.653318483162582,65.59315213141738,3.3375102625855493,1245.5032249841893,122.47018699264069,10.169848316301112,1367.97341197683,91.04732694945719
S5,meditation,0,2955.4,26.959995302441268,975.0000000001364,0.027490830141604007,18.051963887809713,0.0,28.8135593220339,61.226637567959145,1.6747464736247566,58.01104972374408,64.318529862195,6.307480138450927,12.858372006208082,35.89352257393073,2.7914515583000066,214.62773456697636,178.14277568553405,1.204807400923444,392.7705102525104,54.644564437638955
S5,meditation,0,2985.4,23.87574729007178,981.428571428296,0.024355315040998093,18.087377758418963,0.0,23.728813559322035,61.2407889724035,1.4883438113028604,58.171745152334196,64.318529862195,6.14678470986081,12.898336502488766,31.204735742949428,2.419283737629918,199.24091609185726,72.3843676044995,2.7525406753636155,271.62528369635675,73.35138812577691
S5,meditation,0,3015.4,30.754244834370134,969.9999999997999,0.031915769562718375,21.090185356425025,3.3333333333333335,26.666666666666668,62.33050383992877,2.0540923938985864,59.32203389828283,68.07131280390404,8.749278905621203,15.038853941328567,40.81029309863077,2.7136571216028114,164.25221617026705,128.84663152019428,1.2747885934800214,293.0988476904613,56.03987100752171
S5,stress,1,3602.4,26.316653315528,599.2857142855428,0.04348916981704614,11.594887038202868,0.0,9.278350515463918,99.3337759021396,4.226065498308145,89.55223880602121,106.06060606058072,16.508367254559516,8.238196507065528,36.29414004726321,4.405592900841267,426.4650013266659,78.38954634258573,5.440330008581584,504.85454766925164,84.47284535625467
S5,stress,1,3632.4,40.4170620561745,599.999999999909,0.06603745490805994,15.39447290162311,1.0416666666666665,19.791666666666664,98.4193975132432,5.918976978980394,79.2452830188312,107.4168797954379,28.17159677660669,10.936766956674184,56.102272137951076,5.129694393251614,1076.6800428062218,82.553588107733,13.042195590591978,1159.2336309139548,92.87860652881105
S5,stress,1,3662.4,58.09221839780771,652.8571428571013,0.08926484891907742,18.302695488139463,2.2222222222222223,24.444444444444443,92.88136404093761,7.818349978515221,72.41379310346872,107.4168797954379,35.00308669196917,13.013050127360014,81.11764421591639,6.23356118834631,853.6748916292464,78.66774882897933,10.851650191301431,932.3426404582258,91.56235643257548
S5,stress,1,3692.4,49.94204391607798,652.8571428571013,0.0754845920712275,16.959290047553118,1.1235955056179776,17.97752808988764,91.16016902054095,6.383293930041178,72.41379310346872,103.44827586208194,31.034482758613223,12.05759069294331,69.59188176585232,5.7716241609180585,1106.0828893141381,123.22476633737338,8.976141097203033,1229.3076556515116,89.9760840363378
S5,stress,1,3722.4,40.02431019384514,630.0000000001091,0.062415143813043604,15.75939319337616,0.0,19.565217391304348,93.91343297992681,5.640916993512564,81.39534883721878,103.44827586208194,22.052927024863166,11.20385169016996,55.48301109610894,4.952137231947531,1574.361392668361,87.31152168140753,18.031542256394005,1661.6729143497687,94.7455650912157
S5,stress,1,3752.4,46.951975379551165,630.0000000001091,0.07305228707794238,19.364192903582126,1.098901098901099,31.868131868131865,93.83153992730574,6.631493421075773,79.39508506614264,106.06060606058072,26.665520994438083,13.742253011363196,64.96250046184826,4.727208879659839,1708.4145320873706,40.39661718761771,42.29102957192739,1748.8111492749883,97.69005262778859
S5,stress,1,3782.4,61.604023347553685,635.7142857145845,0.09477084278598238,18.724642717481245,1.1111111111111112,30.0,93.0884230835176,8.410830278101738,75.40394973072874,106.06060606058072,30.656656329851984,13.314019490127667,86.09789933690821,6.46670972659682,2969.803350419633,38.41117589765866,77.31612690880043,3008.2145263172915,98.72312378117918
S5,stress,1,3812.4,57.75155048838886,640.0000000003274,0.08792690470877342,15.527752931817753,0.0,18.88888888888889,92.02277850308018,7.765291246038618,75.40394973072874,105.26315789470661,29.85920816397787,11.00522876893283,80.92816634132586,7.353610546450587,1456.7745597938413,36.78913619104377,39.59795501119947,1493.563695984885,97.53682174453334
S5,stress,1,3842.4,55.78464105717865,672.8571428570831,0.08149933388152625,16.118103733271834,0.0,22.07792207792208,88.22364030179348,7.053955083384532,74.07407407407906,100.96153846158614,26.88746438750708,11.444565144115352,78.05686570967748,6.8204308968273315,728.5769283061447,51.05838914191679,14.269485202148958,779.6353174480615,93.45099073897222
S5,stress,1,3872.4,46.15897434948443,714.2857142857792,0.064341493355148,16.340485369733283,0.0,23.28767123287671,83.97129122945009,5.315731912580848,73.04347826088112,93.33333333337106,20.289855072489942,11.626409904271322,64.23494702053225,5.524916767035157,978.4923810490549,24.399673178568275,40.102683912525706,1002.8920542276231,97.56706885095826
S5,stress,1,3902.4,50.068472615836654,695.7142857143026,0.07253680965209189,15.27970509383003,0.0,17.647058823529413,87.37751679483817,6.337926154493206,73.04347826088112,99.76247030877695,26.71899204789584,10.838060566861763,69.97314015616712,6.456241845530518,1014.6791940260547,24.558495953325547,41.31682966068016,1039.2376899793803,97.63687400965867
S5,stress,1,3932.4,37.56986578568519,648.5714285713584,0.05716048938606503,12.48434011045059,0.0,12.359550561797752,91.57711195796692,5.146469106667016,80.92485549133572,100.96153846158614,20.036682970250425,8.87688967668224,52.3850213322168,5.901281106356595,271.4162116968352,17.543033028226645,15.471453041223144,288.95924472506186,93.9288901987135
S5,stress,1,3962.4,52.398728831831875,661.428571428587,0.07728276345592361,15.10366017052247,1.1627906976744187,13.953488372093023,88.97904632565424,6.380997406896822,71.9178082191819,100.96153846158614,29.04373024240425,10.69095237907125,73.32773761416705,6.858859249781562,937.7679702810107,74.85976238080231,12.526996352335471,1012.627732661813,92.6073758434381
S5,stress,1,3992.4,50.342991678063484,710.0000000000364,0.07067091467322617,15.495788538182977,1.2195121951219512,13.414634146341465,84.63419465834141,5.844529649714009,71.9178082191819,94.59459459464188,22.676786375459983,11.011109076896823,70.3391007839297,6.388012351227459,1232.0607912642665,38.5849070435976,31.931158726704837,1270.6456983078642,96.96336224212763
S5,stress,1,4022.4,35.08458985726306,715.714285714057,0.049028842236575616,13.414674814826684,0.0,11.39240506329114,84.04834001240336,4.1715191806021075,75.13416815742201,93.54120267260086,18.40703451517885,9.534971666293098,48.69231157203075,5.106707526374938,506.8377369330092,75.43186279692517,6.71914650043177,582.2695997299344,87.04519988130728
S5,stress,1,4052.4,33.292699640389955,705.7142857142935,0.047107278313860496,14.053469322536637,0.0,11.25,85.08415885267918,4.0371576832989415,76.64233576641675,93.75000000008527,17.107664233668515,9.999709373185446,46.00884166268773,4.601017884185912,466.0025424203158,78.3792259002563,5.9454853893726956,544.3817683205721,85.60215817990054
S5,stress,1,4082.4,44.66353182730261,694.2857142857974,0.06379279235019754,17.24459606066907,0.0,23.809523809523807,86.03703930338924,5.3936247187710205,74.99999999998295,96.77419354840413,21.77419354842118,12.254377801902413,61.96363752448034,5.056449093226168,1736.8865194979999,103.81797551092734,16.730113556444607,1840.704495008927,94.35987819922047
S5,stress,1,4112.4,48.39847661231237,681.4285714290236,0.07056759303030616,17.67045268127655,0.0,30.23255813953488,87.90870078632916,6.11906651447701,74.99999999998295,99.76247030885239,24.76247030886944,12.56638198851283,67.28232398263214,5.354152376088535,1613.506828220199,98.27939224085463,16.417549919986847,1711.7862204610535,94.25866436672308
S5,stress,1,4142.4,45.12895207431584,672.8571428575378,0.0660757123942355,17.479393250880904,0.0,26.744186046511626,88.22053490107501,5.70447350032263,74.07407407403748,99.76247030885239,25.688396234814903,12.428196292893494,62.60019622618687,5.036949429418168,1597.781470267923,88.02401269610776,18.15165454663002,1685.8054829640307,94.77851901742889
S5,stress,1,4172.4,37.32226938147372,664.2857142860521,0.05496399790418435,15.294141806937573,0.0,17.441860465116278,88.60557219348034,4.507341590312675,74.07407407403748,93.54120267266718,19.4671285986297,10.876936227669987,51.6487738660443,4.74846710369178,448.17523526673034,45.15533134931451,9.925189825310273,493.33056661604485,90.84684096121323
S5,meditation,0,5477.4,61.3376322528568,910.7142857142208,0.06669237494667743,32.34091161830425,14.285714285714285,42.857142857142854,65.52208097850125,4.339056160202356,56.603773584884294,74.20494699652795,17.601173411643657,23.034387030764734,83.63030117660904,3.6306718761351187,2360.1060136462606,307.83493519396217,7.666790684946767,2667.940948840223,88.46170357227055
S5,meditation,0,5507.4,65.83220982120847,922.8571428575378,0.07061514492047039,40.30210144858814,17.741935483870968,51.61290322580645,64.67635256583083,4.574754295185914,56.603773584884294,74.07407407403748,17.47030048915319,28.708165098966614,88.56410647964393,3.084979697390409,1681.3227240350484,304.0611623155752,5.529554354232384,1985.3838863506235,84.6850191337819
S5,meditation,0,5537.4,64.12340542471203,932.1428571429351,0.06879963029642239,39.013175450938235,19.047619047619047,49.2063492063492,64.67585290671485,4.4463482786873545,56.83355886328434,74.07407407403748,17.240515210753145,27.793849912179365,86.319894309384,3.1057192358068506,2719.5974999219743,295.5695021191738,9.201211493144617,3015.167002041148,90.19724274247216
S5,meditation,0,5567.4,53.02741111305355,944.2857142857974,0.056687000462649344,31.803896316910155,14.516129032258066,40.32258064516129,64.34422797220884,3.657645510853104,56.83355886328434,74.07407407412065,17.240515210836307,22.665045362638157,71.48502204948352,3.15397657078251,2024.2242653483972,74.79842283721848,27.062392341529105,2099.0226881856156,96.43651194157059
S5,meditation,0,5597.4,48.319126956372386,911.428571428587,0.053149287477697565,25.166537144266528,6.25,42.1875,66.1832095172586,3.548106150883571,59.15492957747691,74.07407407412065,14.919144496643732,17.934723763888318,65.93801440114106,3.676555896216683,611.5793688022954,193.9624332001908,3.153081546317155,805.5418020024863,75.921493742718
S5,meditation,0,5627.4,61.893706495811635,917.8571428574287,0.06695735658776122,27.064572630519095,4.761904761904762,46.03174603174603,65.18902825125531,4.263535047930649,56.30026809650761,73.04347826080024,16.743210164292634,19.256127794310167,85.38655251237485,4.434253523057995,1603.4405519757947,166.1786046035569,9.648898880821838,1769.6191565793515,90.60935772616874
S5,meditation,0,5657.4,66.40740263547741,961.4285714287689,0.06921321224669554,35.155146902562336,15.0,60.0,62.83234871980287,4.376312101747077,55.19053876479215,71.67235494882058,16.481816184028432,25.05758961245626,90.50968706384167,3.6120667815091374,3909.2387386783103,182.41669004875646,21.43026900462587,4091.655428727067,95.54173871123093
S5,meditation,0,5687.4,59.058125277193525,978.5714285717404,0.06084353389476107,34.312489544968734,18.333333333333332,58.333333333333336,62.042609765971136,3.8309151756816764,55.19053876479215,71.67235494882058,16.481816184028432,24.45883790221351,79.8591858898312,3.2650441615054815,1578.4939066456336,138.59604341167417,11.389170049804427,1717.0899500573078,91.92843430205573
S5,meditation,0,5717.4,49.144397023602785,952.1428571433717,0.05130536973983342,29.439392294440715,13.114754098360656,49.18032786885246,62.79999551111843,3.208837257229119,56.149732620344615,69.42148760329326,13.271754982948643,20.98539907794571,66.2567471520173,3.1572783965613893,778.7417731947062,363.2442267053307,2.1438517557677073,1141.9859999000369,68.19188442440388
S5,meditation,0,5747.4,50.270402766191,951.4285714285506,0.05268619850404909,30.750618453945325,11.475409836065573,49.18032786885246,63.05176504541379,3.255997537141724,55.26315789475404,69.42148760329326,14.15832970853922,21.889576584909523,67.63928758852734,3.0900226564984017,925.8380101664548,177.52647996333016,5.2152107694451875,1103.3644901297848,83.91044105992135
S5,meditation,0,5777.4,50.990257319621804,982.1428571426623,0.05185826591336255,32.84819332802841,13.559322033898304,54.23728813559322,61.18324043094598,3.179583994270428,55.26315789475404,67.52411575568348,12.260957860929445,23.425311396929068,68.20020138532873,2.9113893185756927,1458.9429161371577,86.51494203918506,16.863479091003278,1545.4578581763428,94.40198633812807
S5,meditation,0,5807.4,53.943444190965636,971.4285714289872,0.05590604759482177,28.52019215481786,10.0,45.0,62.375523647410645,3.5091693708977014,55.70291777185668,70.23411371237971,14.531195940523027,20.337008436417477,73.52684156296075,3.6154207140562646,754.7244549555811,310.93478082483176,2.4272757552355095,1065.659235780413,70.82230694532241
S6,baseline,0,642.7,67.62276762081055,878.5714285714903,0.078720196574803,30.929478706590608,8.823529411764707,60.29411764705882,70.30538197592537,5.94121507428107,61.13537117903521,86.95652173912356,25.82115056008835,21.942961686527003,93.0815977184529,4.241979685705101,843.9838974832966,428.8769064443386,1.9678930826107146,1272.860803927635,66.30606385859603
S6,baseline,0,672.7,55.445193827360875,879.9999999999955,0.06357199147735466,34.15754294254815,10.44776119402985,61.19402985074627,69.076842563421,4.522094781129438,61.13537117903521,79.84790874524211,18.712537566206898,24.310729052998074,74.5474848000853,3.066443817360215,975.3609101822027,395.09967350247865,2.468645194099569,1370.4605836846813,71.17030010157636
S6,baseline,0,702.7,56.34651429646478,867.8571428571331,0.06502992145552626,31.245346896951432,7.462686567164178,61.19402985074627,69.53856063849423,4.569135725211269,62.03840472673264,79.84790874524211,17.80950401850947,22.224809628549526,76.52396476724238,3.4431775140580414,1042.9891762680202,395.9171546536354,2.634362174027215,1438.9063309216556,72.48485560557367
S6,baseline,0,732.7,50.206378539895915,852.8571428571468,0.05839075568208459,30.31299310560111,10.294117647058822,52.94117647058824,70.01369465323896,4.055078828350094,60.51873198847611,78.79924953095288,18.280517542476765,21.53663853474753,67.65747625212066,3.1415058642025815,666.8584286842869,179.38091121340727,3.7175551410313306,846.2393398976942,78.80257951195065
S6,baseline,0,762.7,63.621338450599524,883.5714285714857,0.07139262676198531,36.88371135427037,20.0,60.0,67.66241302947239,4.7556232199507305,58.252427184467564,77.7777777777863,19.525350593318734,26.282899694030004,86.04974489308509,3.273982166915576,1700.0490258491104,657.6566445685562,2.585010035083576,2357.7056704176666,72.106075290897
S6,baseline,0,792.7,48.15342108638978,905.7142857142253,0.05314560373140092,33.309674852438405,14.0625,60.9375,66.40206262966862,3.479751901065029,58.252427184467564,72.9166666666639,14.664239482196336,23.722369184473926,63.83379296988278,2.690869216033507,782.431077603633,290.8840090866362,2.689838743836192,1073.3150866902693,72.89854464045395
S6,baseline,0,822.7,51.789838706784025,887.1428571428623,0.05846958344201462,33.82582985848285,12.121212121212121,63.63636363636363,67.96794411652911,3.9919547826675084,59.40594059405994,77.63401109056531,18.228070496505367,24.08457676447368,69.16869196844468,2.8719081362672316,913.7673478299356,528.5633210204061,1.7287755534490787,1442.3306688503417,63.35352686900049
S6,baseline,0,852.7,60.294920016225475,908.571428571463,0.0669315770381224,36.97340891820903,16.923076923076923,66.15384615384615,66.90742526448258,4.611418141038508,59.40594059405994,77.63401109056531,18.228070496505367,26.31779948739601,81.10689360139047,3.081826565333997,543.2132771193686,343.73772801510626,1.5803132238527393,886.9510051344748,61.24501511072864
S6,baseline,0,882.7,45.04195192919982,919.2857142857065,0.04889813765062037,35.24636784673535,17.46031746031746,61.904761904761905,65.29396076533925,3.274517422482751,58.17174515235344,75.9493670886111,17.77762193625766,25.09616602469621,58.546881369083856,2.332901420538501,757.3722586100845,537.2842604286134,1.4096304589416002,1294.6565190386978,58.49986057865332
S6,baseline,0,912.7,59.74287527393143,914.285714285711,0.06566737105843404,38.69770994646985,17.1875,67.1875,66.24263867299936,4.551718081792381,57.77166437413864,83.00395256916899,25.23228819503035,27.5782414655447,79.86152321150134,2.895816374342706,862.5509274835733,538.9923803528411,1.6003026367811002,1401.5433078364144,61.54293789287949
S6,baseline,0,942.7,65.73228969804981,930.0000000000637,0.0718187297392486,37.10893024706462,15.625,60.9375,65.90775619703376,5.001389634714042,57.77166437413864,83.00395256916899,25.23228819503035,26.438561994435208,89.1205377988884,3.37085420219324,1035.7166194226659,431.9221571361204,2.3979242609131983,1467.6387765587863,70.57026810446774
S6,baseline,0,972.7,58.814274505853,931.4285714285688,0.06416519330465156,37.19427802913709,19.047619047619047,53.96825396825397,65.73021475161484,4.3049340263236235,58.823529411765755,74.86631016043825,16.04278074867249,26.510611514238736,78.83796831756113,2.9738268494944977,1923.958950564362,301.568260856133,6.379845627992699,2225.527211420495,86.44958105618265
S6,baseline,0,1002.7,53.90850911301848,905.7142857141116,0.05947713784292777,41.51200035496092,21.875,67.1875,66.43252382540088,4.0168246122126865,58.823529411765755,77.20588235295331,18.382352941187555,29.585253807831194,70.2635571737085,2.3749519821631475,1670.1198054737424,608.328696088226,2.7454233479584604,2278.4485015619684,73.30074848427813
S6,baseline,0,1032.7,44.35768257179737,922.8571428570831,0.04848241747379902,36.439074116256364,17.1875,62.5,65.73623542429733,3.2964482662936505,59.829059829054174,77.20588235295331,17.376822523899136,25.96501595944858,57.1053933749366,2.1993205574809647,856.3775851461903,662.6706655029365,1.2923125011067742,1519.0482506491267,56.375930440671596
S6,baseline,0,1062.7,49.78350894574499,911.428571428587,0.05464380520182842,37.54546563562944,21.875,62.5,66.0532499630417,3.6426634944733585,58.98876404495038,75.8122743682191,16.823510323268714,26.727482999822957,65.1339940307388,2.4369669987694036,1340.5507363366924,349.1368975820275,3.8396134743155828,1689.6876339187197,79.33719282940423
S6,baseline,0,1092.7,57.33066664115294,905.714285714339,0.06344664426162541,43.57106264483482,28.125,73.4375,66.66627833704153,4.261513837676015,58.823529411765755,76.2250453720415,17.401515960275752,31.052261498988305,74.8957123661726,2.411924566866498,2448.547689725124,406.84511383083816,6.0183780177908295,2855.3928035559625,85.75169366105519
S6,baseline,0,1122.7,46.541915748144824,915.7142857143299,0.05113261297936945,38.35587920240451,17.1875,64.0625,66.09254474620248,3.4713672994816425,58.823529411765755,76.2250453720415,17.401515960275752,27.332477054085313,59.8768364319853,2.1906845952345058,545.6504740865676,488.64187186813183,1.1166674521781883,1034.2923459546994,52.75592304445674
S6,baseline,0,1152.7,39.56082493707635,904.2857142856064,0.04374070603219705,31.073994146971305,10.9375,56.25,66.46580160256023,2.9373714095805474,62.038404726739934,72.79029462738612,10.751889900646184,22.14216565924719,51.379395085213474,2.3204322411776372,625.6608124128359,432.913933463259,1.4452314052532917,1058.5747458760948,59.104075064158856
S6,baseline,0,1182.7,40.60597459346133,902.8571428573287,0.04486248801696063,34.21961634587403,17.1875,57.8125,66.41994638163467,2.9588703407845527,59.154929577463655,72.79029462738612,13.635365049922463,24.388018978845757,51.98956506508892,2.131766631401461,1094.3801511316383,470.32725288499597,2.3268482623932387,1564.7074040166342,69.94152058859972
S6,baseline,0,1212.7,59.98572393514906,886.4285714284961,0.06815908668273393,32.66468152964098,11.940298507462686,52.23880597014925,68.50185182557115,4.88559332729894,59.154929577463655,81.39534883721878,22.24041925975512,23.175751189377117,81.60550660865917,3.5211590744926546,283.9132663264833,546.0248491250486,0.519964003069506,829.938115451532,34.20896824000172
S6,baseline,0,1242.7,57.06372397937325,871.428571428396,0.06634837553751041,33.937305377381726,11.76470588235294,45.588235294117645,70.07699616839824,4.826517501300523,61.67400881056494,81.39534883721878,19.721340026653834,24.17386687908583,76.9945540210503,3.185032597646288,2269.751624207795,557.1486718803594,4.073870653855198,2826.9002960881544,80.29118067406417
S6,baseline,0,1272.7,59.05694475422328,904.2857142858338,0.06499820967845865,40.27013376521631,17.1875,54.6875,66.31759361374199,4.416240260287187,57.37704918033193,79.09604519773416,21.718996017402226,28.6580143506776,78.44847774739239,2.737401021140096,1602.9371016194632,667.7632730316312,2.400457117598221,2270.7003746510945,70.59218906703018
S6,baseline,0,1302.7,108.81268505094933,890.0000000001,0.1267552441444387,36.19383922160361,16.176470588235293,51.470588235294116,71.11543261220918,9.83720749509523,57.37704918033193,89.55223880599081,32.17518962565888,25.546310027679464,151.74909192467632,5.940156983934508,853.7916368370896,306.9673659641881,2.7813759099613735,1160.7590028012778,73.55459960048735
S6,baseline,0,1332.7,95.10630041216639,749.2857142857474,0.12234687902133363,31.355325904638917,12.0,42.66666666666667,78.30157050993107,9.284022510478534,63.06306306304937,92.51101321586904,29.447950152819672,22.311769081134557,132.63710535385115,5.9447148664693215,721.9315162789728,220.20353436832644,3.2784737917576936,942.1350506472993,76.62717948801136
S6,baseline,0,1362.7,82.371883562086,803.5714285714448,0.10333390411014358,34.567498280595586,12.32876712328767,50.68493150684932,76.08569394332015,8.052744964992193,63.444108761328174,92.51101321586904,29.066904454540868,24.54937425829419,113.87529418911684,4.6386230863152536,1229.6368184031437,231.1354998149272,5.319982518426325,1460.772318218071,84.17717142279373
S6,baseline,0,1392.7,65.20840158187579,875.7142857143663,0.07589132301401401,37.37203055049483,14.705882352941178,61.76470588235294,70.24832806985793,5.617281131735069,61.946902654861276,84.3373493975939,22.39044674273262,26.60128193403497,88.2986017623855,3.319336338051137,2590.945490450683,299.2868030865037,8.65706560974496,2890.2322935371867,89.64488758375111
S6,baseline,0,1422.7,61.73702554880968,894.2857142858429,0.06982411734926144,42.074013767503374,21.21212121212121,68.18181818181817,68.1964533560171,4.910737858684989,60.34482758620461,80.0,19.65517241379539,29.97393933321378,82.00294877672131,2.735808192080204,3044.897105191266,434.769091142677,7.0034810827709695,3479.666196333943,87.50543682607444
S6,baseline,0,1452.7,56.7759250996915,861.4285714286325,0.0654509223497934,39.18955084614261,19.402985074626866,68.65671641791045,69.4566176788577,4.493773354611623,60.34482758620461,80.0,19.65517241379539,27.920006504574214,75.28269773750202,2.6963710672906984,1880.8673796271692,357.881572877426,5.255558045374312,2238.7489525045953,84.01421595409137
S6,baseline,0,1482.7,79.79126330229326,818.5714285714312,0.09805525358922583,36.81248063032914,13.88888888888889,54.166666666666664,74.49496131332005,7.960484014653908,59.07172995780863,95.89041095892661,36.81868100111798,26.201921162519326,109.75769096580387,4.188917686036218,985.1153347713455,375.7134682239121,2.621985683473692,1360.8288029952575,72.39083510012821
S6,baseline,0,1512.7,94.85528314373667,828.5714285714221,0.11371834166932945,37.921201097940425,17.142857142857142,48.57142857142857,72.93734555284233,9.067244658279527,59.07172995780863,95.89041095892661,36.81868100111798,26.99893348377614,131.40055963083086,4.8668796384046225,1832.966393978246,665.4849974408469,2.754331654397924,2498.451391419093,73.36410066946074
S6,baseline,0,1542.7,98.11743847016382,860.0000000000136,0.11780247194545822,48.63897386017117,27.536231884057973,59.42028985507246,73.12780175515131,9.452583785462298,59.40594059405994,94.3820224718995,34.97608187783956,34.61224442093054,134.37282463369792,3.8822337840778878,2297.820762651721,442.8444845470581,5.188775840805458,2740.665247198779,83.84171561996901
S6,baseline,0,1572.7,94.01097276434147,765.7142857143526,0.12073007708233066,53.14272913450019,30.555555555555557,62.5,78.11738386579277,9.024861300550247,56.14973262032072,94.3820224718995,38.232289851578784,37.65421061640873,127.50798572266226,3.386287579405464,4252.754721402985,2722.9136143673904,1.561839750979768,6975.668335770375,60.96555221232893
S6,baseline,0,1602.7,75.09583507539085,755.7142857144754,0.09665909928062216,35.11592686831646,9.58904109589041,49.31506849315068,77.8903850488391,7.001589432431956,56.14973262032072,89.36170212765872,33.211969507338,24.931693096532925,103.23361647584036,4.140658080304877,2281.3813475940137,273.53142461745216,8.340472582938665,2554.912772211466,89.2939035887049
S6,baseline,0,1632.7,63.40003182696567,834.2857142856701,0.07778864834705002,25.16836728948058,2.7777777777777777,48.61111111111111,74.08147749666716,6.072998082728479,63.54009077155265,89.17197452227079,25.63188375071814,17.915910452389102,87.8529921174145,4.903629784870867,116.4025235596141,301.36286384951353,0.38625370781497503,417.76538740912764,27.86313253032098
S6,baseline,0,1662.7,42.16478872984932,857.1428571428896,0.04916731357648817,27.63160151277325,7.352941176470589,47.05882352941176,70.13359425943267,3.500712000009946,62.499999999997634,82.19178082191576,19.691780821918123,19.665912948260665,56.29378904619132,2.8625057577695716,683.8425860159177,574.1771157164021,1.190995891855923,1258.0197017323198,54.35865472331252
S6,baseline,0,1692.7,44.44410880166899,854.2857142856519,0.052091787112538916,25.49980580393965,4.411764705882353,42.64705882352941,70.51481791324814,3.7181111095693553,62.499999999997634,82.19178082191576,19.691780821918123,18.154269543084347,60.17458027860453,3.31462415140395,641.7032648162739,140.0474629539648,4.582041339993492,781.7507277702387,82.08540676982578
S6,baseline,0,1722.7,71.44145893740945,827.1428571429169,0.08784490475243337,28.233116079121483,9.722222222222223,41.66666666666667,74.36618867122488,6.828225769147349,64.91499227203359,91.30434782608876,26.38935555405517,20.094313092778737,99.01506295276747,4.927516680744382,841.5699465855308,337.4215437094606,2.4941203733872164,1178.9914902949913,71.38049371119418
S6,baseline,0,1752.7,91.58160338873314,865.714285714148,0.10936364853600605,31.93241770193776,14.285714285714285,52.85714285714286,72.54053534108675,8.293020740676964,59.91440798857809,91.30434782608876,31.389939837510667,22.74098423663648,127.50383443038679,5.606786104929174,1310.0864407637125,254.32345754141,5.151260734768828,1564.4098983051226,83.7431700082604
S6,stress,1,2440.7,60.638007305908964,707.142857143026,0.08577547222833547,34.4902105681069,14.457831325301203,56.62650602409639,85.50626115173756,7.516212193121361,72.04116638080679,105.00000000002387,32.95883361921709,24.4416990983277,82.19817032787131,3.363030123118376,428.7607068387047,891.662196923993,0.48085553959539806,1320.4229037626976,32.47146846793566
S6,stress,1,2470.7,51.032857626049676,735.7142857142662,0.06946790216239536,36.34879396960625,18.9873417721519,54.43037974683544,82.07080813147279,5.803980489088054,71.67235494882058,98.36065573768438,26.6883007888638,25.865788370145395,67.3770443619499,2.604871090637906,1029.6756564674793,664.8799360328752,1.5486640529585278,1694.5555925003546,60.76375782680401
S6,stress,1,2500.7,68.45478026620654,724.2857142855428,0.09344631262263874,42.13801424958927,18.75,53.75,82.5839935410437,7.425282695573679,62.314540059353405,98.36065573768438,36.04611567833098,29.977861460287244,92.05129931107473,3.070642628494978,540.1817865797443,714.5584394143109,0.7559658619699535,1254.7402259940552,43.05128467143793
S6,stress,1,2530.7,82.93368921790011,754.2857142857429,0.10982621743216768,56.64526945425376,28.205128205128204,67.94871794871796,80.39640609373599,8.731355030381714,62.314540059353405,98.36065573768438,36.04611567833098,40.31337283396578,110.14002717147001,2.7320965582585095,3530.7916014030097,3006.825257669745,1.1742589937332548,6537.616859072755,54.00731914264841
S6,stress,1,2560.7,80.1035736062845,787.1428571429533,0.10382298411433472,58.260683111013634,34.21052631578947,71.05263157894737,78.62609662690645,8.433282905906317,64.51612903226942,98.36065573768438,33.844526705414964,41.468565951181965,105.42069553435583,2.5421832927249093,1689.9535970944078,3317.807571587653,0.5093585328957831,5007.761168682061,33.74668919243145
S6,stress,1,2590.7,81.28173675801166,791.4285714286962,0.10391935775459006,58.325383326118434,33.33333333333333,69.33333333333334,77.56371798851983,8.3651341177062,64.41717791411061,96.55172413792296,32.13454622381235,41.47015620285817,107.20852393960077,2.5851970128873503,2628.2546693638737,1595.4943234697726,1.6472980384211735,4223.748992833646,62.225635894159026
S6,stress,1,2620.7,86.90459653375709,792.8571428574287,0.110423818142753,62.366238550827184,31.08108108108108,72.97297297297297,77.20071009468026,8.88403501306032,64.41717791411061,96.55172413792296,32.13454622381235,44.39550717705858,114.60303983700409,2.5814107580738557,5912.696143636002,1598.2267535752949,3.6995352070093133,7510.922897211296,78.72129995944049
S6,stress,1,2650.7,76.80584184437033,792.8571428574287,0.09820283716493589,47.145782055058774,20.27027027027027,60.810810810810814,77.47992223410115,7.935552001102969,64.91499227201761,94.80812641083872,29.89313413882111,33.54840488473582,103.30914389604965,3.0794055410680423,2421.6079779109605,648.8525539513602,3.73213908639788,3070.4605318623207,78.86790768947573
S6,stress,1,2680.7,62.899450332494204,781.4285714284779,0.08137373565703743,40.59489596278779,25.333333333333336,62.66666666666667,78.14227473364932,6.49002995510934,67.30769230768976,93.33333333337106,26.025641025681296,28.898113046901358,84.12835887254856,2.911205957842612,2125.1298164036707,1000.1071957070536,2.1249020360274993,3125.237012110724,67.99899681747335
S6,stress,1,2710.7,70.74942511868029,792.857142856974,0.08878133754166734,47.0251250162035,29.72972972972973,63.51351351351351,75.89695923858211,6.9271987642886685,65.21739130434267,90.51724137928622,25.29985007494355,33.4773966153354,94.28799618778113,2.816467399516648,1073.7847226474505,2550.6394608078535,0.42098647776246473,3624.424183455304,29.626353547386664
S6,stress,1,2740.7,72.46179253054547,805.7142857144299,0.09025056150714746,36.72579334911591,13.698630136986301,46.57534246575342,75.35816590358284,7.093831914946213,65.21739130434267,94.17040358744318,28.953012283100506,26.148716930984797,99.08414280974964,3.789254481252973,363.52973939502664,385.3239014435331,0.9434393714823832,748.8536408385597,48.5448316693699
S6,stress,1,2770.7,75.2823326202893,724.2857142857702,0.10245481254826956,33.045298204138845,13.924050632911392,45.56962025316456,82.48796251453446,8.274016498478323,65.83072100313368,99.76247030877695,33.93174930564328,23.415084888696803,103.85852400818563,4.435539076705265,1177.6746466689533,1123.697500454594,1.0480352997070141,2301.3721471235476,51.172716596093
S6,stress,1,2800.7,82.74805556673876,727.8571428569194,0.1111911484520066,47.45716909464048,26.582278481012654,58.22784810126582,81.58579470651992,8.82937718070832,63.15789473682396,99.76247030877695,36.60457557195299,33.7596962995614,112.04804463226277,3.3189885251935305,1110.3030787917523,1050.021224226672,1.0574101295995013,2160.3243030184244,51.39520382381604
S6,stress,1,2830.7,68.90303239168966,798.5714285714494,0.08711610636171191,55.22430818049321,33.78378378378378,68.91891891891892,76.43351643889326,6.710600784049008,63.15789473682396,93.54120267260086,30.383307935776898,39.299482626564405,89.16729451331824,2.268917770765913,1060.1860367775073,4167.178002660254,0.25441342704840136,5227.364039437761,20.281465548964096
S6,stress,1,2860.7,63.485674769967524,760.0000000002183,0.0831440827607457,50.601908744972995,36.84210526315789,69.73684210526315,79.12964371189962,6.738534699973546,67.85137318257684,96.33027522932484,28.478902046748004,36.01410741207124,82.24260373619002,2.2836218817024982,418.2528099693915,2653.2678618953328,0.15763685829692942,3071.520671864724,13.617125022162707
S6,stress,1,2890.7,59.32332537493249,757.1428571427532,0.07924871710391744,44.49789651596807,30.76923076923077,64.1025641025641,80.66938424579193,6.626126439385794,69.4214876033298,96.33027522932484,26.908787625995046,31.659396874850742,77.69296272250729,2.4540253571357264,482.8906382844689,1491.5334911940888,0.32375447224981674,1974.4241294785577,24.457290157409066
S6,stress,1,2920.7,71.80069432465412,740.0000000000091,0.09667337185469915,45.58866102387181,27.848101265822784,67.08860759493672,81.54246893835757,7.979263714175077,66.87898089173699,98.82352941179643,31.944548520059442,32.4405645112373,96.22000408021758,2.9660397570112353,2378.864467043947,1933.3162111100091,1.2304580354592525,4312.180678153956,55.16615941200169
S6,stress,1,2950.7,73.76709396594143,731.428571428296,0.10016030623024715,47.58236682485131,27.500000000000004,65.0,82.26650761356308,8.122319172167362,66.87898089173699,98.82352941179643,31.944548520059442,33.8412648464482,98.68098650678668,2.915995810279051,2744.2186707514584,1566.8328947144041,1.7514431053936121,4311.051565465863,63.655436013206476
S6,stress,1,2980.7,87.96785208449556,767.1428571429715,0.11343537257356867,54.96715160077615,30.666666666666664,70.66666666666667,78.30985096203577,8.487869189671136,55.482166446518136,95.45454545455334,39.972379008035205,39.12147956856133,118.09401270634349,3.018648936816945,2078.0856702790607,1925.7039045784716,1.0791304236016206,4003.789574857532,51.902969210188964
S6,stress,1,3010.7,86.34709688948291,805.7142857142026,0.10654472390439175,63.22560655513951,38.88888888888889,73.61111111111111,74.8508610321918,7.848213646512779,55.482166446518136,92.92035398229191,37.43818753577378,44.9514884949166,113.53856597903146,2.525802143167542,6091.939913472508,2425.6653907947143,2.5114510585801044,8517.605304267223,71.5217446201753
S6,meditation,0,4519.7,64.71279392325029,931.4285714290236,0.06899819182358508,47.219251047834945,29.03225806451613,79.03225806451613,64.27587519972079,4.472510447588974,56.22489959837797,75.8122743682191,19.587374769841126,33.64362578470392,85.10932874112522,2.5297311676739724,2047.8184299407112,512.9594280306936,3.9921645222557003,2560.777857971405,79.9686088961637
S6,meditation,0,4549.7,58.90513683650368,925.7142857140934,0.06364456425151416,47.80845587276116,25.806451612903224,72.58064516129032,65.09168787970965,4.235342084390326,56.52759084788397,78.06691449811329,21.53932365022932,34.07253168887868,76.01771422349401,2.2310556467486182,721.930341880892,751.3955339040431,0.9607860431774753,1473.325875784935,49.00004498300646
S6,meditation,0,4579.7,78.97955637325548,880.7142857144754,0.08850645219017632,52.99210568856561,32.30769230769231,70.76923076923077,67.75767760751906,5.992682962966034,56.52759084788397,81.081081081105,24.553490233221027,37.761853950988296,105.11699689401667,2.783682099677883,3991.4186037227773,1283.142589932791,3.1106586555838986,5274.561193655569,75.67299832493741
S6,meditation,0,4609.7,73.20171793398389,904.2857142853791,0.08141160223754892,45.39448579568881,21.53846153846154,75.38461538461539,67.17909276881343,5.628355035907821,59.40594059410006,81.081081081105,21.67514048700494,32.26763023141505,98.3655582824687,3.048428334433502,3554.8589273195144,402.05934480932956,8.841627419468017,3956.918272128844,89.83907887000609
S6,meditation,0,4639.7,55.441728223209964,924.2857142853609,0.060432832710457976,39.44874438753835,17.46031746031746,71.42857142857143,65.644210224983,4.089091278263892,59.74395448076783,76.50273224050356,16.75877775973573,28.032478077440807,73.22397578382612,2.6121121215734853,1577.5233281965304,682.1997960704093,2.3124066252780224,2259.7231242669395,69.81046975426617
S6,meditation,0,4669.7,54.911551890217304,906.4285714284779,0.06102017311673002,41.408104076407426,12.307692307692308,70.76923076923077,66.92498095549352,4.173414846805442,60.43165467625266,76.50273224050356,16.0710775642509,29.48801907946351,71.84019621878306,2.4362503301829146,2026.4963313766139,362.43157795454675,5.591390084753489,2388.9279093311607,84.82869338422111
S6,meditation,0,4699.7,90.05489659819612,909.285714285943,0.09930154715825733,57.055702766740424,18.461538461538463,76.92307692307693,66.80414098316487,6.637325339029243,51.3447432762875,82.35294117643534,31.008197900147835,40.591419825135205,120.71497603530067,2.9739037598421474,2708.16366355041,1370.0197185797444,1.9767333468439976,4078.1833821301543,66.4061276748143
S6,meditation,0,4729.7,134.8234389632394,904.2857142858338,0.15124424242671108,78.26156431462275,35.9375,71.875,68.8628309003021,10.526232611357099,51.3447432762875,86.59793814433964,35.253194868052134,55.77674525263726,182.32847851274107,3.2688977760695015,15466.962237916969,1938.2171390101948,7.979994566457919,17405.179376927164,88.86413580098143
S6,meditation,0,4759.7,120.82251127870693,817.1428571426986,0.1427368097107716,67.55532699426362,35.82089552238806,62.68656716417911,72.2353698434497,9.69384078031722,51.85185185187281,86.59793814433964,34.74608629246683,48.12829720459346,163.95067999728712,3.4065339835384694,9902.715895045518,1064.6142982742253,9.301693496976458,10967.330193319744,90.2928581568312
S6,meditation,0,4789.7,108.53216248429894,870.7142857142571,0.12403368888276349,66.30456344359943,35.38461538461539,67.6923076923077,69.58681486126045,8.382017089207967,52.30386052302842,83.99999999993888,31.69613947691046,47.24922960013653,146.03414288867558,3.0907200842117772,7041.695688955067,1677.4635407080018,4.197823391131947,8719.15922966307,80.76117780942482
S6,meditation,0,4819.7,113.22213432309876,906.4285714289326,0.12684261513924264,63.036457518226094,38.46153846153847,73.84615384615385,68.35613889039438,9.194444471019755,55.263157894707746,92.71523178817776,37.452073893470015,44.86452111746529,153.7064674834997,3.4260137778148128,6392.12576668473,1507.0339552116243,4.241527368762649,7899.159721896354,80.92159155822424
S6,meditation,0,4849.7,100.30014371945549,829.9999999999272,0.11875804529330242,60.383428715085635,38.23529411764706,73.52941176470588,72.05793909234472,8.747761310789535,58.82352941173953,92.71523178817776,33.89170237643823,42.98682249200911,135.17533337235514,3.1445760708990087,3551.10575318344,1490.9948171349722,2.3817022784875155,5042.100570318412,70.42909405829613
S6,amusement,0,5550.7,72.5322193658418,968.5714285715221,0.0763478528407641,33.91337635836341,9.836065573770492,54.09836065573771,63.5670969007912,5.5012918923250105,57.69230769230971,82.19178082186455,24.499473129554843,24.14153371376558,99.69469415277982,4.129592400168577,544.2000627236275,257.4658915894014,2.113678279340787,801.6659543130289,67.88364402851167
S6,amusement,0,5580.7,76.35822683918944,955.7142857147483,0.08112452247966112,34.83384807464637,19.35483870967742,54.83870967741935,64.20540866300142,5.805398044466953,57.69230769230971,84.16833667330435,26.47602898099464,24.74999919598572,105.11229781452276,4.2469616658238625,295.3348777057885,351.7139401168665,0.8397019396150617,647.048817822655,45.64336871823707
S6,amusement,0,5610.7,66.40017255052358,887.1428571428623,0.07580555713394381,37.90917766694836,18.181818181818183,60.60606060606061,68.91193745604973,5.553707873143781,60.957910014510894,84.16833667330435,23.21042665879346,27.010614281340164,89.93549102341784,3.329635160706,2511.3618197093533,569.8305381846428,4.4072081986164,3081.192357893996,81.50616800263248
S6,amusement,0,5640.7,67.75149425008784,900.7142857144572,0.07637417124619504,38.74199162694202,15.384615384615385,63.07692307692307,68.04211881260663,5.413902309286177,60.43165467625266,80.76923076921946,20.3375760929668,27.596359649983356,91.75495016786911,3.3248932588079403,1771.0749673277949,291.51121185282,6.075495196466015,2062.5861791806146,85.86671360473161
S6,amusement,0,5670.7,77.41991673690742,892.857142856883,0.08843319343148395,40.476901201953446,23.88059701492537,64.17910447761194,69.10227018608325,6.54189241042668,60.43165467625266,87.31808731806355,26.886432641810885,28.82750143003454,105.62510201841565,3.6640394338292497,3329.646739008742,350.11855261472505,9.51005513458959,3679.765291623467,90.4853020541357
S6,amusement,0,5700.7,85.1130026802073,898.5714285718132,0.09628771560174815,50.48221396696621,27.27272727272727,66.66666666666666,68.53250033199991,6.957501555144351,56.45161290323574,87.31808731806355,30.866474414827806,35.94815534870504,114.87461241504721,3.195563480260339,1878.2404198951604,231.32828817655,8.119371974350518,2109.5687080717103,89.03433259644812
S6,amusement,0,5730.7,70.9986744322311,915.7142857143299,0.07735828524853283,51.447779229807175,25.396825396825395,71.42857142857143,65.7689169838084,5.208498522347896,56.45161290323574,78.79924953101171,22.34763662777597,36.6155821735824,93.49290178595125,2.5533637931177013,4088.9360242672765,681.0040605509729,6.004275541263415,4769.9400848182495,85.72300598243423
S6,amusement,0,5760.7,68.99290256537722,901.4285714283687,0.07587501671922912,37.04141366812139,17.1875,62.5,66.37020539538283,5.179251932221228,57.5342465753267,80.0,22.465753424673302,26.38202986578543,93.93630666016243,3.560617099519981,1424.1294423577867,316.43204912219574,4.500585343072611,1740.5614914799826,81.82011663068928
S6,amusement,0,5790.7,69.76078350495567,921.4285714288053,0.07680860615790591,52.073400413319064,20.3125,59.375,66.46576548308369,5.366588656662901,57.85123966944149,80.61420345496424,22.76296378552275,37.04274935529405,91.43833195466468,2.468454246676929,1349.2480901542272,653.9143118899625,2.063340816405425,2003.1624020441895,67.35590128775105
S6,amusement,0,5820.7,61.86458255862697,940.7142857139661,0.0668564298305756,49.3202908717085,17.46031746031746,53.96825396825397,65.14460342278586,4.630734357555119,57.85123966944149,80.61420345496424,22.76296378552275,35.15126394136329,80.11767466440197,2.279225998759199,703.5919586465419,400.70772394221393,1.7558732128358148,1104.2996825887558,63.71386044385575
S6,amusement,0,5850.7,70.85238309313686,952.8571428572832,0.07582484212792055,36.343308550103266,16.129032258064516,54.83870967741935,64.61588856953806,5.462226598905008,58.01104972379509,84.00000000004584,25.988950276250755,25.901258624028,96.79486133904253,3.7370717286011796,1133.157427162614,241.74631242154624,4.687382470540712,1374.9037395841603,82.41721907784887
S6,meditation,0,6505.7,79.29234851478782,904.2857142853791,0.08839172139231795,41.92016034095049,29.230769230769234,61.53846153846154,67.41929345510474,6.173760778710704,56.91056910570424,82.5147347740497,25.60416566834546,29.86546725268708,108.08610887509933,3.6190998774805547,2167.757255596491,623.6552501953842,3.4758903335093505,2791.4125057918754,77.65807637168037
S6,meditation,0,6535.7,52.83733988809199,928.5714285715585,0.05666374906533826,41.08790492993786,25.806451612903224,62.903225806451616,64.54378696031813,3.5704749744515087,56.91056910570424,71.06598984773936,14.155420742035119,29.286566466980318,68.74493434046364,2.3473196975128987,1048.9765134332313,677.1515243796159,1.5491016052784778,1726.1280378128472,60.770492712833445
S6,meditation,0,6565.7,56.63534191074687,918.5714285713402,0.06126583564981533,39.821028185009084,22.22222222222222,69.84126984126983,65.14338471711844,3.951151373036772,57.53424657537687,73.68421052631814,16.14996395094127,28.376888719688008,74.8991060913603,2.63944038513972,2209.8426203645504,258.73926628292304,8.540808869528751,2468.5818866474733,89.51870838547265
S6,meditation,0,6595.7,63.28145683093767,911.428571428587,0.06944781200693799,43.0320093247646,25.0,73.4375,66.16861141784483,4.731991481334273,58.252427184480425,81.71206225680413,23.459635072323707,30.655360439272997,84.07933416500104,2.742728611250836,3206.944470862835,573.2282811794676,5.594532887079934,3780.1727520423024,84.83592367915537
S6,meditation,0,6625.7,59.430166266655,912.8571428573196,0.06524799278847547,42.08076539612863,21.875,71.875,66.16300487763488,4.525277878897308,58.49582172700972,81.71206225680413,23.216240529794412,29.945150160573558,78.53137784876321,2.6225073986157312,720.8064626606932,720.6420117193328,1.0002282006026377,1441.448474380026,50.00570436419627
S6,meditation,0,6655.7,72.35132077297557,914.2857142860521,0.07859125598596878,50.16235384018598,30.158730158730158,68.25396825396825,65.58080720121774,5.272696531828578,56.22489959837797,78.79924953101171,22.574349932633744,35.754749953896216,95.86983410292505,2.681317425699912,3300.0355771169707,416.89790572034684,7.915692383762223,3716.9334828373176,88.78382118901659
S6,meditation,0,6685.7,99.18406750912396,924.9999999997272,0.10797381052192444,66.7674165822579,36.507936507936506,69.84126984126983,66.10101192527527,7.410237069762804,56.22489959837797,83.33333333330386,27.10843373492589,47.57377703269078,131.9533790175634,2.7736578268084617,6613.200979627048,962.2022249862664,6.872984501487136,7575.403204613314,87.2983364845808
S6,meditation,0,6715.7,113.50478486664805,876.4285714287325,0.1263382335711848,65.78161863381848,23.076923076923077,67.6923076923077,67.84596905180608,8.56959579296035,56.45161290323574,83.33333333330386,26.881720430068114,46.761092632099476,153.55804306873776,3.283884837270179,10497.991852505189,1041.2718549383324,10.081893410176649,11539.26370744352,90.9762712653265
S6,meditation,0,6745.7,101.95088413685114,845.7142857141662,0.11667878150362054,57.03148487352669,20.0,66.15384615384615,69.56316946412397,7.827712697586049,56.603773584884294,83.33333333330386,26.72955974841956,40.62510113502378,138.33859443532154,3.405249231885772,6253.710001971799,409.50770951284164,15.27128758921617,6663.217711484641,93.85420487151397
S6,meditation,0,6775.7,77.60304765335579,890.7142857146937,0.08739422780774746,50.294730827118386,25.0,62.5,68.09133717193264,6.079027591558513,58.906030855524044,83.33333333330386,24.42730247777981,35.84409162856842,103.7288152130391,2.893888797292474,3737.647000493145,1179.309150857212,3.1693530044910934,4916.956151350357,76.01546333632983
S6,meditation,0,6805.7,68.41292105641485,892.8571428573377,0.07721586379709199,45.62766518736523,27.692307692307693,64.61538461538461,68.11730124064383,5.233094558810297,58.906030855524044,78.06691449820566,19.16088364268162,32.5113191253304,91.12447346170745,2.8028537725714746,2829.0136982062886,214.1309530001655,13.211605601942574,3043.144651206454,92.96349738369246
S7,baseline,0,100.6,131.10931366424177,820.7142857142956,0.15645424378695652,88.33627059875565,46.15384615384615,76.92307692307693,73.27619439763819,10.984055387912248,53.63984674329435,91.30434782608678,37.664501082792434,62.81844697395598,174.4509873253727,2.7770662238386548,8815.17683947676,2867.597930849307,3.0740630493013144,11682.774770326068,75.45447903238768
S7,baseline,0,130.6,116.25283078009484,840.7142857142844,0.13549214625333647,85.27981571999133,44.776119402985074,68.65671641791045,71.16498049329009,9.337685359925716,53.63984674329435,88.98305084745925,35.343204104164904,60.75385907252488,152.76913934616022,2.5145586087591925,4695.1352685261345,2646.944421957423,1.7737944286167024,7342.079690483557,63.948301659157124
S7,baseline,0,160.6,82.24013261165271,808.5714285714118,0.09928426425376846,55.315158535871426,32.857142857142854,57.14285714285714,73.10394012379491,6.879371950368949,56.22489959839294,84.33734939759053,28.11244979919759,39.394324336899125,109.4301879464878,2.77781608869958,2135.897019290308,1618.518057767211,1.319662149606681,3754.415077057519,56.89027386296066
S7,baseline,0,190.6,70.13208456045562,778.5714285714391,0.08810141748238709,43.11761259939091,25.675675675675674,56.75675675675676,75.92848689075903,6.4164840863973955,60.08583690987239,87.68267223381956,27.596835323947168,30.685794675172524,94.31543126521211,3.0735860766715453,1150.1146801942568,920.0730527588352,1.2500253939028458,2070.187732953092,55.556057157851825
S7,baseline,0,220.6,74.43662853147393,794.2857142857065,0.09231637788409382,40.93749729535392,23.61111111111111,62.5,75.02674537852245,6.776602887019521,62.314540059346044,87.68267223381956,25.368132174473516,29.08599006592286,101.17128306071004,3.4783510147465218,2815.926253057925,556.1385944014953,5.063353418383714,3372.06484745942,83.50747629244138
S7,baseline,0,250.6,80.55752633665394,815.7142857142503,0.09651212657727555,51.14661940329052,30.0,70.0,72.53923456665883,6.923522129162543,58.49582172701944,84.84848484848504,26.352663121465604,36.402699722561714,107.95310811584069,2.965524780815456,4290.356713005789,563.9107641906279,7.608219217385696,4854.267477196417,88.38319546997204
S7,baseline,0,280.6,79.8250406870142,834.285714285727,0.09487527554392107,50.64482164233294,30.0,65.71428571428571,71.94661727624776,6.8099631627608606,58.49582172701944,84.84848484848504,26.352663121465604,36.06869405503006,106.97253643123352,2.96580009988788,6059.898371057531,802.0550486778496,7.555464404902121,6861.9534197353805,88.31156378341053
S7,baseline,0,310.6,96.12269308876782,811.4285714286211,0.11690152807986494,46.01590547681482,27.142857142857142,58.57142857142858,73.92452604108524,8.343347334331055,56.45161290322669,89.74358974359397,33.29197684036728,32.743992639214106,131.93549635832656,4.029303872989545,1512.152363619782,407.58244313454156,3.7100527490597175,1919.7348067543235,78.76881527070725
S7,baseline,0,340.6,100.79928176476794,830.7142857142935,0.12027968065638098,52.732212048415064,33.33333333333333,60.86956521739131,72.62710902936813,8.760289427454106,56.45161290322669,89.74358974359397,33.29197684036728,37.5565119245623,137.51544938895546,3.661560734531875,7081.618779937275,757.3325858324472,9.350738252142259,7838.951365769722,90.33885336832826
S7,baseline,0,370.6,70.00815340470258,828.5714285714221,0.08342697032114611,37.88197106512342,18.571428571428573,58.57142857142858,71.98740270478503,5.939099867430521,60.171919770772504,84.50704225352357,24.33512248275106,26.973098870978035,95.26140364055729,3.53171892099705,1105.8304478966413,367.0860956001943,3.0124552827003233,1472.9165434968356,75.07760387233488
S7,baseline,0,400.6,70.41350975045141,805.7142857142594,0.08536363346670015,39.51916884099099,16.176470588235293,58.82352941176471,73.24654626685822,6.053882228577303,60.781476121561234,84.50704225352357,23.72556613196233,28.149350073987833,95.51826422818786,3.3932671261371,551.6672158094375,512.7096559932819,1.075983667092601,1064.3768718027195,51.83006418347731
S7,baseline,0,430.6,71.45033589717926,885.7142857143003,0.08126641817819104,54.29710520727376,27.27272727272727,65.15151515151516,68.7043605771057,5.792001510320682,59.322033898306174,83.00395256916899,23.681918670862814,38.672122237990756,93.35292154640574,2.4139591039743253,4395.394227613732,1505.7940391939958,2.918987665780938,5901.188266807728,74.48320624401022
S7,baseline,0,460.6,84.23743974194493,861.4285714285472,0.09879923757373024,52.258656407106564,31.88405797101449,63.76811594202898,71.05069851863685,7.016735844633036,55.19053876478349,86.2422997946591,31.051761029875614,37.19843396428834,113.17318153679379,3.0424179051581466,2577.947645859566,598.3708429336901,4.308277511017105,3176.318488793256,81.16149734213137
S7,baseline,0,490.6,113.60159912324664,847.8571428572081,0.13121023289979952,74.8622453053535,40.298507462686565,68.65671641791045,70.42424106768111,8.77216022864512,51.09489051094944,86.2422997946591,35.14740928370966,53.21754927932102,151.58673786126775,2.8484351480681673,5772.807410648474,950.7764001797678,6.071677220382186,6723.583810828241,85.85908308826976
S7,baseline,0,520.6,87.82823748363245,932.1428571428783,0.09472771358708464,70.93502960918354,31.746031746031743,69.84126984126983,65.30008868288965,6.3540913329376805,51.09489051094944,83.49900596421705,32.40411545326761,50.55061153923144,113.45586927070984,2.244401517925431,2611.879647053404,1935.7778990017973,1.3492661779020438,4547.657546055201,57.43351649947874
S7,baseline,0,550.6,55.83876562514463,902.1428571429055,0.06188233956730192,40.4751992983679,16.923076923076923,58.46153846153847,66.75231372925374,4.261299291563014,56.98778833106924,80.45977011494561,23.471981783876373,28.810069660019607,73.52493032478498,2.5520566660349733,597.0512258505124,326.02344235102044,1.8313137900301164,923.0746682015329,64.68070746798563
S7,baseline,0,580.6,108.3955323161805,855.7142857142708,0.13127166734360415,45.167004649839065,21.428571428571427,51.42857142857142,73.9686796393104,10.165344819940842,55.776892430278245,93.95973154363314,38.182839113354895,32.14069137270153,149.88715358662668,4.663470111720505,1443.5023693896305,528.1229827682304,2.7332693643122883,1971.625352157861,73.2138267450141
S7,baseline,0,610.6,138.96625819609233,902.8571428571013,0.16060392575652505,55.43997860330402,29.850746268656714,59.70149253731343,71.25102559311586,12.158988560776585,54.758800521512676,93.95973154363314,39.200931022120464,39.45987171466338,192.52573946957924,4.879025985227322,2994.00572484697,1511.3376064115162,1.9810303880122893,4505.343331258487,66.4545519555476
S7,baseline,0,640.6,77.53236175444114,938.5714285714357,0.08219513655143743,60.343890151536094,36.0655737704918,75.40983606557377,64.0482899475753,5.467490296401023,54.758800521512676,76.92307692307962,22.164276401566944,43.01875591062169,100.85594121491013,2.344464387218784,1120.9309947237944,1087.4447264614796,1.0307935359356408,2208.375721185274,50.758165106170026
S7,baseline,0,670.6,105.0075116979425,846.4285714285893,0.12345821611918299,51.96209343451241,28.985507246376812,73.91304347826086,71.62263280325126,8.941433137256997,57.065217391304245,88.42105263159165,31.355835240287405,36.99711671324011,143.82061180823126,3.887346490348594,1480.9190540396726,1577.4863539348523,0.9387840664013961,3058.4054079745247,48.42128025860488
S7,baseline,0,700.6,85.41698010304427,809.2857142856928,0.1044450433595379,52.925889276210235,30.985915492957744,71.83098591549296,74.13698827569443,7.5475045503261375,57.14285714285343,88.42105263159165,31.27819548873822,37.68848795832248,114.76802191927463,3.0451744852749183,4854.225185855116,799.5804175323631,6.070965570712769,5653.805603387479,85.85765989100696
S7,baseline,0,730.6,78.7669825875678,836.4285714285415,0.09284760631217542,56.73925792192886,30.434782608695656,68.11594202898551,71.30741884383706,6.382452442727714,57.14285714285343,81.39534883721878,24.252491694365347,40.39654704644456,103.8103755827172,2.569783389242767,2872.2841681861537,1591.4820437431806,1.8047857840924895,4463.7662119293345,64.34665329268424
S7,baseline,0,760.6,66.00843349146848,830.0000000000409,0.07911778957014298,46.50245299027114,24.285714285714285,61.42857142857143,72.35592579931198,5.660912182248684,60.60606060606005,84.33734939758043,23.731288791520377,33.11846813986636,87.27768129403927,2.6353175794679573,3242.1036835800796,584.8761964003905,5.543230693151038,3826.9798799804703,84.71702975341027
S7,baseline,0,790.6,76.54434244948092,823.5714285714266,0.09327228208829173,43.35459122892266,28.169014084507044,61.97183098591549,73.7334156380388,6.784344734247132,60.51873198847611,86.06557377049789,25.54684178202178,30.791406350583987,103.7784275126581,3.370369847062534,2518.779121208915,846.5041992673937,2.9755069418306372,3365.2833204763087,74.84597525216442
S7,baseline,0,820.6,106.28018668916945,919.9999999999591,0.12135217908026893,45.185661114074605,25.757575757575758,62.121212121212125,69.56314472911123,8.857747136198403,55.11811023621551,86.06557377049789,30.947463534282385,32.15439538347553,146.8231964741694,4.566193664136609,1563.5863234513215,978.9050779868431,1.5972808381655332,2542.4914014381648,61.4981951391016
S7,baseline,0,850.6,90.29751829095748,877.1428571428714,0.10239001977335903,45.50581524134753,22.727272727272727,62.121212121212125,68.76413467288074,7.2665379308926115,55.11811023621551,84.16833667334463,29.05022643712912,32.423747699349384,123.51511731015171,3.809402862847658,1774.7787379858717,504.05131072320387,3.5210279196366945,2278.8300487090755,77.88113637483666
S7,baseline,0,880.6,71.93317474175464,860.7142857142662,0.0844468138274989,44.285380350030835,24.637681159420293,65.21739130434783,70.93650351007933,6.02046596679296,59.9144079885917,84.16833667334463,24.25392868475293,31.542237519037354,96.71530648841603,3.06621578225208,2463.1857028337454,712.2060010510346,3.458529834343871,3175.39170388478,77.57108201234763
S7,baseline,0,910.6,72.63456392908479,860.0000000000136,0.0848797405829575,41.78562450610969,26.47058823529412,61.76470588235294,70.6245481153705,6.11904389016348,59.9144079885917,82.67716535433189,22.762757365740192,29.76170492009864,98.31480394419545,3.3033995938116303,3545.7677414440027,434.1970627853046,8.166263766729491,3979.9648042293074,89.09042958561078
S7,baseline,0,940.6,92.1766517931399,872.8571428571286,0.10721570816637348,58.19797936287005,36.76470588235294,67.64705882352942,70.58738370742769,7.61193264048565,55.04587155963142,86.95652173912356,31.910650179492137,41.45782743712392,123.58931513598243,2.9810851840565307,7064.968895001343,1135.5092917456295,6.221850359445582,8200.478186746972,86.1531331967841
S7,baseline,0,970.6,85.09038296295434,898.5714285713584,0.09597275169454496,58.11430742315868,36.36363636363637,69.6969696969697,68.30768872435598,6.761619762945317,55.04587155963142,86.95652173912356,31.910650179492137,41.345804194329894,113.01004831911449,2.7332893995229757,1798.849212739408,802.0920591910043,2.2426966981243273,2600.9412719304123,69.1614698168216
S7,baseline,0,1000.6,80.75764616813227,821.4285714285552,0.09661632591699171,46.006484745682705,22.058823529411764,61.76470588235294,72.44954702328616,7.05521054224504,59.74395448080165,90.51724137931727,30.77328689851562,32.718212076998675,109.42172283289564,3.3443674298394965,2653.649446767807,660.6948109956026,4.016452683757295,3314.3442577634096,80.06559489262429
S7,baseline,0,1030.6,93.54408923378095,790.7142857143299,0.11426616813821051,55.22251104199208,29.577464788732392,63.38028169014085,74.17809802290974,7.934727241824415,54.830287206268984,90.51724137931727,35.686954173048285,39.325697597377484,126.31105561127562,3.2119215507495267,8716.539623716997,1065.8714073797178,8.177852941139758,9782.411031096715,89.10420545618575
S7,baseline,0,1060.6,77.03160900770484,775.7142857142298,0.09706717297360883,38.906280086086824,15.068493150684931,49.31506849315068,76.24042231099953,6.672096728663038,59.23836389281505,87.68267223383778,28.444308341022726,27.625457564204847,105.37823146646629,3.8145334324890277,2247.226601836162,588.2159628360534,3.8204107739634825,2835.4425646722157,79.254879990699
S7,baseline,0,1090.6,89.70442772652224,761.4285714284961,0.11469059252706013,34.542687777761444,2.666666666666667,44.0,77.53541603191194,7.349697011048883,53.23193916349742,87.68267223383778,34.450733070340355,24.534144590377966,124.4662382202665,5.073184343630259,830.8723729810685,168.60229764048339,4.928001484017536,999.4746706215518,83.13090840654989
S7,baseline,0,1120.6,112.40312796615777,867.1428571427668,0.1315315773592615,48.00362305169686,21.73913043478261,57.971014492753625,71.402522596648,9.257351452682054,53.23193916349742,86.06557377049789,32.83363460700047,34.186204952870305,155.24248691667248,4.541085713687508,3973.5322937806854,1161.1878302573025,3.4219548209527892,5134.720124037988,77.38556723235513
S7,baseline,0,1150.6,59.767570474102364,908.5714285715767,0.06627408321525721,47.904760425543316,34.375,75.0,66.82503926165698,4.5093575333669955,58.41446453406912,77.7777777777863,19.36331324371718,34.13960135308442,77.32278176712256,2.264899960823258,1855.3329561292217,587.7243112114539,3.15680825301389,2443.0572673406755,75.94308086559079
S7,baseline,0,1180.6,87.87296755741197,861.4285714286325,0.1038762734388359,46.263202868613476,24.637681159420293,62.31884057971014,71.73518508030786,7.937336756997746,59.829059829054174,90.71274298055941,30.883683151505238,32.939583791921606,119.82612684346819,3.6377547330411444,1290.181924728728,699.7736474736072,1.8437132198199688,1989.9555722023351,64.83471001821665
S7,baseline,0,1210.6,116.51002640293108,907.1428571428442,0.1318419205302678,52.941315920136816,30.303030303030305,65.15151515151516,69.15332005232978,9.757475539852408,56.375838926175874,90.71274298055941,34.33690405438354,37.71141978435548,160.39645046780655,4.253259394236511,2650.268429828968,1053.8386426624754,2.5148711790765095,3704.1070724914434,71.54945518479178
S7,amusement,0,1550.6,82.14136351517367,1029.9999999999727,0.08034643213713481,70.33065987591125,47.368421052631575,78.94736842105263,59.09889629510813,5.243755618371116,50.970873786409115,79.09604519773416,28.12517141132504,50.06182561920449,104.82471471907839,2.0939051547266385,224.33001434491356,1198.9438078971625,0.1871063621725257,1423.273822242076,15.761549944867786
S7,amusement,0,1580.6,81.25328178433793,1018.5714285714766,0.07951744973621187,77.877216523394,45.45454545454545,69.0909090909091,59.09452851190153,4.8447510384213714,50.970873786409115,71.4285714285784,20.45769764216928,55.46335370994717,100.63800473327824,1.8144954821805004,1374.6746587408657,1290.7820470047332,1.0649936307456442,2665.456705745599,51.573700513598574
S7,amusement,0,1610.6,68.53526543319191,987.1428571428851,0.06924821503627479,70.50138017382716,50.0,69.64285714285714,60.91455031075339,4.290323715326298,51.47058823529217,71.4285714285784,19.957983193286225,50.302421616274415,82.8482443720729,1.6470031006473231,1831.2844325440847,1620.4185695213816,1.1301304903491607,3451.7030020654665,53.0545192169854
S7,amusement,0,1640.6,52.79634320969344,1019.9999999999818,0.052072965074180064,52.73914893408511,45.614035087719294,71.9298245614035,59.34117490377544,3.198215343317466,53.43511450381747,68.51549755302943,15.08038304921196,37.62247488320741,64.49385316674693,1.7142373904682549,368.75250763371594,696.6815690013613,0.5292984973928533,1065.4340766350772,34.610541911549696
S7,amusement,0,1670.6,60.08078314717316,1022.1428571428532,0.058720621805354915,54.58667617120384,35.18518518518518,77.77777777777779,58.861159778185275,3.8390847574831217,51.787916152891036,76.78244972576381,24.994533572872776,38.49850663772091,75.74474235100844,1.9674722207742366,353.54439869232857,634.0013236008069,0.557639843217322,987.5457222931354,35.80030683251597
S7,amusement,0,1700.6,66.80389372535306,1014.2857142857338,0.0661933882895001,63.0281028111342,40.0,80.0,59.72673650411891,4.26007180344171,51.787916152891036,76.78244972576381,24.994533572872776,44.75783654105343,83.20009917001826,1.8588945668476238,1740.7020533087268,2201.5217249582274,0.7906812972021685,3942.2237782669545,44.15533341625672
S7,amusement,0,1730.6,74.5741837666066,1041.4285714284688,0.07154043884130612,72.98583072680077,50.0,83.92857142857143,57.85725993622325,4.258023076114084,50.48076923077375,68.85245901638933,18.37168978561558,52.02923995438497,91.7364483653049,1.7631710254797495,3277.2358015804057,1206.1822113162434,2.7170321124236527,4483.418012896649,73.09681569180849
S7,amusement,0,1760.6,83.84359373841001,1048.5714285714494,0.08066632815986825,74.75381616339014,57.407407407407405,79.62962962962963,58.110071211106984,4.864784193820251,50.48076923077375,69.42148760329326,18.940718372519505,53.04966705244154,106.04352525056959,1.998947988603617,404.0382961552253,2616.836999157669,0.15439948926329028,3020.8752953128947,13.374875049695689
S7,amusement,0,1790.6,73.22443098219306,1009.9999999999909,0.07249422282971943,67.38114095371778,48.275862068965516,74.13793103448276,59.70950734129236,4.337259820962464,50.8474576271257,69.42148760329326,18.57402997616756,48.03400888798036,91.74076833927941,1.9099127985179658,1958.5010031564439,1157.4222177877625,1.6921232140331834,3115.923220944206,62.85459763552732
S7,amusement,0,1820.6,82.29838064102894,1035.7142857143344,0.07916218489751288,78.72927866893309,40.74074074074074,77.77777777777779,58.06841538018973,4.585803911574963,48.33141542002524,68.96551724138796,20.63410182136272,56.174893525138984,101.93345010206744,1.8145730896036485,2103.9765831182376,1178.4084978899616,1.7854390789658956,3282.3850810081994,64.09901736672504
S7,amusement,0,1850.6,67.22489089100281,1085.714285714289,0.06230326277840234,73.8602566989204,36.53846153846153,76.92307692307693,55.830489405626366,3.6732600271775233,48.33141542002524,68.96551724138796,20.63410182136272,52.690852289415915,79.13309039605,1.5018373580558986,2146.4945428063647,1911.0612812017912,1.1231950350940703,4057.555824008156,52.90117094891878
S7,meditation,0,2207.6,92.45115673428307,1087.1428571426804,0.08604577513585765,88.86684817446223,55.55555555555556,79.62962962962963,56.25995733951698,4.963373803995852,47.19101123594975,70.23411371234232,23.04310247639257,63.42634645573193,114.33079785557088,1.8025758102804712,4721.109512685156,2547.3851847903848,1.8533159181710634,7268.49469747554,64.95305712095889
S7,meditation,0,2237.6,98.79852755020238,1048.5714285714494,0.094994005717217,92.42225477582998,62.5,85.71428571428571,58.20275525874925,5.531537589850554,47.19101123594975,70.23411371234232,23.04310247639257,65.93322556374089,123.18728773269204,1.868364344068088,467.5947939412431,6421.377477884939,0.07281845609475968,6888.972271826182,6.787584206915227
S7,meditation,0,2267.6,101.77956556168456,1049.9999999997272,0.09876787518056326,93.66756430555527,61.40350877192983,84.21052631578947,58.804543425478236,5.9956936550067,50.5415162454794,72.5388601036217,21.9973438581423,66.73802029022028,127.53115924977958,1.9109221204823161,2931.494579809362,2232.413756808079,1.3131502038407226,5163.908336617442,56.768912008411135
S7,meditation,0,2297.6,106.53305400833264,1039.9999999999636,0.10399444279817169,96.71066071044255,55.35714285714286,82.14285714285714,59.22360826674621,6.419858577327526,50.5415162454794,72.7902946274062,22.248778381926797,69.00352562853931,133.92944651388717,1.9409072984887459,3909.4204412759514,3221.458685356969,1.2135559766903388,7130.879126632921,54.82382146508088
S7,meditation,0,2327.6,99.9374439053798,1028.5714285714675,0.10014355048628387,91.01797426718404,53.44827586206896,84.48275862068965,60.74812214104922,6.364775048093416,51.72413793102069,74.60035523980952,22.876217308788824,64.87819095027936,125.56195971591458,1.9353492734120992,2537.1087990162987,3479.4141799910985,0.7291770015786938,6016.522979007397,42.16902034395403
S7,meditation,0,2357.6,111.89447525262896,1007.1428571427532,0.114009117430735,102.8467256629458,60.0,90.0,61.95106067540246,7.330321957654418,49.763033175355126,80.45977011494561,30.696736939590487,73.30043456150278,140.24191055892402,1.9132480100271976,2831.0529901646228,4552.0304844542225,0.6219319048571924,7383.083474618845,38.345130457986286
S7,meditation,0,2387.6,152.6438114432023,942.8571428570649,0.1593478010741058,109.67563256756485,55.932203389830505,86.4406779661017,64.24208112331638,10.346724551441763,48.72389791182585,82.5147347740497,33.79083686222385,78.20677905293819,201.20627737220502,2.57274727087288,16741.192478269706,2160.324767340095,7.7493869122661305,18901.5172456098,88.57062774766472
S7,meditation,0,2417.6,158.86163498441277,945.7142857140752,0.16793899321237893,91.33291126568547,50.0,78.33333333333333,65.22311239835477,10.961003936289197,48.72389791182585,83.00395256915594,34.28005465733009,65.12624216413593,215.01769862367127,3.3015523616696307,16573.035148856063,989.3201686722225,16.751943075312933,17562.355317528287,94.36681384253271
S7,meditation,0,2447.6,157.394380353548,974.2857142859975,0.16345802220781347,92.41009604114998,53.333333333333336,80.0,64.02441247602941,10.763270856778357,47.890535917907,83.00395256915594,35.11341665124894,65.87712524172281,212.61746471924886,3.2274854729785494,22136.004367879803,2309.765642619209,9.583658168357807,24445.77001049901,90.55147110675095
S7,meditation,0,2477.6,170.51545128133967,964.2857142857792,0.17769395411136574,108.08175917635003,55.00000000000001,88.33333333333333,64.53966449644304,11.63995848212508,46.7185761957813,85.19269776878123,38.47412157299993,76.84997123675348,228.57191466203366,2.974261551222536,18225.829943191162,3081.9820473227123,5.913671677297329,21307.811990513874,85.5359055697751
S7,meditation,0,2507.6,170.90744692463085,994.2857142859793,0.17504792477048997,120.59560240624874,50.0,90.0,63.437377946408056,11.632822185614536,46.7185761957813,85.19269776878123,38.47412157299993,85.97971245318874,225.88979586306684,2.627245304943902,20997.654170097663,5298.2548809234095,3.9631264712652094,26295.909051021074,79.85141007810994
S7,meditation,0,2537.6,170.40298474117273,1029.9999999997453,0.17066745731425007,134.8300204419913,51.724137931034484,87.93103448275862,61.97786638446048,11.366390096685304,43.65904365904622,82.84023668641015,39.18119302736393,96.15486879787548,220.97193401847224,2.2980836725280267,19125.356195280867,6027.385373448605,3.1730767173989705,25152.74156872947,76.0368651783788
S7,stress,1,3096.6,87.20492380140092,641.4285714286052,0.1344926224480105,54.36603673790911,28.947368421052634,61.8421052631579,94.17026089191991,12.416256198900095,70.70707070709172,116.02209944759018,45.31502874049846,38.530292275575626,117.15295151030126,3.0405414698752384,1915.2662005367129,1498.3687144034004,1.2782342437650982,3413.634914940113,56.106357248525896
S7,stress,1,3126.6,78.62276081460202,692.8571428570649,0.11091183745611222,65.59795146568315,41.17647058823529,72.05882352941177,85.62140289585085,9.019398057079677,65.01547987613317,100.71942446045186,35.70394458431869,45.93606788260287,101.2568748466253,2.204300008990839,1311.45714585209,3632.1109892125323,0.36107298200609866,4943.568135064623,26.52855407311882
S7,stress,1,3156.6,110.13823099404009,692.8571428570649,0.15161815030340553,97.15552805184203,52.38095238095239,77.77777777777779,84.3675104365362,11.976476289915576,59.490084985832326,107.69230769238052,48.2022227065482,68.29369791875453,139.9886805337309,2.0498037857060862,3191.416955552935,6899.777962856735,0.4625390806389926,10091.19491840967,31.625758707036145
S7,stress,1,3186.6,106.3666673427182,714.2857142857792,0.14496550651338666,94.64107339368493,47.05882352941176,76.47058823529412,83.41837799104181,11.653453447391739,59.490084985832326,107.69230769238052,48.2022227065482,66.87896797460938,134.74026675735848,2.0146881873014646,1508.7615273740157,3561.545844202156,0.4236254686515211,5070.307371576171,29.756805984426887
S7,stress,1,3216.6,99.15900571249689,732.8571428572559,0.13149357156151414,90.90973136225426,47.94520547945205,73.97260273972603,80.87601901925566,10.208106997604839,59.15492957747691,103.96039603959319,44.80546646211628,64.72122417679579,124.40329565103542,1.9221406460299493,2705.012855711272,5666.011305797135,0.47741042326259736,8371.024161508407,32.31400129209334
S7,stress,1,3246.6,114.10156909367734,762.8571428572286,0.14643515942663107,94.73498955242441,59.70149253731343,80.59701492537313,78.62894075988363,11.35817459088518,59.15492957747691,100.96153846150888,41.80660888403197,67.35138818595931,146.63603461872074,2.1771790985785477,5219.537876230959,5317.286548686428,0.9816168130943372,10536.824424917388,49.53615686988048
S7,stress,1,3276.6,101.33603011824123,725.0000000001364,0.1337931580792097,66.8639724838857,43.75,73.4375,80.56925653948623,10.323032410745355,60.6936416185204,99.05660377356875,38.36296215504835,46.03547833605676,135.71557292595656,2.9480647933152655,3370.4239183946142,3156.259348888465,1.067853920046707,6526.683267283079,51.64068456163419
S7,stress,1,3306.6,104.34337239887067,785.7142857142208,0.13445162967840585,67.31680078769527,36.507936507936506,68.25396825396825,78.66546508981496,10.277108416510186,60.0,98.36065573775771,38.36065573775771,46.78534505672382,139.9507421025773,2.991337179043934,2225.9079916168553,6275.499973256963,0.35469811187993944,8501.407964873819,26.182815844315183
S7,stress,1,3336.6,102.73259238562832,841.4285714286507,0.12267687891173379,76.49389946716491,48.38709677419355,75.80645161290323,72.78007911504302,9.451319398539033,58.57740585773999,95.89041095896145,37.313005101221464,53.92133718106601,134.9090822485614,2.501960991722837,5492.727067817277,2115.4220079228794,2.5965159893607015,7608.149075740157,72.19531338222258
S7,stress,1,3366.6,104.08294356345274,895.7142857143481,0.11813604290802106,82.1535987274728,36.0655737704918,65.57377049180327,69.11669530890062,8.821100464246081,53.29949238578299,95.89041095896145,42.59091857317846,58.381190838645374,135.12273989942423,2.314490985168118,3925.607137950259,4060.560094189684,0.9667649405232221,7986.167232139944,49.15508308105348
S7,stress,1,3396.6,196.12477287400094,555.0000000000637,0.2936913168280452,29.037723202210657,10.465116279069768,23.25581395348837,97.03127116459774,25.03299292966709,58.74125874125052,126.50602409631,67.76476535505948,19.879435033187427,276.6489854174748,13.916340426960186,704.6213264404525,764.0760359350782,0.9221874437903752,1468.6973623755307,47.975937350412984
S7,stress,1,3426.6,48.3399600999612,525.7142857140025,0.09046932340407515,12.463676351708116,1.8181818181818181,8.181818181818182,113.0902134677656,9.003929527357993,80.92485549133572,126.50602409631,45.58116860497428,8.820312342694399,67.79163351851757,7.685854070084871,128.90254935714836,36.803044156976064,3.5024969349638626,165.70559351412442,77.79010148270038
S7,stress,1,3456.6,57.541688973339674,558.5714285712129,0.10157659323482417,29.101482067130597,9.375,18.75,106.8208788370202,9.107553493043678,72.79029462736604,120.68965517238162,47.89936054501558,20.48481487663364,78.75572550157335,3.8445905406451804,203.685234845507,467.1656431513294,0.43600217146004266,670.8508779968364,30.362222295022107
S7,stress,1,3486.6,74.3821345808779,577.1428571429169,0.12179191649788297,43.32946084214362,22.666666666666664,44.0,99.51441426232175,10.619581655996084,72.79029462736604,112.60053619311131,39.81024156574527,29.400318809375968,101.00012447280804,3.4353411310831907,963.33365578374,3757.5555335622425,0.2563724334023293,4720.889189345982,20.405767158394102
S7,stress,1,3516.6,107.58278793719755,690.0000000000546,0.15677398525280567,60.30711329099595,32.83582089552239,65.67164179104478,89.54086638813831,13.76934506265946,65.83072100313368,112.60053619311131,46.769815189977635,41.42317374652501,146.39751772979363,3.534193652703275,768.062317262325,2346.0764293859243,0.32738162646447205,3114.1387466482493,24.663715388050427
S7,stress,1,3546.6,89.76372400541229,689.2857142856883,0.12807304616639384,58.44145762902512,32.87671232876712,68.4931506849315,86.92546097345618,10.532104612839015,65.83072100313368,106.59898477160904,40.768263768475364,40.42064797419371,120.33795540886494,2.9771406803199665,1244.8272472604817,2617.3012177109536,0.47561481989038545,3862.1284649714353,32.231637516741394
S7,stress,1,3576.6,61.97024100491132,639.9999999998727,0.09528584667298408,47.747602163353385,28.947368421052634,60.526315789473685,93.03737864264926,8.343036827293938,72.28915662651237,106.59898477160904,34.309828145096674,32.72039485043298,81.30188989959179,2.484746601354535,1238.6713496989546,1670.5569279875922,0.7414720976860686,2909.228277686547,42.57731712562484
S7,stress,1,3606.6,83.67594326640199,650.000000000091,0.12459276063037862,65.84962209424009,36.231884057971016,65.21739130434783,90.57089419204408,10.115107831628258,64.22018348621656,106.32911392405553,42.10893043783898,46.51249172523564,108.81137383818906,2.3394010899474726,2430.2698192710955,1975.8522705860826,1.229985589231437,4406.122089857178,55.15666088476162
S7,stress,1,3636.6,95.05488385108046,691.4285714285597,0.13153749321416958,77.92715335748822,42.028985507246375,69.56521739130434,84.37167387122847,10.459624949976435,63.34841628959606,106.32911392405553,42.980697634459474,55.22885276217176,122.55870312001163,2.2191064450999516,432.04830579667475,7398.368786030426,0.058397779063469615,7830.417091827101,5.517564399572274
S7,stress,1,3666.6,81.55715444128674,742.857142856792,0.10868048587763826,72.9547048214267,38.23529411764706,64.70588235294117,80.86080576456192,8.513857081265105,63.34841628959606,96.55172413792296,33.2033078483269,51.720623014022,103.09275452795512,1.9932620397864427,1074.1347004961328,2619.7741403947825,0.4100104218657063,3693.9088408909156,29.078538392871316
S7,meditation,0,4653.6,73.74580258660708,1041.4285714286962,0.07291961970327013,72.3088613420403,36.84210526315789,66.66666666666666,59.65328310515772,4.551048780552278,53.43511450380665,70.11686143571812,16.68174693191147,51.53219237337042,90.6714946798584,1.759511685878,2618.389715281477,872.0468257211793,3.0025792630069823,3490.436541002656,75.01611000580813
S7,meditation,0,4683.6,115.22001456194648,1061.4285714291327,0.11225189940368914,99.2165074165068,38.88888888888889,72.22222222222221,59.2474440406083,7.272927749590578,47.61904761903937,82.35294117643534,34.733893557395966,70.79849888789859,146.7612894006132,2.0729435186612233,5430.969675771295,2720.821802915231,1.9960769462933112,8151.791478686526,66.62302010510174
S7,meditation,0,4713.6,132.5021291506765,1077.1428571424622,0.12653379333473652,128.118533400219,46.42857142857143,78.57142857142857,58.321687145827305,8.322657060632734,47.61904761903937,82.35294117643534,34.733893557395966,91.41299583248781,163.57656510593037,1.7894235236057752,15277.793587468828,6270.091779534382,2.4366140280969475,21547.88536700321,70.90159116431943
S7,meditation,0,4743.6,153.8781723190848,1076.4285714285506,0.14723027471096103,140.7778574203885,50.0,79.62962962962963,58.80234810297897,9.76426317074955,44.72843450478211,82.35294117653814,37.62450667175603,100.30124942006951,193.12338852996785,1.9254335279628665,8532.260897416001,4629.645059035347,1.842962211706532,13161.905956451348,64.82542061648668
S7,meditation,0,4773.6,175.44903469037249,1077.1428571424622,0.1709813151313552,144.93927399410867,50.943396226415096,86.79245283018868,60.384422931661504,11.520353925816924,44.72843450478211,85.36585365851954,40.63741915373743,102.88945183926779,225.7841629693767,2.1944345016250355,15090.065431563224,8835.545073404175,1.7078816650469868,23925.6105049674,63.07076439462327
S7,meditation,0,4803.6,168.1284089072757,1024.2857142857247,0.1712724823329582,139.262772059687,45.76271186440678,81.35593220338984,63.04167524275889,11.507214487173592,46.87500000000933,85.36585365851954,38.49085365851021,99.31833290764585,216.03285053859344,2.1751558268650975,20068.416443963182,8289.58340640794,2.420919780896356,28357.999850371125,70.768095598606
S7,meditation,0,4833.6,161.65467092156308,985.7142857144936,0.16636109246001018,118.35249437657131,41.66666666666667,75.0,63.54718838008957,11.10997305990236,48.220436280162744,85.0202429150336,36.79980663487086,84.38854174094683,212.46891368940112,2.517746003262282,13320.655864435545,3583.9791453471757,3.7167224819733677,16904.63500978272,78.79883745923455
S7,meditation,0,4863.6,158.2063124155707,992.1428571428805,0.16114138769137673,116.41954688053042,38.983050847457626,76.27118644067797,62.844657924549345,11.059432308813857,48.220436280162744,86.59793814433964,38.37750186417689,83.0207794140566,207.76434911155684,2.502558402582033,12806.876877297766,4350.779970200044,2.943581832456795,17157.65684749781,74.64234184847601
S7,meditation,0,4893.6,161.82986108284268,949.2857142859066,0.17027701338267767,118.02333750881081,47.540983606557376,81.9672131147541,65.06145907135839,11.65705536583913,46.927374301657856,86.59793814433964,39.67056384268178,84.05770373802942,212.86641425662714,2.5323843596779345,19396.602718865655,4366.265527537833,4.442378182575519,23762.868246403486,81.62567968536936
S7,meditation,0,4923.6,178.00026204554382,931.4285714290236,0.18916723083345666,135.82357241539128,54.09836065573771,77.04918032786885,66.11873935935935,12.778319284930538,46.927374301657856,87.13692946065194,40.209555158994085,96.82441376838166,232.36441094748946,2.399853527678872,22087.565955479793,4797.43839207805,4.604033267410523,26885.004347557842,82.15570907090503
S7,meditation,0,4953.6,170.88910694976164,1008.5714285714857,0.1779009890229621,131.64875448645597,41.66666666666667,73.33333333333333,64.63020050555512,12.477738784987952,49.58677685950264,86.06557377044176,36.47879691093912,93.81691086235848,222.72081399011282,2.3739943251475526,26289.24636809342,3683.4871327748433,7.137053943850542,29972.733500868264,87.71053987228713
S7,meditation,0,4983.6,164.18753286422213,963.571428571413,0.17382818838112077,123.89194398291491,47.540983606557376,73.77049180327869,65.56497415760022,12.040293906049955,48.72389791184384,87.31808731806355,38.594189406219705,88.30912912126357,214.74773481907567,2.431772761841986,13154.925922002816,4814.758128905343,2.7322090891809028,17969.68405090816,73.20621711953798
S8,baseline,0,158.5,98.22604946140054,941.4285714285597,0.10462704171894507,100.00444361423803,62.903225806451616,87.09677419354838,64.64195026938636,7.20796270193748,51.15712545676018,86.7768595041337,35.61973404737352,71.29093220642221,119.22380874106614,1.6723558670246412,798.9233143607294,3636.685623762309,0.21968445915162954,4435.608938123039,18.011581397407856
S8,baseline,0,188.5,51.06904994222644,917.8571428571587,0.055652966125316096,69.31779185909555,52.38095238095239,76.19047619047619,65.58406750371194,3.629606518384172,59.07172995780697,72.04116638078712,12.969436422980145,49.40818760248884,52.677573234162054,1.066170928146098,154.47920498366506,1582.3719786366592,0.09762508883452381,1736.8511836203243,8.894210767192257
S8,baseline,0,218.5,61.43149479216563,905.0000000000011,0.06831472040914797,59.54010033482073,46.15384615384615,73.84615384615385,67.03587715165371,4.669508791801052,59.23836389280508,78.35820895522285,19.119845062417767,42.415085084201706,75.81963902644009,1.7875630539447045,1402.3454085883986,1448.698856272695,0.9680033931941125,2851.0442648610933,49.187079480743265
S8,baseline,0,248.5,78.21963577466965,912.8571428570922,0.0855671249428382,62.56068482453031,43.75,79.6875,66.12032397817983,5.779191512140785,55.40897097625508,79.24528301887285,23.836312042617777,44.58587065793207,101.23597670353219,2.270584272767179,1069.663145012937,2679.4699586826728,0.39920699299007006,3749.13310369561,28.530946099474157
S8,baseline,0,278.5,61.950953299157405,919.2857142857065,0.06713763535165952,53.755315540119256,30.158730158730158,73.01587301587301,65.311260688076,4.383709688359711,55.40897097625508,79.24528301887285,23.836312042617777,38.294778594598355,78.79943630343719,2.0577070607362695,934.7699022983863,907.2802103506066,1.0302990097592415,1842.050112648993,50.74617112094327
S8,baseline,0,308.5,43.84244600415175,881.4285714285575,0.049696935772681965,37.92711820859959,18.181818181818183,66.66666666666666,68.1764333959377,3.3622665466044,61.58357771261003,75.40394973070181,13.820372018091781,27.009222886389345,55.810590592890755,2.066353068640682,599.9139608290429,554.6999077715349,1.0815108357222414,1154.613868600578,51.957972889772606
S8,baseline,0,338.5,34.638274686866765,857.1428571428896,0.04008123967072292,36.9797138780293,19.402985074626866,62.68656716417911,69.53700750161082,2.7571092717183574,63.2530120481929,75.40394973070181,12.15093768250891,26.33785853057917,41.302994499053796,1.568198661675534,384.73678070446215,511.73770556253345,0.7518241796967763,896.4744862669957,42.91664588320214
S8,baseline,0,368.5,33.20064312820145,867.8571428571331,0.038159815832867844,37.33874864629788,19.402985074626866,65.67164179104478,69.06053840697578,2.6178974688734047,63.92694063926892,73.94366197183163,10.01672133256271,26.595810848168274,38.6940338241031,1.4548920521732491,190.41296283819457,558.2153197914232,0.34111024202872514,748.6282826296178,25.43491439694925
S8,baseline,0,398.5,59.014810698344164,865.7142857142617,0.06878913426961465,39.70857222670188,25.0,69.11764705882352,70.28867650295958,5.201601501868806,62.78026905829545,85.88957055214748,23.109301493852023,28.286187469673695,78.51998065431033,2.775912474542336,1076.6039905981586,523.5373859652699,2.056403266431822,1600.1413765634284,67.28180436845813
S8,baseline,0,428.5,61.91953160325595,864.2857142857565,0.07261833178994906,40.33361774362551,25.0,66.17647058823529,70.75367774683463,5.423694495236207,61.58357771261003,85.88957055214748,24.305992839537446,28.731346483162927,82.71980728457764,2.8790786861678375,205.03045941719455,729.7353205081665,0.28096551400913045,934.7657799253611,21.93388588032884
S8,baseline,0,458.5,51.47813380624791,848.5714285714039,0.06035669044402896,47.60626579157833,29.411764705882355,73.52941176470588,70.60206020258128,4.277870500374328,61.58357771261003,81.55339805824829,19.96982034563826,33.88913093085946,64.43231584460543,1.9012678718749123,891.5065588636444,943.7188956967136,0.9446738461302899,1835.225454560358,48.577495296195714
S8,baseline,0,488.5,73.06426764030904,841.4285714285654,0.08625410447334524,53.118652516745925,36.231884057971016,75.36231884057972,71.37013584667851,6.393282677020175,58.011049723756834,90.71274298057502,32.70169325681818,37.81544777195081,96.16010774451266,2.5428789928500692,2416.3216403863535,788.115971436645,3.0659467996590353,3204.4376118229984,75.4054824307131
S8,baseline,0,518.5,91.55577347112117,847.1428571428987,0.10923306866828439,52.640482598125566,31.428571428571427,67.14285714285714,72.4567575916737,8.152636101046259,58.011049723756834,90.71274298057502,32.70169325681818,37.482982998297395,123.9352463883453,3.3064403223717513,1550.8434033080318,1199.271509581285,1.2931545450033204,2750.1149128893167,56.39194915236069
S8,baseline,0,548.5,76.57847157358101,815.7142857143072,0.09284616601305083,49.126183692601344,27.142857142857142,72.85714285714285,73.37167524759307,6.869782767742455,60.957910014510894,88.05031446540914,27.09240445089825,34.9574616701676,102.50122189842556,2.9321700432814666,958.2741959034935,674.5676954233824,1.4205752845932638,1632.8418913268758,58.68750679374003
S8,baseline,0,578.5,45.22177950683548,820.7142857143026,0.05477870760075247,46.54798140793142,28.169014084507044,76.05633802816901,72.8949526926624,3.985409070726983,64.51612903225364,82.51473477407549,17.998605741821848,33.146568861748854,54.69299458086961,1.6500348741671822,301.08696937178047,989.0701025362944,0.30441418520254176,1290.1570719080748,23.337233576256615
S8,baseline,0,608.5,48.79532990125316,807.1428571428214,0.06001784469741331,48.32805507186531,27.77777777777778,69.44444444444444,74.06047196916164,4.420029462172098,64.31852986217149,85.19269776875372,20.87416790658223,34.40872142154406,59.81645534866502,1.738409707697323,853.8422028595287,793.4470062628401,1.0761174925609107,1647.289209122369,51.83316919282394
S8,baseline,0,638.5,66.93208816822957,826.4285714285506,0.081276406304753,52.08004540738764,32.3943661971831,73.23943661971832,73.33689860132868,5.989896968585063,62.407132243679555,87.31808731807799,24.91095507439843,37.08822014581814,87.0877303615994,2.348123744391086,909.112738499733,1071.8289878201647,0.8481882360250805,1980.9417263198977,45.892957194083685
S8,baseline,0,668.5,67.82523823030184,882.14285714281,0.07765065636679809,54.07291925737589,35.82089552238806,76.11940298507463,69.12804455638796,5.738127707977829,60.43165467625958,87.31808731807799,26.886432641818402,38.516708856659655,87.84639446696552,2.280734701240618,1171.6327345310217,1413.5360239571555,0.82886655498957,2585.1687584881774,45.321324988323
S8,baseline,0,698.5,43.888271070062856,895.7142857143481,0.048708840492910736,51.86600917905509,35.9375,68.75,66.74455059272833,3.222401211195341,60.43165467625958,73.2984293193715,12.86677464311191,36.963960502245676,49.86006717832472,1.3488832500861363,511.6497585001961,957.3381428600062,0.5344504053412775,1468.9879013602024,34.830086621301405
S8,baseline,0,728.5,41.448228866429986,877.1428571428714,0.047350366196608575,44.96029994814238,28.78787878787879,68.18181818181817,68.69317573766789,3.2056780195742554,61.31386861314052,75.00000000000426,13.686131386863742,32.0196625345956,49.09839675079559,1.5333827050096889,298.98124038932997,811.054211924777,0.3686328681775709,1110.0354523141068,26.934386623962283
S8,baseline,0,758.5,55.56773496939895,838.571428571413,0.06590736768200679,44.47785834975418,28.57142857142857,68.57142857142857,71.48111948046474,4.89185442226408,62.22222222221803,84.16833667334463,21.946114451126597,31.674046725703054,71.91871177431298,2.2705880431739067,913.6357200019685,838.0739325825118,1.0901612429187653,1751.7096525844804,52.15680113733382
S8,baseline,0,788.5,53.40622798757932,832.857142857165,0.06407767498690801,43.90820002179033,27.142857142857142,70.0,72.2861008138099,4.720021476898803,62.22222222221803,84.16833667334463,21.946114451126597,31.258973444379066,68.7555594474091,2.199546302112253,417.69788580471925,718.0489812068882,0.5817122462908555,1135.7468670116075,36.77737512970399
S8,baseline,0,818.5,37.50678499780692,824.2857142856792,0.045361542181121414,39.00512039346624,20.0,67.14285714285714,72.71156543458874,3.273947450343296,65.93406593406824,79.69639468690902,13.762328752840773,27.775530957983364,45.18891149104541,1.6269324089394956,197.98945576391452,562.8363313570575,0.35177092297247614,760.825787120972,26.022968610609677
S8,baseline,0,848.5,60.65135233556347,802.142857142826,0.07510554495427278,45.65400869501295,24.65753424657534,69.86301369863014,74.73042520588545,5.879512403016523,60.957910014510894,93.750000000002,32.79208998549111,32.437506970765334,79.40391187962261,2.4479042717797728,978.6602338890406,892.7768105042395,1.0961980893481027,1871.43704439328,52.294584892452114
S8,baseline,0,878.5,80.61593746602937,775.7142857143435,0.10475407496188481,50.84675064896076,31.57894736842105,67.10526315789474,78.83471491473976,8.477400786971913,60.957910014510894,97.90209790209873,36.94418788758784,36.166223241370375,108.1196700120236,2.9895206168043007,3341.626141653174,787.8377230460362,4.241515789233046,4129.46386469921,80.92154941030287
S8,baseline,0,908.5,68.8955684752747,773.5714285714721,0.08913098202627828,48.640567039295284,32.0,66.66666666666666,78.27189266249262,7.427640382893226,66.77265500794589,97.90209790209873,31.129442894152845,34.612301269259184,91.07791890413708,2.6313742676517053,1245.566897564637,912.6850574052618,1.3647280488033287,2158.2519549698986,57.71183918987851
S8,baseline,0,938.5,39.72456910484401,792.1428571428919,0.04981438655056934,41.56365049190782,24.65753424657534,67.12328767123287,75.42062005330705,3.688409740634875,66.77265500794589,83.33333333334333,16.560678325397447,29.582295614690928,47.759507611533145,1.614462522908979,175.31597039430255,629.2131370859596,0.27862732047559247,804.5291074802622,21.791128346292137
S8,baseline,0,968.5,49.246329366335914,792.8571428570876,0.061895388947658385,42.52055730716202,22.972972972972975,63.51351351351351,75.7041041608724,4.818426822631969,66.45569620253471,90.12875536481627,23.67305916228156,30.27029927905309,62.72249113094788,2.072080310562095,971.9325085737933,547.0404567478614,1.776710472844919,1518.9729653216546,63.98616241125653
S8,baseline,0,998.5,62.81671222403567,815.7142857143072,0.07705629293151747,49.916881025722276,33.33333333333333,66.66666666666666,74.04555155518646,5.886298261979438,60.34482758620461,90.12875536481627,29.783927778611663,35.53857682371433,81.4179846632154,2.290974820603578,845.578332523457,916.9388160930359,0.9221753051379837,1762.517148616493,47.97560881533566
S8,baseline,0,1028.5,63.971423496481734,850.0000000001364,0.07526599812140856,56.18017875543959,38.23529411764706,76.47058823529412,70.99440493880311,5.4318096289361675,60.34482758620461,85.71428571428015,25.369458128075543,40.00963795570795,81.14132682539524,2.028044515554514,1700.4338827383901,1188.8150365254696,1.4303603424366338,2889.2489192638595,58.85383815153029
S8,baseline,0,1058.5,56.1710848387433,844.2857142858884,0.06614646473842631,54.66283207156898,36.76470588235294,73.52941176470588,70.95599230638787,4.62266447258927,62.2222222222327,79.24528301887881,17.023060796646106,38.93832071895255,69.24008032570865,1.7781989322412468,952.480629725711,1554.6316757274255,0.6126728565980344,2507.1123054531363,37.991143342641735
S8,baseline,0,1088.5,48.321584904595454,828.5714285714221,0.05767628352646297,45.53472387877981,31.428571428571427,61.42857142857143,71.84570050252646,4.055029769713316,63.444108761328174,79.09604519773416,15.651936436405983,32.4297525345566,60.151993199988596,1.854839722748166,818.164920539567,560.580518917362,1.4594958135892282,1378.745439456929,59.34126033169924
S8,baseline,0,1118.5,43.70327122576709,822.8571428570604,0.05244820695720273,41.547626463082885,21.73913043478261,53.62318840579711,72.19466635009822,3.657302041348989,63.444108761328174,78.21229050280482,14.768181741476646,29.593835517715622,54.26008414125725,1.8334927930776592,418.89862351127556,547.2848968771461,0.7654123581731316,966.1835203884217,43.356009978608554
S8,baseline,0,1148.5,54.98135250529948,828.5714285714221,0.06574374986799596,47.17624049921685,30.0,64.28571428571429,72.04234794375546,4.6046116909791435,61.04651162789995,82.19178082191576,21.145269194015803,33.58319754443264,70.12893189914999,2.0882148522744175,1793.9558004883206,952.5418735762239,1.8833353685052099,2746.4976740645443,65.31794355512575
S8,baseline,0,1178.5,59.776421336319025,829.9999999999272,0.07158076668309198,55.158927551489455,38.57142857142858,72.85714285714285,72.20384223109438,5.049699821765377,61.313868613133394,82.19178082191576,20.877912208782362,39.28469520874948,74.85421710170996,1.905429498789606,2490.461588079737,1480.3733271453862,1.682319954306466,3970.834915225123,62.71883977172449
S8,baseline,0,1208.5,53.44045312150036,840.7142857142844,0.06334564330527646,55.722248196761576,36.231884057971016,71.01449275362319,71.39473688254228,4.396829632665957,61.313868613133394,79.69639468692105,18.38252607378766,39.68962324632184,64.315611372571,1.6204641443284884,652.4970584340446,1269.0541695076047,0.5141601313104031,1921.5512279416494,33.956787045068495
S8,baseline,0,1238.5,44.242443869253194,837.8571428571604,0.052536829914535725,47.99992605735159,30.434782608695656,71.01449275362319,71.43746325589697,3.6567994865896254,61.49341142020563,78.35820895522866,16.86479753502303,34.17975370151481,52.407367000754995,1.5332868533348254,442.65406287497996,801.7307902998972,0.5521230670327627,1244.3848531748772,35.57211916760388
S8,amusement,0,1662.5,113.60098361033195,928.5714285713311,0.12470673504801452,86.58873147450261,54.6875,84.375,66.97917571658955,9.184343535203437,51.91594561187432,93.33333333333805,41.417387721463726,61.683422903376346,148.34258422109627,2.4049019532114273,6220.1193311749275,4878.253170124525,1.275071037573097,11098.372501299453,56.045328542060055
S8,amusement,0,1692.5,117.81963941097801,898.5714285713584,0.13290699173501197,76.90901707764965,45.45454545454545,83.33333333333334,68.93187442830057,9.620531101787414,54.47470817120276,93.33333333333805,38.85862516213529,54.722042420242616,157.3799000356238,2.8759873183645333,6117.544235268195,2198.287453622507,2.7828681936874244,8315.831688890703,73.56503190704007
S8,amusement,0,1722.5,132.37780907819612,827.1428571429169,0.15603504840463842,78.95760711600268,41.17647058823529,77.94117647058823,72.46874509843208,11.476542000670912,56.60377358490857,97.22222222221853,40.61844863730996,56.245690897426435,178.56144860567704,3.1746689525303218,9223.732184980261,2250.7906831273463,4.097996430376372,11474.522868107608,80.38445076105766
S8,amusement,0,1752.5,120.41088272729031,908.5714285713493,0.13626596529956586,75.46167940584562,46.96969696969697,78.78787878787878,69.32912898518215,10.754600705666036,57.29877216916304,97.22222222221853,39.9234500530555,53.76833609136412,161.5751447231183,3.005024080502825,4208.109698909885,1752.8929872774227,2.4006654881116747,5961.0026861873075,70.59399098512095
S8,amusement,0,1782.5,108.71393499353637,875.7142857143663,0.1263659196733762,88.3982788423147,55.88235294117647,83.82352941176471,70.96134852654303,9.89832877886402,57.455540355677584,98.13084112148553,40.67530076580795,62.964251112608544,140.26026666660118,2.2276174843365073,5107.774218964912,2257.035143187772,2.2630459407693744,7364.809362152684,69.3537872848883
S8,amusement,0,1812.5,119.2034258754478,844.285714285661,0.14221884115538225,92.7844299293831,51.42857142857142,80.0,73.119163323436,11.044783853372468,57.455540355677584,98.13084112148553,40.67530076580795,66.08121425252165,155.08767392607027,2.3469253051770633,1276.3535747035114,4185.703853796175,0.30493164812554463,5462.0574284996865,23.3676337426225
S8,amusement,0,1842.5,111.51410808658692,891.4285714286052,0.12682813175694013,88.90907573291055,56.060606060606055,80.3030303030303,69.41129998709695,9.475687847728436,53.91527599486546,92.30769230767939,38.39241631281393,63.321093762465644,144.43417770534444,2.2809804620109007,6999.313133239802,3291.366381964127,2.1265676077857223,10290.679515203929,68.01604425537391
S8,amusement,0,1872.5,126.09509964782859,881.4285714286143,0.14595997170281994,83.07368330810775,60.60606060606061,74.24242424242425,71.09367093611066,11.590791957730588,53.91527599486546,99.52606635071025,45.61079035584479,59.152707984487186,168.2287295573905,2.8439734255532056,2798.0233760287424,1533.8253055589935,1.8242125526863826,4331.848681587736,64.59190017235767
S8,amusement,0,1902.5,111.63958028188696,848.5714285714039,0.1332745758073063,60.04104524158316,47.14285714285714,72.85714285714285,72.99634044256898,10.573322730156947,56.224899598401926,99.52606635071025,43.301166752308326,42.7592814475756,151.98169501988977,3.5543556831333736,1367.0685156732338,2211.179421277842,0.6182530926790212,3578.2479369510756,38.20496901726923
S8,amusement,0,1932.5,64.08944520604675,831.4285714286598,0.07695874330717152,55.25108338977156,40.0,72.85714285714285,72.47591678261894,5.66449256525397,61.76470588234096,85.53971486761964,23.775008985278674,39.336194074661094,81.65523748883678,2.0758296375560144,1552.134521828559,1130.140262778331,1.3733998981797175,2682.2747846068896,57.866350261203294
S8,amusement,0,1962.5,75.2708076663884,867.8571428571331,0.08619969794105835,64.21649910446004,50.74626865671642,71.64179104477611,69.21977698262782,6.01909490549532,57.851239669416124,85.53971486761964,27.688475198203513,45.65064907483216,96.16344010354139,2.106507619331039,1980.6415197874926,1672.4546370498977,1.1842721924471546,3653.0961568373905,54.21816001422205
S8,meditation,0,2314.5,116.31063982824294,978.5714285717404,0.1229281315349067,80.48916446201221,48.38709677419355,69.35483870967742,64.49394365211961,9.062540900430095,53.43511450380665,93.33333333330503,39.89821882949838,57.354101210609365,154.16496667152913,2.6879501799779173,4555.045316331821,1665.7326574525332,2.7345596521461135,6220.777973784354,73.223081349756
S8,meditation,0,2344.5,109.21761207068018,947.1428571428078,0.11721536814185582,86.69124497455353,56.451612903225815,82.25806451612904,65.27486504879762,7.683080681308027,52.1091811414278,80.92485549133572,28.815674349907923,61.79116000406308,141.55856073793433,2.290919295391544,9612.6742861705,2002.0615162791062,4.8013880732475975,11614.735802449606,82.76274596055073
S8,meditation,0,2374.5,112.71760933844845,923.5714285714494,0.1232277239162127,87.17036107358162,53.96825396825397,77.77777777777779,66.58889215961875,8.24687497428916,52.1091811414278,81.71206225680413,29.602881115376334,62.126028828510044,146.8021643299216,2.362973573204684,5145.446538105738,2622.4208205186214,1.9620979584383227,7767.867358624359,66.24014418053818
S8,meditation,0,2404.5,107.68457375795668,914.2857142860521,0.11856377751934657,87.39571044439762,53.125,75.0,66.9861970541527,7.973211110886352,51.91594561187432,81.71206225680413,29.79611664492981,62.28610954959719,138.96897282502022,2.2311390746657884,4925.606228304341,3010.956045426965,1.6358944315329158,7936.562273731306,62.062213568301146
S8,meditation,0,2434.5,116.69917724087588,914.9999999999636,0.1297937357309622,84.88795829273316,52.307692307692314,81.53846153846153,67.88854171970799,9.117728074069907,52.36907730673032,87.86610878659049,35.49703147986017,60.31647713235586,153.62069692504562,2.546910964112626,4662.538834713915,1124.3352695313538,4.146929266621119,5786.874104245269,80.57093952145013
S8,meditation,0,2464.5,118.87112767673622,882.8571428573468,0.13528672187576918,85.60877860220174,44.44444444444444,79.36507936507937,69.52497224861627,9.376572142534055,53.29949238578299,87.86610878659049,34.5666164008075,61.004943082968914,156.6495672184305,2.5678176111955624,10663.308757903123,3228.135505051721,3.3032407534367976,13891.444262954845,76.76169990718398
S8,meditation,0,2494.5,123.84251974571937,849.2857142855428,0.14008237225179365,70.67736854085791,35.38461538461539,78.46153846153847,69.11430558146172,9.108488145238168,50.54151624549876,83.00395256920815,32.46243632370939,50.27552617508134,167.76862299535182,3.3369839315278016,16687.433690245023,1547.0493422108711,10.786620203333138,18234.483032455893,91.51580365915915
S8,meditation,0,2524.5,132.71460387065096,854.2857142856519,0.1495654296792948,86.84090045217509,45.45454545454545,81.81818181818183,69.06525193650448,9.917159608442645,49.64539007092711,87.6826722337795,38.03728216285239,61.85002254646349,177.20301033585622,2.865043585113268,8590.601680951226,1181.9455888536065,7.26818709927538,9772.547269804832,87.90545027594212
S8,meditation,0,2554.5,139.06056839423178,848.5714285714039,0.1594628374944406,92.63066209652035,46.15384615384615,83.07692307692308,70.4808105391818,10.790788232462644,49.64539007092711,87.6826722337795,38.03728216285239,66.0086834530797,185.25263040789665,2.8064887938505536,15115.68712181805,1789.057473844825,8.448966756407916,16904.744595662873,89.41683227616566
S8,meditation,0,2584.5,123.91217768267826,831.4285714286598,0.1440735221124514,79.5462824047511,41.17647058823529,76.47058823529412,71.15361401764676,9.874283751188395,51.59705159704376,86.59793814433964,35.00088654729588,56.64615431166295,165.83024078203144,2.9274757094655666,14646.018319176557,1438.9399704093626,10.178338652313569,16084.95828958592,91.05412681523089
S8,meditation,0,2614.5,107.65578517266076,848.5714285711765,0.12453654644790876,70.34023812609854,38.23529411764706,70.58823529411765,70.43838323022668,8.45712841679114,54.901960784313076,84.5070422535168,29.605081469203725,50.076206014140226,143.77729220399706,2.871169835897673,8269.045676147565,1678.6203227397825,4.926096487769868,9947.665998887347,83.1254856875217
S8,meditation,0,2644.5,122.44248299006979,851.4285714286416,0.1391729061178395,83.35126585036694,39.39393939393939,68.18181818181817,69.47010854278989,9.349362335146422,52.50000000001194,84.5070422535168,32.00704225350486,59.38908496328174,162.65687771739368,2.7388345487720334,12521.06152402823,2102.844036383755,5.954346260296415,14623.905560411984,85.62050317066931
S8,stress,1,3292.5,47.042344238227386,614.2857142858702,0.07498000795364873,28.301153257925026,9.574468085106384,37.234042553191486,96.14651615196452,6.948181134812691,77.49077490774803,109.66057441256076,32.16979950481273,20.11756982196995,63.41330844005803,3.1521356208146853,1376.0681111916597,520.2725440464407,2.644898576598401,1896.3406552381002,72.56439434500673
S8,stress,1,3322.5,59.975512682697094,634.9999999999909,0.09237152668402188,38.284882485903736,14.285714285714285,40.65934065934066,93.15452857257803,8.196917623919193,71.18644067796501,107.14285714278058,35.956416464815575,27.22120487173283,80.33137773271332,2.9510588569182477,1881.1452304814036,1236.7755735092787,1.5210077485147637,3117.9208039906825,60.333323029683505
S8,stress,1,3352.5,72.15069991830106,634.2857142856246,0.11031600678337308,47.231415481204486,17.857142857142858,48.80952380952381,92.79792696137822,9.781203514364762,71.18644067796501,109.09090909096321,37.9044684129982,33.594757408892875,96.34749229761559,2.867932371856075,1570.6902970281271,643.9934251926694,2.438984988951105,2214.6837222207964,70.92165266167675
S8,stress,1,3382.5,94.40764423890973,629.9999999996544,0.14218483377122182,59.569793066785415,19.17808219178082,60.273972602739725,91.96837914829344,11.53815380293593,64.31852986216364,109.09090909096321,44.772379228799565,42.251464123847306,126.65078113013095,2.997547747905084,4919.132847771218,1641.387383394611,2.9969359442728174,6560.520231165829,74.98083497102591
S8,stress,1,3412.5,96.05747026642813,662.1428571427259,0.13770567012056037,59.33695842871826,18.571428571428573,62.857142857142854,87.52742935129505,11.20663707639528,64.31852986216364,103.96039603959319,39.64186617742955,42.19157847195424,129.127634122276,3.060507304985289,4901.176920335512,609.351343329088,8.043269246866284,5510.5282636646,88.94205211963002
S8,stress,1,3442.5,88.53655025127804,665.000000000191,0.12831034551112733,49.8004765394411,18.571428571428573,61.42857142857143,88.29813429225375,10.682516736929518,67.19999999998534,104.73815461346064,37.5381546134753,35.407558933707,120.09890187320711,3.3919000769882595,3007.5916726952883,759.9268224973941,3.9577385396284015,3767.518495192682,79.8295131538955
S8,stress,1,3472.5,73.71510078617675,641.4285714286052,0.11033924124586113,39.19289178459077,13.88888888888889,50.0,90.79103274742673,9.07718414284507,67.19999999998534,104.73815461346064,37.5381546134753,27.875749030041227,100.45284856014064,3.6035928021838726,2092.561128822412,594.825986147475,3.5179383173478302,2687.3871149698866,77.86601034015376
S8,stress,1,3502.5,72.85087393262617,651.4285714288235,0.10698001297132713,33.75219821515177,13.333333333333334,44.0,89.01772644006213,8.654211122287728,67.9611650485455,100.71942446045186,32.758259411906366,24.026575652028225,100.18594376424343,4.1697970287241555,1278.0273284748025,358.59006096669225,3.5640344437586418,1636.6173894414947,78.08956062179792
S8,stress,1,3532.5,68.88209539264606,667.142857142835,0.09976771449890988,31.3295805437728,8.823529411764707,39.705882352941174,87.68529087833772,7.99351739208183,67.9611650485455,99.5260663507478,31.5649013022023,22.24690116930126,94.8396621658182,4.2630504556152955,599.645008975019,543.1979241162559,1.1039162381752443,1142.842933091275,52.469590668337915
S8,stress,1,3562.5,56.88325845841828,659.9999999998545,0.08366356826073476,27.55489801490668,10.144927536231885,34.78260869565217,88.80263380340911,6.757304742953294,69.19275123558297,98.36065573768438,29.167904502101408,19.57040090391344,78.02826150924122,3.987054833078975,549.5978858113634,471.6632911897522,1.1652335385800838,1021.2611770011156,53.81560546786193
S8,stress,1,3592.5,71.59152058973216,680.0000000000637,0.10339036083758393,32.194754166046316,12.658227848101266,50.63291139240506,87.5506273354414,8.885904945245423,69.19275123558297,108.52713178293604,39.334380547353064,22.90868267677803,98.61989605913594,4.304913444853138,2507.4043391040445,479.7076048549718,5.226943066416674,2987.1119439590166,83.94075569129211
S8,stress,1,3622.5,64.53782320219916,694.2857142857974,0.09300749583478672,27.27233707053379,4.761904761904762,50.0,87.21981756438973,8.236316998017239,70.70707070709172,108.52713178293604,37.82006107584432,19.39845230923524,89.18498357550423,4.597530883071787,2725.098566590058,406.85422423429293,6.697972896112221,3131.952790824351,87.0095671484497
S8,stress,1,3652.5,53.18686436217552,644.2857142856155,0.08154039133262492,18.996956433643486,0.0,28.888888888888886,92.56203778697517,7.181467700376339,74.60035523976734,104.47761194026353,29.87725670049619,13.485662934858237,73.99879712919868,5.4872198338817935,481.14269353741895,206.32897069065484,2.3319201948561417,687.4716642280738,69.98727635962554
S8,stress,1,3682.5,44.99288345390553,614.2857142854155,0.07208694410438125,24.227467318846937,4.395604395604396,28.57142857142857,96.60663381839413,6.699544227419983,78.35820895522866,111.40583554371337,33.047626588484704,17.22622758898984,61.25337709911003,3.55582072642882,824.4618503136508,263.4806618859367,3.129117121584309,1087.9425121995873,75.78174775492181
S8,stress,1,3712.5,54.56819184501961,615.7142857146027,0.08828520403938858,27.002289707749796,7.0588235294117645,35.294117647058826,97.80798586438873,8.463826732926037,78.35820895522866,114.75409836068881,36.39588940546015,19.204302548674093,74.74336014716438,3.892011176022887,1468.9353098655547,473.4809649899369,3.1024168202765545,1942.4162748554916,75.62412490468027
S8,stress,1,3742.5,58.15277966324809,631.4285714283869,0.09272884911757619,20.356288430455304,2.272727272727273,25.0,96.58774655039421,10.195974918512102,81.71206225680413,154.98154981549607,73.26948755869194,14.465044744453342,80.95834759717816,5.596826627738006,981.294997253509,263.7253093631636,3.7208980799875153,1245.0203066166725,78.8175897243127
S8,stress,1,3772.5,61.351981070615274,659.2857142854882,0.09281691538671027,22.236765604578753,3.3707865168539324,24.719101123595504,91.5604414068014,8.635597848123222,76.22504537208555,109.09090909087301,32.865863718787466,15.792655750425057,85.31543346269089,5.402222071509071,1795.541456095624,106.58645714545125,16.845868642067458,1902.1279132410752,94.39646217252358
S8,stress,1,3802.5,66.52068914700203,665.7142857143299,0.0994752630483721,25.874321623550205,3.4090909090909087,35.22727272727273,90.60990766957866,9.053303235839548,73.5551663748099,109.09090909087301,35.53574271606311,18.397496976332864,92.25798759018089,5.014703234296739,2649.4657718579056,286.06766319526076,9.261675165464137,2935.533435053166,90.25500238630123
S8,stress,1,3832.5,59.11658379523251,635.7142857145845,0.09119381752654328,29.887249278547287,8.641975308641975,39.50617283950617,93.28586005350547,8.136712043272297,73.5551663748099,107.69230769229263,34.13714131748273,21.23838291972882,80.86081900520465,3.80729640815032,1593.0198531282185,208.87973636894336,7.62649302809572,1801.899589497162,88.4078037651791
S8,stress,1,3862.5,49.89995660251187,624.2857142856337,0.0789939844030045,27.835767134622234,8.0,41.333333333333336,95.55067909212839,7.300819829083937,80.92485549133572,107.69230769229263,26.76745220095691,19.659427899873272,67.77549876256774,3.4474807256728273,813.841490296512,703.0423011254226,1.157599605306428,1516.8837914219346,53.65219767650182
S8,stress,1,3892.5,57.822652117696826,637.1428571428623,0.08920703713026674,25.792063443231385,6.172839506172839,46.913580246913575,93.24237190129352,7.716582950050959,72.28915662651237,105.79345088155684,33.50429425504447,18.351027330422657,79.68787857489029,4.342420570797272,2326.4298922460816,271.5404711292795,8.567525432105757,2597.970363375361,89.54797656827441
S8,meditation,0,4896.5,108.42123780311341,862.8571428571377,0.12435695898669576,85.3848285988092,51.515151515151516,80.3030303030303,69.86336579374726,8.598696447192179,51.3447432762875,85.71428571419662,34.36954243790912,60.76447358592837,140.77644818414603,2.3167558258374603,2936.440082110997,3348.6353086493195,0.8769065041291156,6285.075390760317,46.72084103283558
S8,meditation,0,4926.5,133.52058826487269,915.7142857143299,0.14860638828805348,97.95667513789815,58.46153846153847,86.15384615384616,68.26688431848079,10.248550760525466,51.3447432762875,85.88957055218941,34.54482727590191,69.76689433202495,175.46531120554678,2.5150225316107173,14045.937022826989,4491.9887311192215,3.126886077322663,18537.925753946212,75.76865507640194
S8,meditation,0,4956.5,133.23421955081926,852.8571428569194,0.1518665912504561,86.02874088526337,47.76119402985074,82.08955223880598,69.94686153072614,10.497459459255385,53.09734513278097,89.93576017133984,36.838415038558864,61.260248174852414,178.18500641801293,2.908656293873106,11354.464216149894,1908.9534653391715,5.948004716884233,13263.417681489065,85.60737879797468
S8,meditation,0,4986.5,110.22230311593165,837.1428571426804,0.13000579341879118,69.2354491498142,35.294117647058826,73.52941176470588,71.92739577160201,9.1267584477158,54.687499999997925,89.93576017133984,35.24826017134191,49.31004085751381,147.87302688114204,2.998842108211502,13132.652504833486,1416.2363139879592,9.2729245643006,14548.888818821446,90.26567367704523
S8,meditation,0,5016.5,100.70483342285291,817.1428571431534,0.12084190982461056,63.31374051189991,38.57142857142858,74.28571428571429,73.007391177384,8.535131619879602,56.52759084793241,89.17197452236118,32.644383674428774,45.04422412487242,135.10716051504215,2.999433626395598,8447.802029694069,2088.721845193404,4.044483974318681,10536.523874887473,80.17636679805169
S8,meditation,0,5046.5,84.51211296926535,812.8571428569558,0.10297508161403639,56.900776907647234,37.5,70.83333333333334,73.85719261848382,7.418317267363462,58.906030855524044,89.17197452236118,30.26594366683714,40.51408649305522,112.44199959398169,2.775380351060269,4210.8340592297645,1461.8146593067854,2.8805526284888985,5672.6487185365495,74.2304744778219
S8,meditation,0,5076.5,80.87816040420519,798.5714285714494,0.09941245511882534,56.607612285856675,31.944444444444443,69.44444444444444,74.44866916148017,7.165823963684608,58.41446453405619,86.59793814433964,28.18347361028345,40.30415762872013,107.0426482229208,2.655871119029265,3822.93968729924,1451.6086958035467,2.633588306787477,5274.548383102787,72.47899553914739
S8,meditation,0,5106.5,91.43234398659088,797.8571428570831,0.11121223421479327,61.11402317549661,26.76056338028169,70.4225352112676,73.82382230288471,7.749461900364379,57.14285714284724,87.13692946065194,29.9940723178047,43.5171512708817,121.76208194274506,2.798025109337035,5072.22602697659,1463.6461790898477,3.465472803085988,6535.872206066438,77.60595475334836
S8,meditation,0,5136.5,96.37298121909666,787.8571428568648,0.11870856253983576,57.32390835002063,26.76056338028169,64.7887323943662,74.8788163942674,8.381220704706998,57.14285714284724,88.98305084750426,31.84019370465702,40.71680955145868,130.06784551941712,3.1944508165610297,5244.483849520777,967.5465309646329,5.420394453062723,6212.03038048541,84.42463298305651
S8,meditation,0,5166.5,104.06750755173879,789.9999999999636,0.12798983455423338,67.34455520408461,29.166666666666668,68.05555555555556,74.9201967232367,9.013849619324612,54.75880052151836,89.3617021277495,34.602901606231136,47.94097876870641,139.14652281232492,2.9024547763958704,9601.724453388224,1093.957648359162,8.77705317732359,10695.682101747387,89.77196930544112
S8,meditation,0,5196.5,106.136068481737,800.0000000001819,0.1304930729853426,64.02438063100992,26.38888888888889,70.83333333333334,74.93620991542691,9.153673080416514,54.75880052151836,89.3617021277495,34.602901606231136,45.55876454417394,143.01793257745146,3.1391969033484384,8700.789354695004,1290.1190073840341,6.744175773626913,9990.908362079037,87.08706995771534
S8,meditation,0,5226.5,102.03853599164917,771.4285714291691,0.12876081464806327,57.63650857036914,27.77777777777778,68.05555555555556,76.88986723192082,9.361827478201002,56.603773584884294,93.1263858093269,36.52261222444261,41.02190367442947,138.3507465594747,3.372606684894393,3220.12570085971,521.7721115167398,6.171517468611199,3741.8978123764496,86.05594974317681
S9,baseline,0,75.2,68.13815113053597,807.1428571428569,0.08313956367062927,47.33665428340751,28.169014084507044,67.6056338028169,73.68775557786095,5.857507527427383,60.431654676258724,83.66533864541792,23.233683969159195,33.685631954721096,90.28229881204064,2.6801426475654235,3890.107722217928,990.1532445516741,3.928793591924559,4880.2609667696015,79.71105948444624
S9,baseline,0,105.2,62.59140490965624,814.2857142857167,0.07671545598396416,43.54377212303627,29.166666666666668,62.5,73.95996584517454,5.579985620653511,61.67400881057305,84.50704225352018,22.833033442947134,30.994963099450697,82.91369126744249,2.6750698492979303,2791.5450085699104,611.9337031509048,4.561842229306835,3403.478711720815,82.02034579962134
S9,baseline,0,135.2,48.555626167376204,792.8571428571445,0.06151027613317688,34.49941444941346,16.216216216216218,58.108108108108105,76.29181071616473,4.685094743269086,67.6328502415455,86.24229979466261,18.609449553117116,24.552054567357523,64.12873210608078,2.6119497221768677,978.3585368334169,659.8806053965834,1.4826296284998868,1638.2391422300002,59.72012947399473
S9,baseline,0,165.2,66.56132512081311,782.8571428571536,0.08429549074521016,46.321974452238976,20.27027027027027,63.51351351351351,76.4717763130196,5.89908183309485,56.52759084791424,87.86610878661243,31.33851793869819,32.9528501863055,88.1755616272223,2.6758098655716944,6095.296826752317,1257.4229770422842,4.847451444771354,7352.719803794602,82.89853264375243
S9,baseline,0,195.2,89.27588117195145,782.8571428571536,0.11105154644320155,49.39142103296382,23.61111111111111,54.166666666666664,75.51552505024819,8.111362743102921,57.692307692308134,94.38202247190794,36.68971477959981,35.095545683435944,121.2792999288776,3.455689249650785,3487.481983878302,1189.6389234228568,2.9315466358851454,4677.120907301159,74.56471733356761
S9,baseline,0,225.2,78.9564436574378,798.5714285714209,0.09770369950103097,48.304882548296064,20.833333333333336,40.27777777777778,74.92889095280947,7.14687312744272,57.692307692308134,94.38202247190794,36.68971477959981,34.35529480559306,106.24478203131244,3.092530063634201,4616.800476271052,1222.5301163517706,3.776430874397056,5839.330592622822,79.06386533592966
S9,baseline,0,255.2,43.23456292728242,788.5714285714585,0.0546535010879181,29.992185045724934,12.162162162162163,36.486486486486484,76.06847850352878,4.11484099367466,67.41573033707537,83.66533864541958,16.249608308344207,21.349216617077357,57.294553081976254,2.683684095281792,856.3145890968206,321.6306801554661,2.6624157517650526,1177.9452692522866,72.69561765296409
S9,baseline,0,285.2,56.65193237164414,777.1428571428487,0.07297461661828193,32.98876046512672,15.068493150684931,45.20547945205479,77.69902358481089,5.740202644408767,66.66666666666835,90.32258064516174,23.655913978493388,23.48582140438847,76.59829682077698,3.261469782209283,1060.7069114662856,454.9570121284614,2.3314442533897797,1515.663923594747,69.98298863976218
S9,baseline,0,315.2,65.64527180134918,774.2857142857247,0.08468172316995509,36.89363929773779,19.17808219178082,50.68493150684932,77.95628834135822,6.688246138041509,66.66666666666835,91.10629067245429,24.439624005785944,26.259767202477043,89.04508996130966,3.3909321920001703,4325.034326461138,419.9764039987113,10.29827934446148,4745.01073045985,91.14909474697836
S9,baseline,0,345.2,49.664402002234496,803.5714285714164,0.062110478602504744,30.211721449522752,9.58904109589041,45.20547945205479,75.34087670556333,4.990804991393,68.18181818181853,91.10629067245429,22.924472490635765,21.493956922851726,66.86640014444998,3.110939525209509,949.7156749813523,328.1126371620528,2.8944806368804796,1277.8283121434051,74.32263520506265
S9,baseline,0,375.2,57.2094098654865,802.1428571428544,0.07259661780469141,26.351883589367745,2.666666666666667,52.0,76.55953197297436,5.9081667338827994,67.7419354838742,92.92035398230009,25.178418498425884,18.758370075155824,78.7016944318097,4.19555079233908,723.6295258299959,270.00382905462936,2.6800713470014728,993.6333548846253,72.82661378794188
S9,baseline,0,405.2,64.90749212189739,794.2857142857065,0.08223672892341656,30.621436384403218,9.45945945945946,51.35135135135135,76.54439126517929,6.504634125323711,65.01547987615719,92.92035398230009,27.9048741061429,21.79598973681567,89.16781873804567,4.091019486370561,2691.220233656178,586.3442466137094,4.589829693390317,3277.5644802698876,82.11036731257757
S9,baseline,0,435.2,50.4673584097736,793.5714285714255,0.06312227853739635,28.06398695326412,8.21917808219178,42.465753424657535,75.34922084947362,4.91177772085628,65.01547987615719,92.51101321585283,27.49553333969564,19.801671727711916,68.5696895611248,3.4628232658338303,527.4629459248886,352.122303808701,1.497953808150266,879.5852497335895,59.9672341122873
S9,baseline,0,465.2,63.57516152862682,777.1428571428487,0.08229152053007815,33.930253223061605,11.842105263157894,46.05263157894737,78.20518470499228,6.700437872987321,66.98564593300969,94.80812641083872,27.822480477829032,24.1490293307116,86.60500394992437,3.586272672242946,3047.3618676501656,414.70400692093096,7.348281706453796,3462.0658745710966,88.02148711360648
S9,baseline,0,495.2,57.37924476706919,781.4285714285347,0.07383894491202632,31.390019645312844,9.333333333333334,44.0,77.64231789673943,5.9439357533336405,66.98564593300969,92.92035398230009,25.934708049290393,22.30016361592872,78.0221645609841,3.498726103751717,831.411823155233,519.9557178984387,1.599005058576219,1351.3675410536716,61.52373783574636
S9,baseline,0,525.2,31.811536842915185,805.7142857143162,0.03945844436907944,21.18445607368985,0.0,37.5,74.53893051207625,2.985445793210958,69.42148760331152,82.84023668639715,13.418749083085629,15.06174547464148,42.392116907196524,2.8145553899160944,104.7652884340279,295.90654373303187,0.3540485692284912,400.67183216705973,26.147405438360366
S9,baseline,0,555.2,57.83236884120931,795.7142857143253,0.07389830480742501,27.36301690013827,6.666666666666667,48.0,77.10235064474634,5.972789181251608,68.85245901639831,92.51101321585283,23.658554199454514,19.478567664784546,79.43394219916172,4.078017622557072,682.8926980622169,234.7713962297264,2.908755960176677,917.6640942919433,74.41641253155136
S9,baseline,0,585.2,49.74326702367127,757.8571428571763,0.06543116864999038,27.465131015160967,6.493506493506493,50.649350649350644,79.25889548738694,5.224372643601589,68.85245901639831,92.51101321585283,23.658554199454514,19.548090991123903,67.57704763438,3.456964041402526,1910.05785922597,310.3616476269308,6.154297329681498,2220.4195068529007,86.022386910714
S9,baseline,0,615.2,36.16928214657509,757.1428571428669,0.04741291667154037,23.60159837292314,2.631578947368421,35.526315789473685,78.82429780551328,3.69351292813007,71.30730050934078,85.02024291497882,13.712942405638046,16.76729379079128,48.324856967511074,2.8820904297658005,391.042835419244,403.72939527883176,0.9685765762712771,794.7722306980758,49.20187448871706
S9,baseline,0,645.2,57.71479666866579,754.2857142856292,0.07624529994689955,31.085793067112416,7.6923076923076925,38.46153846153847,79.72411412091398,6.155222379682231,65.93406593406824,96.10983981692854,30.175773882860298,22.046776821176483,78.58711816072724,3.5645626931389964,1200.887946778973,331.0442114889694,3.627575728866014,1531.9321582679422,78.39041306742592
S9,baseline,0,675.2,67.32705294975806,750.7142857142526,0.09020755491402171,33.71473012855239,11.39240506329114,46.835443037974684,81.02782398495651,7.199412312884707,65.93406593406824,96.10983981692854,30.175773882860298,23.99042189539827,92.14295293227717,3.840822530509628,4879.152675798001,715.5845857015064,6.818415004027566,5594.737261499507,87.20968381078694
S9,baseline,0,705.2,55.10786199003615,724.2857142857133,0.07477865398827264,29.056906192302616,10.126582278481013,45.56962025316456,81.85449060876229,5.942885981112905,67.85137318255939,92.10526315789124,24.25388997533186,20.675504874085725,75.14170882025108,3.6343348942560643,1290.0378136376603,431.558297286073,2.989255036342205,1721.5961109237332,74.93266309398679
S9,baseline,0,735.2,53.667951355512464,754.2857142857429,0.07111270552858763,27.449203742761856,5.194805194805195,46.75324675324675,79.89888360854026,5.658721586597328,67.85137318255939,92.92035398230827,25.068980799748886,19.45407996487112,73.36236622489561,3.771052980010799,968.9997597045015,203.748531707837,4.755861313857163,1172.7482914123384,82.6264055808205
S9,baseline,0,765.2,67.32297629938263,757.1428571428669,0.08773897244878191,42.8323863333718,7.894736842105263,50.0,78.7749139640425,6.778557285656635,61.58357771260644,98.36065573770271,36.77707802509627,30.48725617557839,90.19586180362782,2.958477512183553,7463.7756781850185,1086.3780908839308,6.870329713766708,8550.15376906895,87.29405201092389
S9,baseline,0,795.2,63.5076107428137,761.4285714286098,0.08217448192427634,41.6867119702081,7.894736842105263,43.42105263157895,78.13522738677563,6.226330318005991,61.58357771260644,98.36065573770271,36.77707802509627,29.635628855698137,84.78303336664008,2.86084812910385,1050.0086772419718,381.11168691289487,2.7551206465152482,1431.1203641548666,73.3696971646437
S9,baseline,0,825.2,54.25101936150816,752.857142857124,0.07266054810461395,25.314350209536087,5.128205128205128,39.743589743589745,80.78936634158407,5.998622643034281,70.58823529411576,95.23809523809592,24.64985994398016,18.011562950694227,74.57834674755566,4.1405816336822205,831.1799216350435,340.53936109690466,2.440774890038397,1171.7192827319482,70.9367793023844
S9,baseline,0,855.2,74.1197514496785,759.9999999999909,0.09810284178106385,31.770362764256937,12.987012987012985,49.35064935064935,80.15715321315318,7.708362616261194,64.12213740458617,95.23809523809592,31.115957833509754,22.593988211882746,102.35715317751632,4.530282667124883,948.8912365955509,731.862891148387,1.2965423552307982,1680.754127743938,56.45627881748769
S9,baseline,0,885.2,57.83778072811378,805.7142857142026,0.07220139876409923,30.024684653895523,10.95890410958904,41.0958904109589,75.30506150788919,5.7073509088602234,64.12213740458617,90.32258064516174,26.200443240575567,21.3339306743558,78.96379652149787,3.7013243235300926,1576.3885473535906,284.75843108023616,5.535880154183785,1861.146978433827,84.69984185129414
S9,baseline,0,915.2,43.248853157916244,814.2857142856883,0.05283707644271682,27.22002397528965,6.944444444444445,41.66666666666667,73.50372655942982,3.8793196211125753,65.42056074766512,82.67716535433189,17.25660460666677,19.34261835431881,58.02404427605139,2.999802984950888,798.55086401021,289.2197079052211,2.7610527297534633,1087.7705719154312,73.4116995465376
S9,baseline,0,945.2,52.77294322656293,802.8571428571922,0.06452355359327572,32.92479233212926,13.88888888888889,55.55555555555556,73.6569166365388,4.677042636850125,64.81481481481237,82.67716535433189,17.862350539519525,23.433648600875152,70.85782375178319,3.0237640308874876,2420.729410377736,500.9991838326355,4.831803101672134,2921.7285942103713,82.85264466982308
S9,baseline,0,975.2,60.709923995640075,799.9999999999545,0.07497588312775713,36.23939363170688,16.666666666666664,55.55555555555556,74.51022031196726,5.582069662004852,63.92694063926892,87.86610878660511,23.93916814733619,25.776989494087758,81.89588851544671,3.1770928305739683,2159.1617619738213,334.1358493442484,6.461927884156222,2493.29761131807,86.5986375702815
S9,baseline,0,1005.2,97.91727709548032,802.8571428569649,0.12091766214545774,54.48714716656288,23.61111111111111,66.66666666666666,75.18534494425,9.251639617891964,59.32203389829617,99.52606635071025,40.20403245241408,38.785638529290665,132.9332936154873,3.4273844303245626,4090.2179424395345,802.648199557132,5.095903715595883,4892.866141996667,83.59554142166682
S9,baseline,0,1035.2,104.04678916641984,750.0,0.13382547226085625,51.86612804225946,20.0,61.33333333333333,78.46702952781908,9.89426089860844,59.32203389829617,99.52606635071025,40.20403245241408,36.919768609954524,142.43735239560675,3.8580239735630943,5029.601363600146,1110.8343692976462,4.527768947930772,6140.435732897792,81.90951884169593
S9,baseline,0,1065.2,70.57856142862093,774.285714285611,0.09048533516489866,38.16861979970611,18.666666666666668,64.0,77.5489729783731,7.042942718102584,64.12213740457837,92.51101321586904,28.388875811290674,27.160801492388014,96.04664246582661,3.536222688153893,2427.0092025625413,915.2224317326536,2.651824429136694,3342.231634295195,72.61642722959701
S9,baseline,0,1095.2,55.137985120625245,817.1428571426986,0.06765803092075574,39.431547506737466,23.61111111111111,62.5,73.95658598761206,4.997408102048151,64.51612903225364,84.84848484846458,20.332355816210935,28.077381672202243,72.74651500077556,2.59092944812577,1764.4098238326972,1373.4626347913675,1.2846434836581597,3137.8724586240646,56.22949457309615
S9,baseline,0,1125.2,81.25592821143974,827.1428571428032,0.09895611409584533,45.90691307428033,25.352112676056336,63.38028169014085,73.79638310309629,7.487152327417483,60.17191977076564,91.30434782608876,31.132428055323118,32.69087617056688,110.16514128437343,3.369904823277886,4692.135313438972,745.7371192566683,6.291942820435132,5437.87243269564,86.28623366056061
S9,baseline,0,1155.2,88.37015783056793,764.2857142857338,0.11339199037284156,41.86496296552685,16.216216216216218,68.91891891891892,77.93878679556776,8.542093553281683,60.17191977076564,92.71523178808003,32.54331201731439,29.654091847817867,121.40512520762933,4.094042934468185,4323.625099384728,428.89461084646274,10.080856672112663,4752.51971023119,90.97542699458687
S9,baseline,0,1185.2,53.89485251741225,735.7142857142662,0.07295764216242225,30.36461454695248,8.860759493670885,51.89873417721519,81.63841517939139,5.803106354552572,66.24605678233048,92.92035398229191,26.67429719996143,21.60582628738008,73.092397184569,3.3829947631885813,2324.199299530278,499.76996157186204,4.65053820405747,2823.96926110214,82.30257076605673
S9,stress,1,1872.2,46.35364890310692,692.1428571428123,0.06720185107328387,35.30011953770369,15.294117647058824,48.23529411764706,87.37388896657056,5.856989633446448,75.81227436824088,100.4784688995528,24.666194531311916,25.10771398949067,60.555133816109645,2.411813908723677,854.8598596561332,460.2647452194901,1.8573220489622104,1315.1246048756234,65.00219496212534
S9,stress,1,1902.2,51.592376688780135,700.0000000000455,0.07343043955414201,42.06847486336182,19.27710843373494,51.80722891566265,85.85261765721047,6.30475911826303,74.866310160417,103.44827586208194,28.58196570166494,29.90920630474986,66.55062766806846,2.225088388838309,588.7299888943137,1115.4005482046996,0.5278193469080753,1704.1305370990133,34.54723544221703
S9,stress,1,1932.2,54.388026405867784,708.5714285715312,0.07576532318749643,41.141925560498606,19.51219512195122,52.4390243902439,84.06022506220049,6.405075412469624,72.79029462738612,103.44827586208194,30.657981234695825,29.268849137049926,71.12980600875666,2.430222168138381,1241.680983755849,1206.7742701881466,1.0289256362436863,2448.4552539439956,50.71283135584108
S9,stress,1,1962.2,63.03136978549029,741.4285714285143,0.08421457422521812,38.3284451263645,20.77922077922078,55.84415584415584,80.71006981381544,6.5961653095767785,65.52262090483303,94.17040358744318,28.647782682610142,27.278478522771007,84.86337115359699,3.1110008970169054,1678.7496196979032,627.7290223418167,2.674322135744387,2306.47864203972,72.78409559488969
S9,stress,1,1992.2,66.15083711051791,754.2857142856292,0.08722344674428961,43.460197448428126,25.97402597402597,63.63636363636363,79.70476709037676,6.904214148846161,65.52262090483303,94.80812641080466,29.285505505971628,30.93160402220043,88.28987695913015,2.8543581799302156,2979.7353254941995,569.8514562448561,5.22896851949757,3549.5867817390554,83.94597762262154
S9,stress,1,2022.2,66.46843165101401,739.9999999997817,0.0901142956963436,40.122897935865616,25.0,66.25,82.01630920697633,7.594274499839851,68.73977086741367,101.6949152542122,32.95514438679854,28.513401744574484,89.57170721407257,3.1413897232067804,2601.8557125273637,723.9036695054433,3.594201579755633,3325.759382032807,78.23343223757303
S9,stress,1,2052.2,78.57211901716751,743.5714285713857,0.10595354134466838,46.32587055427121,29.11392405063291,65.82278481012658,81.82174145099006,8.780134353004913,66.77265500795434,101.6949152542122,34.92226024625786,32.9665886123034,106.11484254788782,3.2188602768648287,3265.3607710642364,832.8969352604394,3.9204859963174044,4098.257706324675,79.67680426794385
S9,stress,1,2082.2,84.79161359528042,737.1428571427714,0.11527340344221633,44.85834439955227,23.076923076923077,64.1025641025641,82.6662779503281,9.71652497427156,66.77265500795434,108.80829015546246,42.03563514750812,31.91630033889535,115.58799784086632,3.6215976354879396,3198.8110375945766,589.7156494510501,5.424327878312642,3788.5266870456267,84.43416931791702
S9,stress,1,2112.2,82.71901679855081,722.1428571426713,0.11510162605836435,38.216040150080346,17.94871794871795,58.97435897435898,84.62412565364966,10.059392815184433,67.85137318257684,108.80829015546246,40.95691697288562,27.19577576964522,113.77724403642866,4.183636642695886,3220.434622683305,493.6260489438034,6.524037030813043,3714.0606716271086,86.70926264843301
S9,stress,1,2142.2,91.67701938139778,751.4285714282778,0.12069542377219286,43.097421675807425,22.666666666666664,61.33333333333333,80.16972192793794,10.00054654659051,62.874251496986126,104.21836228289676,41.34411078591064,30.44891797739078,126.02466091730021,4.138887989743256,3934.0885320167604,1151.1010367494598,3.4176743886236505,5085.18956876622,77.36365535279853
S9,stress,1,2172.2,88.72854555454258,742.1428571431079,0.11687483021587038,46.11460849179705,27.27272727272727,66.23376623376623,80.06603608681088,9.011282195894086,62.874251496986126,95.02262443441691,32.148372937430786,32.82175339920289,121.11251833006772,3.6900075647088695,4111.224725405055,547.1183250769099,7.514324666107884,4658.343050481965,88.25508728859496
S9,stress,1,2202.2,75.5346901003186,742.1428571428805,0.10152362158081361,39.75241425924717,19.480519480519483,59.74025974025974,81.45554769591882,8.136885368923187,65.72769953050371,95.02262443441691,29.2949249039132,28.29241388161063,103.00736931818997,3.640812330443894,1144.3856258621418,708.4350956970287,1.6153711649987945,1852.8207215591706,61.76450924507837
S9,stress,1,2232.2,81.49158412947558,779.9999999999727,0.10384413426585104,48.722855929893285,23.28767123287671,60.273972602739725,77.2918564148316,8.189366009688891,63.926940639276665,95.02262443434847,31.095683795071807,34.659824964833234,109.91111454839277,3.171138765412447,3214.087350012687,1353.2287492498579,2.3751249386287188,4567.316099262544,70.3714671846699
S9,stress,1,2262.2,82.55260414944314,831.4285714286598,0.10136557153271779,48.20401932580293,23.943661971830984,64.7887323943662,74.47106056069323,8.024100729793387,62.78026905829545,95.02262443434847,32.24235537605302,34.31205273666048,111.59098503331684,3.2522386780458694,4080.761803757227,949.8577825924339,4.296181890113759,5030.6195863496605,81.11847325586243
S9,stress,1,2292.2,69.70204230316573,794.2857142857065,0.0882091652625331,37.52219420446748,16.216216216216218,58.108108108108105,76.5199727338497,6.795271487483651,63.926940639276665,91.30434782608876,27.377407186812093,26.668123082328258,94.89763228727259,3.5584668630150764,843.3078970681353,375.05379044507237,2.248498531550343,1218.3616875132077,69.21654757458822
S9,stress,1,2322.2,65.93473292242419,764.2857142857338,0.08632145827992681,39.632889987028655,16.883116883116884,51.94805194805194,79.12044925468051,6.7154303869151635,63.54009077155265,93.95973154359969,30.41964077204704,28.20325967838833,88.87831093476187,3.1513488847839732,3675.2760590930534,747.7748417188475,4.914950134782555,4423.050900811901,83.09368672240275
S9,stress,1,2352.2,71.41072106426884,782.8571428572104,0.0909481067360658,45.9966544743424,20.27027027027027,52.702702702702695,77.03862153530636,6.9907969441911035,63.44410876134343,93.95973154359969,30.51562278225626,32.74302610112297,95.53468693400737,2.917710984896746,2903.980586729217,1241.137943931299,2.339772626345522,4145.118530660517,70.05784189882921
S9,stress,1,2382.2,74.31482757827254,797.1428571431716,0.09353878736020786,46.147500872077146,26.38888888888889,50.0,76.20766662851828,7.535703527926183,62.499999999997634,103.70370370374562,41.20370370374798,32.75944368264365,99.86093353048756,3.048309809467097,3500.102154769347,1003.4111481197924,3.488203376380553,4503.51330288914,77.71936973127016
S9,stress,1,2412.2,91.17789059078383,809.9999999999454,0.11412107313107385,57.83436772389251,36.986301369863014,63.013698630136986,76.12324284697434,9.194718338851334,61.58357771262081,103.70370370374562,42.12012599112481,41.17793699998844,122.19326073722264,2.9674449387121298,6752.920437408707,1057.7420210508642,6.384279250530008,7810.662458459571,86.45771691356032
S9,stress,1,2442.2,104.85595460048137,742.8571428570194,0.14037698904438686,49.142758786422135,28.947368421052634,61.8421052631579,81.90602594753355,11.535671161069981,61.58357771262081,109.66057441256076,48.076996699939954,34.95887564035055,144.1090539984179,4.122245105391292,7724.247102036259,1011.8765773534673,7.633586224753611,8736.123679389726,88.41732770175075
S9,meditation,0,3509.2,82.42188162360075,784.2857142854882,0.103315462664132,42.2617370888819,16.666666666666664,55.55555555555556,75.97305222857688,7.5445202699569895,59.405940594073314,92.71523178804745,33.30929119397413,29.99952093131835,112.6355267428581,3.7545775147786085,5409.154336984951,1041.0372487129443,5.195927757313583,6450.191585697896,83.86036701574491
S9,meditation,0,3539.2,81.46851659081123,854.2857142856519,0.09532521018765391,49.76867255925492,29.411764705882355,72.05882352941177,70.84122360234934,6.803612828355498,58.659217877103615,86.24229979468728,27.58308191758367,35.405598746110236,109.6388707003315,3.096653483719909,4842.94222266451,747.9890893296046,6.474616129768769,5590.931311994114,86.62138653492383
S9,meditation,0,3569.2,82.80160280602088,867.1428571428805,0.09596679555798901,51.54186762412329,29.850746268656714,68.65671641791045,70.19053838566035,6.916176574634064,58.659217877103615,86.24229979468728,27.58308191758367,36.71900698953176,111.19318945059004,3.028218859030969,5012.723166765952,875.6330427047938,5.724684796363851,5888.356209470745,85.1294145334408
S9,meditation,0,3599.2,71.35301095615439,876.4285714285052,0.08179571132897309,40.738686437385134,16.417910447761194,50.74626865671642,69.26029020928661,5.971163461364935,60.08583690988094,83.8323353293681,23.746498419487168,28.977608069752772,96.6581738684007,3.3356160258545917,1914.503571244668,191.62158761607958,9.991064133548676,2106.1251588607474,90.90169989139049
S9,meditation,0,3629.2,75.64625863638716,862.8571428571377,0.08975631821156434,40.50662599478607,21.73913043478261,57.971014492753625,71.78473955253016,6.7302693447615605,61.67400881056494,86.95652173912356,25.282512928558617,28.850354194955816,103.01635770202688,3.5707137945654135,4670.326563399129,455.37466582714313,10.256008763500143,5125.701229226272,91.11585624166624
S9,meditation,0,3659.2,66.26103206799326,835.7142857144026,0.07942055453465037,36.20036563770454,17.142857142857142,54.285714285714285,72.37939030737184,5.947261555605076,61.67400881056494,86.95652173912356,25.282512928558617,25.749872676854118,90.09990454244146,3.4990427204492507,4852.793750363401,222.79606567581996,21.781326055481035,5075.589816039221,95.61043989465485
S9,meditation,0,3689.2,86.0942210510232,857.1428571428896,0.10197038581373745,42.27765577067163,13.043478260869565,50.72463768115942,71.89657656787121,8.350216940165803,60.957910014510894,96.77419354840413,35.816283533893234,30.113815221293706,117.97282708142019,3.917564951982594,3427.931511939977,1011.3911902114112,3.38932308795713,4439.3227021513885,77.21744378435768
S9,meditation,0,3719.2,84.92762515939567,852.8571428569194,0.1017036039328702,42.0782971421095,12.857142857142856,52.85714285714286,72.67208944408445,8.248350166421597,60.957910014510894,96.77419354840413,35.816283533893234,29.96859315722389,116.3068633168586,3.8809583989037866,3410.799434095665,715.6364919687865,4.766106078118264,4126.435926064451,82.65727361841488
S9,meditation,0,3749.2,49.72985606418232,821.4285714288962,0.061080560640316375,30.004723739986026,11.11111111111111,45.83333333333333,73.97435141672571,4.65213153556696,65.11627906975092,85.8895705521335,20.77329148238259,21.360649489653515,67.00626703308241,3.136902137059939,2282.618969133201,226.8989954816102,10.060066437439136,2509.5179646148113,90.9584629924561
S9,meditation,0,3779.2,41.59905053227161,812.8571428569558,0.05129365093863893,25.6585595465619,8.333333333333332,31.944444444444443,74.18294194635214,3.9637372923428913,68.18181818180973,85.8895705521335,17.707752370323774,18.264714976277816,55.92282358043366,3.061795579786826,411.54404273211145,275.6457744983479,1.4930177815389585,687.1898172304593,59.88797162197967
S9,meditation,0,3809.2,27.201061521912628,835.7142857144026,0.032502243820077145,13.6818543379347,0.0,15.942028985507244,71.767441903852,2.3148537191524543,66.35071090046516,76.2250453720415,9.874334471576347,9.744861864542372,37.213346571878475,3.8187659393390536,164.86961615297167,60.94023756468992,2.7054311361677503,225.8098537176616,73.01258711194872
S9,meditation,0,3839.2,44.53759969892226,847.1428571428987,0.052214035910044934,24.215791579555866,8.823529411764707,27.941176470588236,70.53762817121658,3.8290600022502956,63.44410876131292,84.33734939756695,20.893240636254035,17.237311122500834,60.581108269401845,3.514533551020142,533.1653670523817,114.09965013097286,4.672804574250413,647.2650171833545,82.37203508579994
S9,amusement,0,4058.2,55.047399463101044,739.2857142854155,0.07575996185729002,23.685390696081154,4.938271604938271,34.5679012345679,83.0891604365265,6.891562461896204,73.94366197182127,103.70370370366412,29.760041731842847,16.848787649280297,76.00362313764978,4.510925338945459,3963.3184363912123,213.34293519103954,18.577219033956897,4176.661371582252,94.8920222107875
S9,amusement,0,4088.2,42.87625969873396,735.7142857144936,0.058677896379962055,17.79345786674784,2.5,15.0,82.42238054138467,5.382705232266318,73.94366197182127,103.70370370366412,29.760041731842847,12.608345997303482,59.310849789215105,4.704094399209839,256.5456663741595,50.72209804283571,5.057867798715702,307.2677644169952,83.49254171225057
S9,amusement,0,4118.2,53.42156528711452,717.1428571427896,0.07517785552442417,20.77157762502705,4.878048780487805,21.951219512195124,84.89588690919749,6.241950772712667,69.88352745420866,99.5260663507478,29.642538896539136,14.776030940004349,74.09045947428665,5.014232832559624,674.4958008611202,110.66319998327744,6.095032503696303,785.1590008443976,85.90563187019892
S9,amusement,0,4148.2,53.8970763649237,715.7142857149665,0.0753850631166386,20.475920372055004,4.878048780487805,20.73170731707317,84.38775025209414,6.306466524886791,69.88352745420866,99.5260663507478,29.642538896539136,14.554574145631184,74.8194764270117,5.1406159794424555,3133.3085990192194,140.82744959023506,22.249274613267456,3274.1360486094545,95.69879053590196
S9,amusement,0,4178.2,25.691863407908986,720.0000000002547,0.03587869589461387,9.962598048712149,0.0,4.878048780487805,83.89892483353276,3.0750074444418565,79.09604519773416,92.92035398229191,13.824308784557758,7.0346691248037985,35.64627780071628,5.067228773423011,127.56207946696352,61.729083732087304,2.06648263273436,189.29116319905083,67.38934734783392
S9,amusement,0,4208.2,28.03375642786144,707.1428571425713,0.03998582062705844,10.866268989356556,0.0,5.952380952380952,85.71667090118102,3.443399239913722,78.65168539329648,92.92035398229191,14.268668588995439,7.714598372053233,38.88788977138306,5.040818445229454,337.06450061027095,45.32521246692628,7.436578501561934,382.38971307719726,88.14685361115454
S9,amusement,0,4238.2,31.85967919675737,697.1428571432625,0.04583627710440943,11.415809200773323,0.0,8.333333333333332,86.50521057710796,4.06165962473338,78.65168539329648,97.90209790195344,19.250412508656964,8.107655229443472,44.32092331756037,5.466552543651102,267.8031391383221,157.44731495554612,1.70090635851068,425.2504540938682,62.97539169216459
S9,amusement,0,4268.2,29.242911364648972,687.1428571430442,0.042756489534886984,9.884237402407548,0.0,5.813953488372093,87.88956729790924,3.8530370419137854,82.03124999992889,97.90209790195344,15.87084790202455,6.997873909877449,40.75936077642642,5.824534894647769,88.97422515047091,37.68590924095434,2.360941448475923,126.66013439142526,70.24643197954349
S9,amusement,0,4298.2,33.45231452601631,678.5714285715585,0.049908501244571385,12.71749558194517,0.0,7.954545454545454,89.74428812367519,4.6371674614969915,83.00395256910372,101.6949152542122,18.690962685108488,9.043689878336783,46.43626134476711,5.134658747642413,181.13303526116243,62.812147224899604,2.8837262100372647,243.94518248606204,74.25153201027513
S9,amusement,0,4328.2,38.40040181559824,700.0000000002728,0.055993803785854473,13.45304403308547,0.0,9.411764705882353,87.77838748384825,5.230079619310625,80.15267175574245,101.6949152542122,21.54224349846976,9.567730855937445,53.456900821756804,5.587207837120864,353.39915292941174,227.84549648561142,1.5510473473489483,581.2446494150231,60.80041395393147
S9,amusement,0,4358.2,27.034926273554508,694.2857142857974,0.0392197643605076,11.361145639906344,0.0,5.88235294117647,87.17636976064009,3.4585368019291978,80.15267175574245,95.45454545441522,15.301873698672779,8.047158495165249,37.376700193927576,4.644707845183313,117.36571148972806,32.268094689389976,3.6372061201468737,149.63380617911804,78.43529111946555
S9,meditation,0,4692.2,110.56045001361866,815.7142857144208,0.13445892284847177,45.005508908732246,21.12676056338028,60.56338028169014,74.3091416446737,10.211815798695811,56.98778833109385,97.67441860462637,40.686630273532515,31.958594840412214,153.05513526260438,4.7891697374962,5165.599655818107,987.2946290718976,5.2320751108248285,6152.894284890004,83.95398030002806
S9,meditation,0,4722.2,77.39594675931593,852.8571428569194,0.08977483737932149,45.94479698233643,25.0,52.94117647058824,70.16439008639206,6.483684703007692,56.98778833109385,89.3617021277495,32.37391379665564,32.72745552263217,104.44701434007516,3.1914187238860174,4978.0857243674745,519.7423338891226,9.57798778313382,5497.828058256597,90.54640617382391
S9,meditation,0,4752.2,76.98088027168666,824.2857142859066,0.0934685889014445,38.66881130745839,15.714285714285714,54.285714285714285,73.50941700332986,7.17976137917818,62.96851574211966,89.3617021277495,26.393186385629832,27.539421572864317,105.32659737331102,3.824575512402682,3849.8324849612936,230.67548737435186,16.689387020622572,4080.5079723356457,94.34689286387264
S9,meditation,0,4782.2,75.24326320024777,817.1428571426986,0.09148999916266616,35.7062365175011,14.084507042253522,64.7887323943662,73.5694599171353,6.829963293805824,62.96851574211966,87.68267223383778,24.714156491718114,25.421038767269383,103.32893158276876,4.06470138882794,3834.014781276616,186.93701419380642,20.509660956185552,4020.9517954704224,95.35092625570915
S9,meditation,0,4812.2,56.2778219087887,829.2857142860157,0.06801760687280758,29.939096942410078,11.267605633802818,47.88732394366197,72.84813724735083,4.960407889637654,63.44410876131292,83.6653386454262,20.221229884113285,21.32050936096444,76.67999972733244,3.596536950835015,2825.9396403594446,252.82404727903054,11.177495458889565,3078.763687638475,91.78813079113078
S9,meditation,0,4842.2,49.77938435046113,829.9999999999272,0.06034968660124208,27.498741026056216,8.571428571428571,41.42857142857143,73.00217371883765,4.4047687183450215,64.22018348624782,80.61420345486573,16.39401996861791,19.549522819787594,67.62980385998819,3.4594094435663054,2617.4477698135174,252.9779842373046,10.346543703021347,2870.425754050822,91.18674350380618
S9,meditation,0,4872.2,53.1489338791778,821.4285714288962,0.06505503855426849,27.406849212009508,7.042253521126761,46.478873239436616,73.75295952700495,4.875940082113342,65.01547987613317,84.00000000004584,18.984520123912674,19.510685746329766,72.58754360559662,3.720399403145087,2693.3757149771377,104.4460210587897,25.78725055941684,2797.821736035927,96.26688077680127
S9,meditation,0,4902.2,56.54351102597452,808.5714285716676,0.06976635068036414,29.578003256524923,9.722222222222223,47.22222222222222,74.3930870327167,5.2742492698532875,64.71494607088044,85.88957055207759,21.174624481197142,21.056417938909014,77.14249504566854,3.663609606794568,2121.529356441374,369.40530665358915,5.7430938815149295,2490.934663094963,85.17001219957307
S9,meditation,0,4932.2,52.639963315857266,808.5714285707581,0.06514973177291977,30.102338674117426,9.722222222222223,47.22222222222222,74.57244538538389,4.894988675182481,64.71494607088044,85.88957055207759,21.174624481197142,21.41872771146136,71.29635039054857,3.3286921310642192,1885.2330215180775,450.6359634957539,4.183494381792369,2335.8689850138317,80.70799490952247
S9,meditation,0,4962.2,49.84284780403754,815.7142857144208,0.06103303354308173,30.441293264287022,11.11111111111111,51.388888888888886,73.73888209785328,4.468947680316525,64.91499227204955,84.5070422535168,19.592049981467255,21.667785991254124,67.07552463209,3.095633520617382,760.8526311711869,482.45215996370064,1.5770530102475506,1243.3047911348876,61.19598642233826
S9,meditation,0,4992.2,50.18259640341508,845.7142857141662,0.05928602622642811,27.080128015450477,7.246376811594203,47.82608695652174,71.1340839867255,4.280012703660178,64.91499227204955,80.0,15.085007727950455,19.26118324196581,68.30514463563863,3.546259011067243,808.4506255658828,183.13626972639065,4.414475771368089,991.5868952922734,81.53099132351778
S9,meditation,0,5022.2,63.82026114040874,885.7142857150393,0.0741453459633849,33.54907176191874,13.23529411764706,47.05882352941176,70.12578521078778,5.754940322000493,63.34841628956565,86.95652173906625,23.6081054495006,23.86527764991081,87.04309269983804,3.647269224213838,1621.8390196264747,225.55201751529506,7.190532088751967,1847.3910371417699,87.79078099976805
